0,0.14459,0.971022,0.028397,0.900082,0.801729,0.304517,30063.9
1,0.14459,0.971022,0.028397,0.900082,0.801729,0.304517,30063.9
2,0.667521,0.431487,0.48559,0.403959,0.378383,0.348256,518.008
3,0.258159,0.434332,0.261982,0.728961,0.523283,0.19632,435
4,0.258159,0.434332,0.261982,0.728961,0.523283,0.19632,435
5,0.258159,0.434332,0.261982,0.728961,0.523283,0.19632,435
6,0.542701,0.429236,0.466765,0.607393,0.335458,0.387997,425.667
7,0.542701,0.429236,0.466765,0.607393,0.335458,0.387997,425.667
8,0.310745,0.426565,0.287885,0.685902,0.493428,0.21182,350.618
9,0.379931,0.577463,0.287885,0.685902,0.493428,0.21182,347.767
10,0.410021,0.584874,0.295356,0.672373,0.484871,0.218127,335.994
11,0.410021,0.584874,0.295356,0.672373,0.484871,0.218127,335.994
12,0.481495,0.574258,0.329168,0.611143,0.446143,0.246668,326.326
13,0.481495,0.574258,0.329168,0.611143,0.446143,0.246668,326.326
14,0.580799,0.470265,0.285044,0.550655,0.372171,0.232617,307.841
15,0.5591,0.459468,0.322179,0.582022,0.398989,0.246677,287.819
16,0.549589,0.383297,0.322179,0.582022,0.398989,0.246677,284.822
17,0.558331,0.387212,0.322179,0.582022,0.398989,0.246677,284.685
18,0.538206,0.414925,0.236935,0.667762,0.360996,0.173328,280.696
19,0.4947,0.368178,0.281649,0.626962,0.384309,0.215205,258.585
20,0.545254,0.423841,0.285457,0.625078,0.362991,0.220962,251.221
21,0.589477,0.320559,0.285457,0.625078,0.362991,0.220962,249.472
22,0.58692,0.366243,0.288955,0.645633,0.374015,0.226116,243.179
23,0.58692,0.366243,0.288955,0.645633,0.374015,0.226116,243.179
24,0.58692,0.366243,0.288955,0.645633,0.374015,0.226116,243.179
25,0.58692,0.366243,0.288955,0.645633,0.374015,0.226116,243.179
26,0.610062,0.31567,0.292278,0.642154,0.356917,0.228686,240.383
27,0.572453,0.342554,0.291815,0.64451,0.353732,0.232231,239.631
28,0.595655,0.315254,0.292918,0.645723,0.350906,0.231255,235.605
29,0.595655,0.315254,0.292918,0.645723,0.350906,0.231255,235.605
30,0.602011,0.307944,0.285125,0.653043,0.361761,0.226172,234.105
31,0.629986,0.350865,0.309488,0.672606,0.258972,0.241962,214.768
32,0.629986,0.350865,0.309488,0.672606,0.258972,0.241962,214.768
33,0.629986,0.350865,0.309488,0.672606,0.258972,0.241962,214.768
34,0.703823,0.322221,0.298626,0.661442,0.277508,0.238554,214.676
35,0.682354,0.330372,0.300277,0.663965,0.276176,0.23897,214.604
36,0.656825,0.34981,0.304097,0.667496,0.269069,0.240091,214.441
37,0.667205,0.335055,0.298623,0.670167,0.269465,0.238576,211.849
38,0.635641,0.292998,0.261671,0.68931,0.254086,0.21599,208.802
39,0.682183,0.263002,0.272209,0.683647,0.258522,0.222254,203.327
40,0.667332,0.319449,0.271648,0.69017,0.255946,0.217645,200.731
41,0.669194,0.321437,0.264688,0.669695,0.238371,0.213304,198.952
42,0.659857,0.30619,0.269672,0.690147,0.246833,0.216435,198.566
43,0.659857,0.30619,0.269672,0.690147,0.246833,0.216435,198.566
44,0.659857,0.30619,0.269672,0.690147,0.246833,0.216435,198.566
45,0.674622,0.325379,0.26981,0.697821,0.238141,0.21441,197.14
46,0.664445,0.314514,0.26899,0.695647,0.23987,0.215222,196.559
47,0.664445,0.314514,0.26899,0.695647,0.23987,0.215222,196.559
48,0.664445,0.314514,0.26899,0.695647,0.23987,0.215222,196.559
49,0.662689,0.335654,0.268552,0.69889,0.236584,0.216117,196.07
50,0.663267,0.322222,0.268721,0.697702,0.237735,0.21581,195.892
51,0.663267,0.322222,0.268721,0.697702,0.237735,0.21581,-nan
52,0.663267,0.322222,0.268721,0.697702,0.237735,0.21581,-nan
53,0.663267,0.322222,0.268721,0.697702,0.237735,0.21581,-nan
54,0.663267,0.322222,0.268721,0.697702,0.237735,0.21581,-nan
55,0.663267,0.322222,0.268721,0.697702,0.237735,0.21581,-nan
56,0.663267,0.322222,0.268721,0.697702,0.237735,0.21581,-nan
57,0.663267,0.322222,0.268721,0.697702,0.237735,0.21581,-nan
58,0.663267,0.322222,0.268721,0.697702,0.237735,0.21581,-nan
59,0.663267,0.322222,0.268721,0.697702,0.237735,0.21581,-nan
60,0.663267,0.322222,0.268721,0.697702,0.237735,0.21581,-nan
61,0.663267,0.322222,0.268721,0.697702,0.237735,0.21581,-nan
62,0.663267,0.322222,0.268721,0.697702,0.237735,0.21581,-nan
63,0.663267,0.322222,0.268721,0.697702,0.237735,0.21581,-nan
64,0.663267,0.322222,0.268721,0.697702,0.237735,0.21581,-nan
65,0.663267,0.322222,0.268721,0.697702,0.237735,0.21581,-nan
66,0.663267,0.322222,0.268721,0.697702,0.237735,0.21581,-nan
67,0.663267,0.322222,0.268721,0.697702,0.237735,0.21581,-nan
68,0.663267,0.322222,0.268721,0.697702,0.237735,0.21581,-nan
69,0.663267,0.322222,0.268721,0.697702,0.237735,0.21581,-nan
70,0.663267,0.322222,0.268721,0.697702,0.237735,0.21581,-nan
71,0.663267,0.322222,0.268721,0.697702,0.237735,0.21581,-nan
72,0.663267,0.322222,0.268721,0.697702,0.237735,0.21581,-nan
73,0.663267,0.322222,0.268721,0.697702,0.237735,0.21581,-nan
74,0.663267,0.322222,0.268721,0.697702,0.237735,0.21581,-nan
75,0.663267,0.322222,0.268721,0.697702,0.237735,0.21581,-nan
76,0.663267,0.322222,0.268721,0.697702,0.237735,0.21581,-nan
77,0.663267,0.322222,0.268721,0.697702,0.237735,0.21581,-nan
78,0.663267,0.322222,0.268721,0.697702,0.237735,0.21581,-nan
79,0.663267,0.322222,0.268721,0.697702,0.237735,0.21581,-nan
80,0.663267,0.322222,0.268721,0.697702,0.237735,0.21581,-nan
81,0.663267,0.322222,0.268721,0.697702,0.237735,0.21581,-nan
82,0.663267,0.322222,0.268721,0.697702,0.237735,0.21581,-nan
83,0.663267,0.322222,0.268721,0.697702,0.237735,0.21581,-nan
84,0.663267,0.322222,0.268721,0.697702,0.237735,0.21581,-nan
85,0.663267,0.322222,0.268721,0.697702,0.237735,0.21581,-nan
86,0.663267,0.322222,0.268721,0.697702,0.237735,0.21581,-nan
87,0.663267,0.322222,0.268721,0.697702,0.237735,0.21581,-nan
88,0.663267,0.322222,0.268721,0.697702,0.237735,0.21581,-nan
89,0.663267,0.322222,0.268721,0.697702,0.237735,0.21581,-nan
90,0.663267,0.322222,0.268721,0.697702,0.237735,0.21581,-nan
91,0.663267,0.322222,0.268721,0.697702,0.237735,0.21581,-nan
92,0.663267,0.322222,0.268721,0.697702,0.237735,0.21581,-nan
93,0.663267,0.322222,0.268721,0.697702,0.237735,0.21581,-nan
94,0.663267,0.322222,0.268721,0.697702,0.237735,0.21581,-nan
95,0.663267,0.322222,0.268721,0.697702,0.237735,0.21581,-nan
96,0.663267,0.322222,0.268721,0.697702,0.237735,0.21581,-nan
97,0.663267,0.322222,0.268721,0.697702,0.237735,0.21581,-nan
98,0.663267,0.322222,0.268721,0.697702,0.237735,0.21581,-nan
99,0.663267,0.322222,0.268721,0.697702,0.237735,0.21581,-nan
100,0.663267,0.322222,0.268721,0.697702,0.237735,0.21581,-nan
101,0.663267,0.322222,0.268721,0.697702,0.237735,0.21581,-nan
102,0.663267,0.322222,0.268721,0.697702,0.237735,0.21581,-nan
103,0.663267,0.322222,0.268721,0.697702,0.237735,0.21581,-nan
104,0.663267,0.322222,0.268721,0.697702,0.237735,0.21581,-nan
105,0.663267,0.322222,0.268721,0.697702,0.237735,0.21581,-nan
106,0.663267,0.322222,0.268721,0.697702,0.237735,0.21581,-nan
107,0.663267,0.322222,0.268721,0.697702,0.237735,0.21581,-nan
108,0.663267,0.322222,0.268721,0.697702,0.237735,0.21581,-nan
109,0.663267,0.322222,0.268721,0.697702,0.237735,0.21581,-nan
110,0.663267,0.322222,0.268721,0.697702,0.237735,0.21581,-nan
111,0.663267,0.322222,0.268721,0.697702,0.237735,0.21581,-nan
112,0.663267,0.322222,0.268721,0.697702,0.237735,0.21581,-nan
113,0.663267,0.322222,0.268721,0.697702,0.237735,0.21581,-nan
114,0.663267,0.322222,0.268721,0.697702,0.237735,0.21581,-nan
115,0.663267,0.322222,0.268721,0.697702,0.237735,0.21581,-nan
116,0.663267,0.322222,0.268721,0.697702,0.237735,0.21581,-nan
117,0.663267,0.322222,0.268721,0.697702,0.237735,0.21581,-nan
118,0.663267,0.322222,0.268721,0.697702,0.237735,0.21581,-nan
119,0.663267,0.322222,0.268721,0.697702,0.237735,0.21581,-nan
120,0.663267,0.322222,0.268721,0.697702,0.237735,0.21581,-nan
121,0.663267,0.322222,0.268721,0.697702,0.237735,0.21581,-nan
122,0.663267,0.322222,0.268721,0.697702,0.237735,0.21581,-nan
123,0.663267,0.322222,0.268721,0.697702,0.237735,0.21581,-nan
124,0.663267,0.322222,0.268721,0.697702,0.237735,0.21581,-nan
125,0.663267,0.322222,0.268721,0.697702,0.237735,0.21581,-nan
126,0.663267,0.322222,0.268721,0.697702,0.237735,0.21581,-nan
127,0.663267,0.322222,0.268721,0.697702,0.237735,0.21581,-nan
128,0.663267,0.322222,0.268721,0.697702,0.237735,0.21581,-nan
129,0.663267,0.322222,0.268721,0.697702,0.237735,0.21581,-nan
130,0.663267,0.322222,0.268721,0.697702,0.237735,0.21581,-nan
131,0.663267,0.322222,0.268721,0.697702,0.237735,0.21581,-nan
132,0.663267,0.322222,0.268721,0.697702,0.237735,0.21581,-nan
133,0.663267,0.322222,0.268721,0.697702,0.237735,0.21581,-nan
134,0.663267,0.322222,0.268721,0.697702,0.237735,0.21581,-nan
135,0.663267,0.322222,0.268721,0.697702,0.237735,0.21581,-nan
136,0.663267,0.322222,0.268721,0.697702,0.237735,0.21581,-nan
137,0.663267,0.322222,0.268721,0.697702,0.237735,0.21581,-nan
138,0.663267,0.322222,0.268721,0.697702,0.237735,0.21581,-nan
139,0.663267,0.322222,0.268721,0.697702,0.237735,0.21581,-nan
140,0.663267,0.322222,0.268721,0.697702,0.237735,0.21581,-nan
141,0.663267,0.322222,0.268721,0.697702,0.237735,0.21581,-nan
142,0.663267,0.322222,0.268721,0.697702,0.237735,0.21581,-nan
143,0.663267,0.322222,0.268721,0.697702,0.237735,0.21581,-nan
144,0.663267,0.322222,0.268721,0.697702,0.237735,0.21581,-nan
145,0.663267,0.322222,0.268721,0.697702,0.237735,0.21581,-nan
146,0.663267,0.322222,0.268721,0.697702,0.237735,0.21581,-nan
147,0.663267,0.322222,0.268721,0.697702,0.237735,0.21581,-nan
148,0.663267,0.322222,0.268721,0.697702,0.237735,0.21581,-nan
149,0.663267,0.322222,0.268721,0.697702,0.237735,0.21581,-nan
150,0.663267,0.322222,0.268721,0.697702,0.237735,0.21581,-nan
151,0.663267,0.322222,0.268721,0.697702,0.237735,0.21581,-nan
152,0.663267,0.322222,0.268721,0.697702,0.237735,0.21581,-nan
153,0.663267,0.322222,0.268721,0.697702,0.237735,0.21581,-nan
154,0.663267,0.322222,0.268721,0.697702,0.237735,0.21581,-nan
155,0.663267,0.322222,0.268721,0.697702,0.237735,0.21581,-nan
156,0.663267,0.322222,0.268721,0.697702,0.237735,0.21581,-nan
157,0.663267,0.322222,0.268721,0.697702,0.237735,0.21581,-nan
158,0.663267,0.322222,0.268721,0.697702,0.237735,0.21581,-nan
159,0.663267,0.322222,0.268721,0.697702,0.237735,0.21581,-nan
160,0.663267,0.322222,0.268721,0.697702,0.237735,0.21581,-nan
161,0.663267,0.322222,0.268721,0.697702,0.237735,0.21581,-nan
162,0.663267,0.322222,0.268721,0.697702,0.237735,0.21581,-nan
163,0.663267,0.322222,0.268721,0.697702,0.237735,0.21581,-nan
164,0.663267,0.322222,0.268721,0.697702,0.237735,0.21581,-nan
165,0.663267,0.322222,0.268721,0.697702,0.237735,0.21581,-nan
166,0.663267,0.322222,0.268721,0.697702,0.237735,0.21581,-nan
167,0.663267,0.322222,0.268721,0.697702,0.237735,0.21581,-nan
168,0.663267,0.322222,0.268721,0.697702,0.237735,0.21581,-nan
169,0.663267,0.322222,0.268721,0.697702,0.237735,0.21581,-nan
170,0.663267,0.322222,0.268721,0.697702,0.237735,0.21581,-nan
171,0.663267,0.322222,0.268721,0.697702,0.237735,0.21581,-nan
172,0.663267,0.322222,0.268721,0.697702,0.237735,0.21581,-nan
173,0.663267,0.322222,0.268721,0.697702,0.237735,0.21581,-nan
174,0.663267,0.322222,0.268721,0.697702,0.237735,0.21581,-nan
175,0.663267,0.322222,0.268721,0.697702,0.237735,0.21581,-nan
176,0.663267,0.322222,0.268721,0.697702,0.237735,0.21581,-nan
177,0.663267,0.322222,0.268721,0.697702,0.237735,0.21581,-nan
178,0.663267,0.322222,0.268721,0.697702,0.237735,0.21581,-nan
179,0.663267,0.322222,0.268721,0.697702,0.237735,0.21581,-nan
180,0.663267,0.322222,0.268721,0.697702,0.237735,0.21581,-nan
181,0.663267,0.322222,0.268721,0.697702,0.237735,0.21581,-nan
182,0.663267,0.322222,0.268721,0.697702,0.237735,0.21581,-nan
183,0.663267,0.322222,0.268721,0.697702,0.237735,0.21581,-nan
184,0.663267,0.322222,0.268721,0.697702,0.237735,0.21581,-nan
185,0.663267,0.322222,0.268721,0.697702,0.237735,0.21581,-nan
186,0.663267,0.322222,0.268721,0.697702,0.237735,0.21581,-nan
187,0.663267,0.322222,0.268721,0.697702,0.237735,0.21581,-nan
188,0.663267,0.322222,0.268721,0.697702,0.237735,0.21581,-nan
189,0.663267,0.322222,0.268721,0.697702,0.237735,0.21581,-nan
190,0.663267,0.322222,0.268721,0.697702,0.237735,0.21581,-nan
191,0.663267,0.322222,0.268721,0.697702,0.237735,0.21581,-nan
192,0.663267,0.322222,0.268721,0.697702,0.237735,0.21581,-nan
193,0.663267,0.322222,0.268721,0.697702,0.237735,0.21581,-nan
194,0.663267,0.322222,0.268721,0.697702,0.237735,0.21581,-nan
195,0.663267,0.322222,0.268721,0.697702,0.237735,0.21581,-nan
196,0.663267,0.322222,0.268721,0.697702,0.237735,0.21581,-nan
197,0.663267,0.322222,0.268721,0.697702,0.237735,0.21581,-nan
198,0.663267,0.322222,0.268721,0.697702,0.237735,0.21581,-nan
199,0.663267,0.322222,0.268721,0.697702,0.237735,0.21581,-nan
200,0.663267,0.322222,0.268721,0.697702,0.237735,0.21581,-nan
201,0.663267,0.322222,0.268721,0.697702,0.237735,0.21581,-nan
202,0.663267,0.322222,0.268721,0.697702,0.237735,0.21581,-nan
203,0.663267,0.322222,0.268721,0.697702,0.237735,0.21581,-nan
204,0.663267,0.322222,0.268721,0.697702,0.237735,0.21581,-nan
205,0.663267,0.322222,0.268721,0.697702,0.237735,0.21581,-nan
206,0.663267,0.322222,0.268721,0.697702,0.237735,0.21581,-nan
207,0.663267,0.322222,0.268721,0.697702,0.237735,0.21581,-nan
208,0.663267,0.322222,0.268721,0.697702,0.237735,0.21581,-nan
209,0.663267,0.322222,0.268721,0.697702,0.237735,0.21581,-nan
210,0.663267,0.322222,0.268721,0.697702,0.237735,0.21581,-nan
211,0.663267,0.322222,0.268721,0.697702,0.237735,0.21581,-nan
212,0.663267,0.322222,0.268721,0.697702,0.237735,0.21581,-nan
213,0.663267,0.322222,0.268721,0.697702,0.237735,0.21581,-nan
214,0.663267,0.322222,0.268721,0.697702,0.237735,0.21581,-nan
215,0.663267,0.322222,0.268721,0.697702,0.237735,0.21581,-nan
216,0.663267,0.322222,0.268721,0.697702,0.237735,0.21581,-nan
217,0.663267,0.322222,0.268721,0.697702,0.237735,0.21581,-nan
218,0.663267,0.322222,0.268721,0.697702,0.237735,0.21581,-nan
219,0.663267,0.322222,0.268721,0.697702,0.237735,0.21581,-nan
220,0.663267,0.322222,0.268721,0.697702,0.237735,0.21581,-nan
221,0.663267,0.322222,0.268721,0.697702,0.237735,0.21581,-nan
222,0.663267,0.322222,0.268721,0.697702,0.237735,0.21581,-nan
223,0.663267,0.322222,0.268721,0.697702,0.237735,0.21581,-nan
224,0.663267,0.322222,0.268721,0.697702,0.237735,0.21581,-nan
225,0.663267,0.322222,0.268721,0.697702,0.237735,0.21581,-nan
226,0.663267,0.322222,0.268721,0.697702,0.237735,0.21581,-nan
227,0.663267,0.322222,0.268721,0.697702,0.237735,0.21581,-nan
228,0.663267,0.322222,0.268721,0.697702,0.237735,0.21581,-nan
229,0.663267,0.322222,0.268721,0.697702,0.237735,0.21581,-nan
230,0.663267,0.322222,0.268721,0.697702,0.237735,0.21581,-nan
231,0.663267,0.322222,0.268721,0.697702,0.237735,0.21581,-nan
232,0.663267,0.322222,0.268721,0.697702,0.237735,0.21581,-nan
233,0.663267,0.322222,0.268721,0.697702,0.237735,0.21581,-nan
234,0.663267,0.322222,0.268721,0.697702,0.237735,0.21581,-nan
235,0.663267,0.322222,0.268721,0.697702,0.237735,0.21581,-nan
236,0.663267,0.322222,0.268721,0.697702,0.237735,0.21581,-nan
237,0.663267,0.322222,0.268721,0.697702,0.237735,0.21581,-nan
238,0.663267,0.322222,0.268721,0.697702,0.237735,0.21581,-nan
239,0.663267,0.322222,0.268721,0.697702,0.237735,0.21581,-nan
240,0.663267,0.322222,0.268721,0.697702,0.237735,0.21581,-nan
241,0.663267,0.322222,0.268721,0.697702,0.237735,0.21581,-nan
242,0.663267,0.322222,0.268721,0.697702,0.237735,0.21581,-nan
243,0.663267,0.322222,0.268721,0.697702,0.237735,0.21581,-nan
244,0.663267,0.322222,0.268721,0.697702,0.237735,0.21581,-nan
245,0.663267,0.322222,0.268721,0.697702,0.237735,0.21581,-nan
246,0.663267,0.322222,0.268721,0.697702,0.237735,0.21581,-nan
247,0.663267,0.322222,0.268721,0.697702,0.237735,0.21581,-nan
248,0.663267,0.322222,0.268721,0.697702,0.237735,0.21581,-nan
249,0.663267,0.322222,0.268721,0.697702,0.237735,0.21581,-nan
250,0.663267,0.322222,0.268721,0.697702,0.237735,0.21581,-nan
251,0.663267,0.322222,0.268721,0.697702,0.237735,0.21581,-nan
252,0.663267,0.322222,0.268721,0.697702,0.237735,0.21581,-nan
253,0.663267,0.322222,0.268721,0.697702,0.237735,0.21581,-nan
254,0.663267,0.322222,0.268721,0.697702,0.237735,0.21581,-nan
255,0.663267,0.322222,0.268721,0.697702,0.237735,0.21581,-nan
256,0.663267,0.322222,0.268721,0.697702,0.237735,0.21581,-nan
257,0.663267,0.322222,0.268721,0.697702,0.237735,0.21581,-nan
258,0.663267,0.322222,0.268721,0.697702,0.237735,0.21581,-nan
259,0.663267,0.322222,0.268721,0.697702,0.237735,0.21581,-nan
260,0.663267,0.322222,0.268721,0.697702,0.237735,0.21581,-nan
261,0.663267,0.322222,0.268721,0.697702,0.237735,0.21581,-nan
262,0.663267,0.322222,0.268721,0.697702,0.237735,0.21581,-nan
263,0.663267,0.322222,0.268721,0.697702,0.237735,0.21581,-nan
264,0.663267,0.322222,0.268721,0.697702,0.237735,0.21581,-nan
265,0.663267,0.322222,0.268721,0.697702,0.237735,0.21581,-nan
266,0.663267,0.322222,0.268721,0.697702,0.237735,0.21581,-nan
267,0.663267,0.322222,0.268721,0.697702,0.237735,0.21581,-nan
268,0.663267,0.322222,0.268721,0.697702,0.237735,0.21581,-nan
269,0.663267,0.322222,0.268721,0.697702,0.237735,0.21581,-nan
270,0.663267,0.322222,0.268721,0.697702,0.237735,0.21581,-nan
271,0.663267,0.322222,0.268721,0.697702,0.237735,0.21581,-nan
272,0.663267,0.322222,0.268721,0.697702,0.237735,0.21581,-nan
273,0.663267,0.322222,0.268721,0.697702,0.237735,0.21581,-nan
274,0.663267,0.322222,0.268721,0.697702,0.237735,0.21581,-nan
275,0.663267,0.322222,0.268721,0.697702,0.237735,0.21581,-nan
276,0.663267,0.322222,0.268721,0.697702,0.237735,0.21581,-nan
277,0.663267,0.322222,0.268721,0.697702,0.237735,0.21581,-nan
278,0.663267,0.322222,0.268721,0.697702,0.237735,0.21581,-nan
279,0.663267,0.322222,0.268721,0.697702,0.237735,0.21581,-nan
280,0.663267,0.322222,0.268721,0.697702,0.237735,0.21581,-nan
281,0.663267,0.322222,0.268721,0.697702,0.237735,0.21581,-nan
282,0.663267,0.322222,0.268721,0.697702,0.237735,0.21581,-nan
283,0.663267,0.322222,0.268721,0.697702,0.237735,0.21581,-nan
284,0.663267,0.322222,0.268721,0.697702,0.237735,0.21581,-nan
285,0.663267,0.322222,0.268721,0.697702,0.237735,0.21581,-nan
286,0.663267,0.322222,0.268721,0.697702,0.237735,0.21581,-nan
287,0.663267,0.322222,0.268721,0.697702,0.237735,0.21581,-nan
288,0.663267,0.322222,0.268721,0.697702,0.237735,0.21581,-nan
289,0.663267,0.322222,0.268721,0.697702,0.237735,0.21581,-nan
290,0.663267,0.322222,0.268721,0.697702,0.237735,0.21581,-nan
291,0.663267,0.322222,0.268721,0.697702,0.237735,0.21581,-nan
292,0.663267,0.322222,0.268721,0.697702,0.237735,0.21581,-nan
293,0.663267,0.322222,0.268721,0.697702,0.237735,0.21581,-nan
294,0.663267,0.322222,0.268721,0.697702,0.237735,0.21581,-nan
295,0.663267,0.322222,0.268721,0.697702,0.237735,0.21581,-nan
296,0.663267,0.322222,0.268721,0.697702,0.237735,0.21581,-nan
297,0.663267,0.322222,0.268721,0.697702,0.237735,0.21581,-nan
298,0.663267,0.322222,0.268721,0.697702,0.237735,0.21581,-nan
299,0.663267,0.322222,0.268721,0.697702,0.237735,0.21581,-nan
300,0.663267,0.322222,0.268721,0.697702,0.237735,0.21581,-nan
301,0.663267,0.322222,0.268721,0.697702,0.237735,0.21581,-nan
302,0.663267,0.322222,0.268721,0.697702,0.237735,0.21581,-nan
303,0.663267,0.322222,0.268721,0.697702,0.237735,0.21581,-nan
304,0.663267,0.322222,0.268721,0.697702,0.237735,0.21581,-nan
305,0.663267,0.322222,0.268721,0.697702,0.237735,0.21581,-nan
306,0.663267,0.322222,0.268721,0.697702,0.237735,0.21581,-nan
307,0.663267,0.322222,0.268721,0.697702,0.237735,0.21581,-nan
308,0.663267,0.322222,0.268721,0.697702,0.237735,0.21581,-nan
309,0.663267,0.322222,0.268721,0.697702,0.237735,0.21581,-nan
310,0.663267,0.322222,0.268721,0.697702,0.237735,0.21581,-nan
311,0.663267,0.322222,0.268721,0.697702,0.237735,0.21581,-nan
312,0.663267,0.322222,0.268721,0.697702,0.237735,0.21581,-nan
313,0.663267,0.322222,0.268721,0.697702,0.237735,0.21581,-nan
314,0.663267,0.322222,0.268721,0.697702,0.237735,0.21581,-nan
315,0.663267,0.322222,0.268721,0.697702,0.237735,0.21581,-nan
316,0.663267,0.322222,0.268721,0.697702,0.237735,0.21581,-nan
317,0.663267,0.322222,0.268721,0.697702,0.237735,0.21581,-nan
318,0.663267,0.322222,0.268721,0.697702,0.237735,0.21581,-nan
319,0.663267,0.322222,0.268721,0.697702,0.237735,0.21581,-nan
320,0.663267,0.322222,0.268721,0.697702,0.237735,0.21581,-nan
321,0.663267,0.322222,0.268721,0.697702,0.237735,0.21581,-nan
322,0.663267,0.322222,0.268721,0.697702,0.237735,0.21581,-nan
323,0.663267,0.322222,0.268721,0.697702,0.237735,0.21581,-nan
324,0.663267,0.322222,0.268721,0.697702,0.237735,0.21581,-nan
325,0.663267,0.322222,0.268721,0.697702,0.237735,0.21581,-nan
326,0.663267,0.322222,0.268721,0.697702,0.237735,0.21581,-nan
327,0.663267,0.322222,0.268721,0.697702,0.237735,0.21581,-nan
328,0.663267,0.322222,0.268721,0.697702,0.237735,0.21581,-nan
329,0.663267,0.322222,0.268721,0.697702,0.237735,0.21581,-nan
330,0.663267,0.322222,0.268721,0.697702,0.237735,0.21581,-nan
331,0.663267,0.322222,0.268721,0.697702,0.237735,0.21581,-nan
332,0.663267,0.322222,0.268721,0.697702,0.237735,0.21581,-nan
333,0.663267,0.322222,0.268721,0.697702,0.237735,0.21581,-nan
334,0.663267,0.322222,0.268721,0.697702,0.237735,0.21581,-nan
335,0.663267,0.322222,0.268721,0.697702,0.237735,0.21581,-nan
336,0.663267,0.322222,0.268721,0.697702,0.237735,0.21581,-nan
337,0.663267,0.322222,0.268721,0.697702,0.237735,0.21581,-nan
338,0.663267,0.322222,0.268721,0.697702,0.237735,0.21581,-nan
339,0.663267,0.322222,0.268721,0.697702,0.237735,0.21581,-nan
340,0.663267,0.322222,0.268721,0.697702,0.237735,0.21581,-nan
341,0.663267,0.322222,0.268721,0.697702,0.237735,0.21581,-nan
342,0.663267,0.322222,0.268721,0.697702,0.237735,0.21581,-nan
343,0.663267,0.322222,0.268721,0.697702,0.237735,0.21581,-nan
344,0.663267,0.322222,0.268721,0.697702,0.237735,0.21581,-nan
345,0.663267,0.322222,0.268721,0.697702,0.237735,0.21581,-nan
346,0.663267,0.322222,0.268721,0.697702,0.237735,0.21581,-nan
347,0.663267,0.322222,0.268721,0.697702,0.237735,0.21581,-nan
348,0.663267,0.322222,0.268721,0.697702,0.237735,0.21581,-nan
349,0.663267,0.322222,0.268721,0.697702,0.237735,0.21581,-nan
350,0.663267,0.322222,0.268721,0.697702,0.237735,0.21581,-nan
351,0.663267,0.322222,0.268721,0.697702,0.237735,0.21581,-nan
352,0.663267,0.322222,0.268721,0.697702,0.237735,0.21581,-nan
353,0.663267,0.322222,0.268721,0.697702,0.237735,0.21581,-nan
354,0.663267,0.322222,0.268721,0.697702,0.237735,0.21581,-nan
355,0.663267,0.322222,0.268721,0.697702,0.237735,0.21581,-nan
356,0.663267,0.322222,0.268721,0.697702,0.237735,0.21581,-nan
357,0.663267,0.322222,0.268721,0.697702,0.237735,0.21581,-nan
358,0.663267,0.322222,0.268721,0.697702,0.237735,0.21581,-nan
359,0.663267,0.322222,0.268721,0.697702,0.237735,0.21581,-nan
360,0.663267,0.322222,0.268721,0.697702,0.237735,0.21581,-nan
361,0.663267,0.322222,0.268721,0.697702,0.237735,0.21581,-nan
362,0.663267,0.322222,0.268721,0.697702,0.237735,0.21581,-nan
363,0.663267,0.322222,0.268721,0.697702,0.237735,0.21581,-nan
364,0.663267,0.322222,0.268721,0.697702,0.237735,0.21581,-nan
365,0.663267,0.322222,0.268721,0.697702,0.237735,0.21581,-nan
366,0.663267,0.322222,0.268721,0.697702,0.237735,0.21581,-nan
367,0.663267,0.322222,0.268721,0.697702,0.237735,0.21581,-nan
368,0.663267,0.322222,0.268721,0.697702,0.237735,0.21581,-nan
369,0.663267,0.322222,0.268721,0.697702,0.237735,0.21581,-nan
370,0.663267,0.322222,0.268721,0.697702,0.237735,0.21581,-nan
371,0.663267,0.322222,0.268721,0.697702,0.237735,0.21581,-nan
372,0.663267,0.322222,0.268721,0.697702,0.237735,0.21581,-nan
373,0.663267,0.322222,0.268721,0.697702,0.237735,0.21581,-nan
374,0.663267,0.322222,0.268721,0.697702,0.237735,0.21581,-nan
375,0.663267,0.322222,0.268721,0.697702,0.237735,0.21581,-nan
376,0.663267,0.322222,0.268721,0.697702,0.237735,0.21581,-nan
377,0.663267,0.322222,0.268721,0.697702,0.237735,0.21581,-nan
378,0.663267,0.322222,0.268721,0.697702,0.237735,0.21581,-nan
379,0.663267,0.322222,0.268721,0.697702,0.237735,0.21581,-nan
380,0.663267,0.322222,0.268721,0.697702,0.237735,0.21581,-nan
381,0.663267,0.322222,0.268721,0.697702,0.237735,0.21581,-nan
382,0.663267,0.322222,0.268721,0.697702,0.237735,0.21581,-nan
383,0.663267,0.322222,0.268721,0.697702,0.237735,0.21581,-nan
384,0.663267,0.322222,0.268721,0.697702,0.237735,0.21581,-nan
385,0.663267,0.322222,0.268721,0.697702,0.237735,0.21581,-nan
386,0.663267,0.322222,0.268721,0.697702,0.237735,0.21581,-nan
387,0.663267,0.322222,0.268721,0.697702,0.237735,0.21581,-nan
388,0.663267,0.322222,0.268721,0.697702,0.237735,0.21581,-nan
389,0.663267,0.322222,0.268721,0.697702,0.237735,0.21581,-nan
390,0.663267,0.322222,0.268721,0.697702,0.237735,0.21581,-nan
391,0.663267,0.322222,0.268721,0.697702,0.237735,0.21581,-nan
392,0.663267,0.322222,0.268721,0.697702,0.237735,0.21581,-nan
393,0.663267,0.322222,0.268721,0.697702,0.237735,0.21581,-nan
394,0.663267,0.322222,0.268721,0.697702,0.237735,0.21581,-nan
395,0.663267,0.322222,0.268721,0.697702,0.237735,0.21581,-nan
396,0.663267,0.322222,0.268721,0.697702,0.237735,0.21581,-nan
397,0.663267,0.322222,0.268721,0.697702,0.237735,0.21581,-nan
398,0.663267,0.322222,0.268721,0.697702,0.237735,0.21581,-nan
399,0.663267,0.322222,0.268721,0.697702,0.237735,0.21581,-nan
400,0.663267,0.322222,0.268721,0.697702,0.237735,0.21581,-nan
401,0.663267,0.322222,0.268721,0.697702,0.237735,0.21581,-nan
402,0.663267,0.322222,0.268721,0.697702,0.237735,0.21581,-nan
403,0.663267,0.322222,0.268721,0.697702,0.237735,0.21581,-nan
404,0.663267,0.322222,0.268721,0.697702,0.237735,0.21581,-nan
405,0.663267,0.322222,0.268721,0.697702,0.237735,0.21581,-nan
406,0.663267,0.322222,0.268721,0.697702,0.237735,0.21581,-nan
407,0.663267,0.322222,0.268721,0.697702,0.237735,0.21581,-nan
408,0.663267,0.322222,0.268721,0.697702,0.237735,0.21581,-nan
409,0.663267,0.322222,0.268721,0.697702,0.237735,0.21581,-nan
410,0.663267,0.322222,0.268721,0.697702,0.237735,0.21581,-nan
411,0.663267,0.322222,0.268721,0.697702,0.237735,0.21581,-nan
412,0.663267,0.322222,0.268721,0.697702,0.237735,0.21581,-nan
413,0.663267,0.322222,0.268721,0.697702,0.237735,0.21581,-nan
414,0.663267,0.322222,0.268721,0.697702,0.237735,0.21581,-nan
415,0.663267,0.322222,0.268721,0.697702,0.237735,0.21581,-nan
416,0.663267,0.322222,0.268721,0.697702,0.237735,0.21581,-nan
417,0.663267,0.322222,0.268721,0.697702,0.237735,0.21581,-nan
418,0.663267,0.322222,0.268721,0.697702,0.237735,0.21581,-nan
419,0.663267,0.322222,0.268721,0.697702,0.237735,0.21581,-nan
420,0.663267,0.322222,0.268721,0.697702,0.237735,0.21581,-nan
421,0.663267,0.322222,0.268721,0.697702,0.237735,0.21581,-nan
422,0.663267,0.322222,0.268721,0.697702,0.237735,0.21581,-nan
423,0.663267,0.322222,0.268721,0.697702,0.237735,0.21581,-nan
424,0.663267,0.322222,0.268721,0.697702,0.237735,0.21581,-nan
425,0.663267,0.322222,0.268721,0.697702,0.237735,0.21581,-nan
426,0.663267,0.322222,0.268721,0.697702,0.237735,0.21581,-nan
427,0.663267,0.322222,0.268721,0.697702,0.237735,0.21581,-nan
428,0.663267,0.322222,0.268721,0.697702,0.237735,0.21581,-nan
429,0.663267,0.322222,0.268721,0.697702,0.237735,0.21581,-nan
430,0.663267,0.322222,0.268721,0.697702,0.237735,0.21581,-nan
431,0.663267,0.322222,0.268721,0.697702,0.237735,0.21581,-nan
432,0.663267,0.322222,0.268721,0.697702,0.237735,0.21581,-nan
433,0.663267,0.322222,0.268721,0.697702,0.237735,0.21581,-nan
434,0.663267,0.322222,0.268721,0.697702,0.237735,0.21581,-nan
435,0.663267,0.322222,0.268721,0.697702,0.237735,0.21581,-nan
436,0.663267,0.322222,0.268721,0.697702,0.237735,0.21581,-nan
437,0.663267,0.322222,0.268721,0.697702,0.237735,0.21581,-nan
438,0.663267,0.322222,0.268721,0.697702,0.237735,0.21581,-nan
439,0.663267,0.322222,0.268721,0.697702,0.237735,0.21581,-nan
440,0.663267,0.322222,0.268721,0.697702,0.237735,0.21581,-nan
441,0.663267,0.322222,0.268721,0.697702,0.237735,0.21581,-nan
442,0.663267,0.322222,0.268721,0.697702,0.237735,0.21581,-nan
443,0.663267,0.322222,0.268721,0.697702,0.237735,0.21581,-nan
444,0.663267,0.322222,0.268721,0.697702,0.237735,0.21581,-nan
445,0.663267,0.322222,0.268721,0.697702,0.237735,0.21581,-nan
446,0.663267,0.322222,0.268721,0.697702,0.237735,0.21581,-nan
447,0.663267,0.322222,0.268721,0.697702,0.237735,0.21581,-nan
448,0.663267,0.322222,0.268721,0.697702,0.237735,0.21581,-nan
449,0.663267,0.322222,0.268721,0.697702,0.237735,0.21581,-nan
450,0.663267,0.322222,0.268721,0.697702,0.237735,0.21581,-nan
451,0.663267,0.322222,0.268721,0.697702,0.237735,0.21581,-nan
452,0.663267,0.322222,0.268721,0.697702,0.237735,0.21581,-nan
453,0.663267,0.322222,0.268721,0.697702,0.237735,0.21581,-nan
454,0.663267,0.322222,0.268721,0.697702,0.237735,0.21581,-nan
455,0.663267,0.322222,0.268721,0.697702,0.237735,0.21581,-nan
456,0.663267,0.322222,0.268721,0.697702,0.237735,0.21581,-nan
457,0.663267,0.322222,0.268721,0.697702,0.237735,0.21581,-nan
458,0.663267,0.322222,0.268721,0.697702,0.237735,0.21581,-nan
459,0.663267,0.322222,0.268721,0.697702,0.237735,0.21581,-nan
460,0.663267,0.322222,0.268721,0.697702,0.237735,0.21581,-nan
461,0.663267,0.322222,0.268721,0.697702,0.237735,0.21581,-nan
462,0.663267,0.322222,0.268721,0.697702,0.237735,0.21581,-nan
463,0.663267,0.322222,0.268721,0.697702,0.237735,0.21581,-nan
464,0.663267,0.322222,0.268721,0.697702,0.237735,0.21581,-nan
465,0.663267,0.322222,0.268721,0.697702,0.237735,0.21581,-nan
466,0.663267,0.322222,0.268721,0.697702,0.237735,0.21581,-nan
467,0.663267,0.322222,0.268721,0.697702,0.237735,0.21581,-nan
468,0.663267,0.322222,0.268721,0.697702,0.237735,0.21581,-nan
469,0.663267,0.322222,0.268721,0.697702,0.237735,0.21581,-nan
470,0.663267,0.322222,0.268721,0.697702,0.237735,0.21581,-nan
471,0.663267,0.322222,0.268721,0.697702,0.237735,0.21581,-nan
472,0.663267,0.322222,0.268721,0.697702,0.237735,0.21581,-nan
473,0.663267,0.322222,0.268721,0.697702,0.237735,0.21581,-nan
474,0.663267,0.322222,0.268721,0.697702,0.237735,0.21581,-nan
475,0.663267,0.322222,0.268721,0.697702,0.237735,0.21581,-nan
476,0.663267,0.322222,0.268721,0.697702,0.237735,0.21581,-nan
477,0.663267,0.322222,0.268721,0.697702,0.237735,0.21581,-nan
478,0.663267,0.322222,0.268721,0.697702,0.237735,0.21581,-nan
479,0.663267,0.322222,0.268721,0.697702,0.237735,0.21581,-nan
480,0.663267,0.322222,0.268721,0.697702,0.237735,0.21581,-nan
481,0.663267,0.322222,0.268721,0.697702,0.237735,0.21581,-nan
482,0.663267,0.322222,0.268721,0.697702,0.237735,0.21581,-nan
483,0.663267,0.322222,0.268721,0.697702,0.237735,0.21581,-nan
484,0.663267,0.322222,0.268721,0.697702,0.237735,0.21581,-nan
485,0.663267,0.322222,0.268721,0.697702,0.237735,0.21581,-nan
486,0.663267,0.322222,0.268721,0.697702,0.237735,0.21581,-nan
487,0.663267,0.322222,0.268721,0.697702,0.237735,0.21581,-nan
488,0.663267,0.322222,0.268721,0.697702,0.237735,0.21581,-nan
489,0.663267,0.322222,0.268721,0.697702,0.237735,0.21581,-nan
490,0.663267,0.322222,0.268721,0.697702,0.237735,0.21581,-nan
491,0.663267,0.322222,0.268721,0.697702,0.237735,0.21581,-nan
492,0.663267,0.322222,0.268721,0.697702,0.237735,0.21581,-nan
493,0.663267,0.322222,0.268721,0.697702,0.237735,0.21581,-nan
494,0.663267,0.322222,0.268721,0.697702,0.237735,0.21581,-nan
495,0.663267,0.322222,0.268721,0.697702,0.237735,0.21581,-nan
496,0.663267,0.322222,0.268721,0.697702,0.237735,0.21581,-nan
497,0.663267,0.322222,0.268721,0.697702,0.237735,0.21581,-nan
498,0.663267,0.322222,0.268721,0.697702,0.237735,0.21581,-nan
499,0.663267,0.322222,0.268721,0.697702,0.237735,0.21581,-nan
500,0.663267,0.322222,0.268721,0.697702,0.237735,0.21581,-nan
501,0.663267,0.322222,0.268721,0.697702,0.237735,0.21581,-nan
502,0.663267,0.322222,0.268721,0.697702,0.237735,0.21581,-nan
503,0.663267,0.322222,0.268721,0.697702,0.237735,0.21581,-nan
504,0.663267,0.322222,0.268721,0.697702,0.237735,0.21581,-nan
505,0.663267,0.322222,0.268721,0.697702,0.237735,0.21581,-nan
506,0.663267,0.322222,0.268721,0.697702,0.237735,0.21581,-nan
507,0.663267,0.322222,0.268721,0.697702,0.237735,0.21581,-nan
508,0.663267,0.322222,0.268721,0.697702,0.237735,0.21581,-nan
509,0.663267,0.322222,0.268721,0.697702,0.237735,0.21581,-nan
510,0.663267,0.322222,0.268721,0.697702,0.237735,0.21581,-nan
511,0.663267,0.322222,0.268721,0.697702,0.237735,0.21581,-nan
512,0.663267,0.322222,0.268721,0.697702,0.237735,0.21581,-nan
513,0.663267,0.322222,0.268721,0.697702,0.237735,0.21581,-nan
514,0.663267,0.322222,0.268721,0.697702,0.237735,0.21581,-nan
515,0.663267,0.322222,0.268721,0.697702,0.237735,0.21581,-nan
516,0.663267,0.322222,0.268721,0.697702,0.237735,0.21581,-nan
517,0.663267,0.322222,0.268721,0.697702,0.237735,0.21581,-nan
518,0.663267,0.322222,0.268721,0.697702,0.237735,0.21581,-nan
519,0.663267,0.322222,0.268721,0.697702,0.237735,0.21581,-nan
520,0.663267,0.322222,0.268721,0.697702,0.237735,0.21581,-nan
521,0.663267,0.322222,0.268721,0.697702,0.237735,0.21581,-nan
522,0.663267,0.322222,0.268721,0.697702,0.237735,0.21581,-nan
523,0.663267,0.322222,0.268721,0.697702,0.237735,0.21581,-nan
524,0.663267,0.322222,0.268721,0.697702,0.237735,0.21581,-nan
525,0.663267,0.322222,0.268721,0.697702,0.237735,0.21581,-nan
526,0.663267,0.322222,0.268721,0.697702,0.237735,0.21581,-nan
527,0.663267,0.322222,0.268721,0.697702,0.237735,0.21581,-nan
528,0.663267,0.322222,0.268721,0.697702,0.237735,0.21581,-nan
529,0.663267,0.322222,0.268721,0.697702,0.237735,0.21581,-nan
530,0.663267,0.322222,0.268721,0.697702,0.237735,0.21581,-nan
531,0.663267,0.322222,0.268721,0.697702,0.237735,0.21581,-nan
532,0.663267,0.322222,0.268721,0.697702,0.237735,0.21581,-nan
533,0.663267,0.322222,0.268721,0.697702,0.237735,0.21581,-nan
534,0.663267,0.322222,0.268721,0.697702,0.237735,0.21581,-nan
535,0.663267,0.322222,0.268721,0.697702,0.237735,0.21581,-nan
536,0.663267,0.322222,0.268721,0.697702,0.237735,0.21581,-nan
537,0.663267,0.322222,0.268721,0.697702,0.237735,0.21581,-nan
538,0.663267,0.322222,0.268721,0.697702,0.237735,0.21581,-nan
539,0.663267,0.322222,0.268721,0.697702,0.237735,0.21581,-nan
540,0.663267,0.322222,0.268721,0.697702,0.237735,0.21581,-nan
541,0.663267,0.322222,0.268721,0.697702,0.237735,0.21581,-nan
542,0.663267,0.322222,0.268721,0.697702,0.237735,0.21581,-nan
543,0.663267,0.322222,0.268721,0.697702,0.237735,0.21581,-nan
544,0.663267,0.322222,0.268721,0.697702,0.237735,0.21581,-nan
545,0.663267,0.322222,0.268721,0.697702,0.237735,0.21581,-nan
546,0.663267,0.322222,0.268721,0.697702,0.237735,0.21581,-nan
547,0.663267,0.322222,0.268721,0.697702,0.237735,0.21581,-nan
548,0.663267,0.322222,0.268721,0.697702,0.237735,0.21581,-nan
549,0.663267,0.322222,0.268721,0.697702,0.237735,0.21581,-nan
550,0.663267,0.322222,0.268721,0.697702,0.237735,0.21581,-nan
551,0.663267,0.322222,0.268721,0.697702,0.237735,0.21581,-nan
552,0.663267,0.322222,0.268721,0.697702,0.237735,0.21581,-nan
553,0.663267,0.322222,0.268721,0.697702,0.237735,0.21581,-nan
554,0.663267,0.322222,0.268721,0.697702,0.237735,0.21581,-nan
555,0.663267,0.322222,0.268721,0.697702,0.237735,0.21581,-nan
556,0.663267,0.322222,0.268721,0.697702,0.237735,0.21581,-nan
557,0.663267,0.322222,0.268721,0.697702,0.237735,0.21581,-nan
558,0.663267,0.322222,0.268721,0.697702,0.237735,0.21581,-nan
559,0.663267,0.322222,0.268721,0.697702,0.237735,0.21581,-nan
560,0.663267,0.322222,0.268721,0.697702,0.237735,0.21581,-nan
561,0.663267,0.322222,0.268721,0.697702,0.237735,0.21581,-nan
562,0.663267,0.322222,0.268721,0.697702,0.237735,0.21581,-nan
563,0.663267,0.322222,0.268721,0.697702,0.237735,0.21581,-nan
564,0.663267,0.322222,0.268721,0.697702,0.237735,0.21581,-nan
565,0.663267,0.322222,0.268721,0.697702,0.237735,0.21581,-nan
566,0.663267,0.322222,0.268721,0.697702,0.237735,0.21581,-nan
567,0.663267,0.322222,0.268721,0.697702,0.237735,0.21581,-nan
568,0.663267,0.322222,0.268721,0.697702,0.237735,0.21581,-nan
569,0.663267,0.322222,0.268721,0.697702,0.237735,0.21581,-nan
570,0.663267,0.322222,0.268721,0.697702,0.237735,0.21581,-nan
571,0.663267,0.322222,0.268721,0.697702,0.237735,0.21581,-nan
572,0.663267,0.322222,0.268721,0.697702,0.237735,0.21581,-nan
573,0.663267,0.322222,0.268721,0.697702,0.237735,0.21581,-nan
574,0.663267,0.322222,0.268721,0.697702,0.237735,0.21581,-nan
575,0.663267,0.322222,0.268721,0.697702,0.237735,0.21581,-nan
576,0.663267,0.322222,0.268721,0.697702,0.237735,0.21581,-nan
577,0.663267,0.322222,0.268721,0.697702,0.237735,0.21581,-nan
578,0.663267,0.322222,0.268721,0.697702,0.237735,0.21581,-nan
579,0.663267,0.322222,0.268721,0.697702,0.237735,0.21581,-nan
580,0.663267,0.322222,0.268721,0.697702,0.237735,0.21581,-nan
581,0.663267,0.322222,0.268721,0.697702,0.237735,0.21581,-nan
582,0.663267,0.322222,0.268721,0.697702,0.237735,0.21581,-nan
583,0.663267,0.322222,0.268721,0.697702,0.237735,0.21581,-nan
584,0.663267,0.322222,0.268721,0.697702,0.237735,0.21581,-nan
585,0.663267,0.322222,0.268721,0.697702,0.237735,0.21581,-nan
586,0.663267,0.322222,0.268721,0.697702,0.237735,0.21581,-nan
587,0.663267,0.322222,0.268721,0.697702,0.237735,0.21581,-nan
588,0.663267,0.322222,0.268721,0.697702,0.237735,0.21581,-nan
589,0.663267,0.322222,0.268721,0.697702,0.237735,0.21581,-nan
590,0.663267,0.322222,0.268721,0.697702,0.237735,0.21581,-nan
591,0.663267,0.322222,0.268721,0.697702,0.237735,0.21581,-nan
592,0.663267,0.322222,0.268721,0.697702,0.237735,0.21581,-nan
593,0.663267,0.322222,0.268721,0.697702,0.237735,0.21581,-nan
594,0.663267,0.322222,0.268721,0.697702,0.237735,0.21581,-nan
595,0.663267,0.322222,0.268721,0.697702,0.237735,0.21581,-nan
596,0.663267,0.322222,0.268721,0.697702,0.237735,0.21581,-nan
597,0.663267,0.322222,0.268721,0.697702,0.237735,0.21581,-nan
598,0.663267,0.322222,0.268721,0.697702,0.237735,0.21581,-nan
599,0.663267,0.322222,0.268721,0.697702,0.237735,0.21581,-nan
600,0.663267,0.322222,0.268721,0.697702,0.237735,0.21581,-nan
601,0.663267,0.322222,0.268721,0.697702,0.237735,0.21581,-nan
602,0.663267,0.322222,0.268721,0.697702,0.237735,0.21581,-nan
603,0.663267,0.322222,0.268721,0.697702,0.237735,0.21581,-nan
604,0.663267,0.322222,0.268721,0.697702,0.237735,0.21581,-nan
605,0.663267,0.322222,0.268721,0.697702,0.237735,0.21581,-nan
606,0.663267,0.322222,0.268721,0.697702,0.237735,0.21581,-nan
607,0.663267,0.322222,0.268721,0.697702,0.237735,0.21581,-nan
608,0.663267,0.322222,0.268721,0.697702,0.237735,0.21581,-nan
609,0.663267,0.322222,0.268721,0.697702,0.237735,0.21581,-nan
610,0.663267,0.322222,0.268721,0.697702,0.237735,0.21581,-nan
611,0.663267,0.322222,0.268721,0.697702,0.237735,0.21581,-nan
612,0.663267,0.322222,0.268721,0.697702,0.237735,0.21581,-nan
613,0.663267,0.322222,0.268721,0.697702,0.237735,0.21581,-nan
614,0.663267,0.322222,0.268721,0.697702,0.237735,0.21581,-nan
615,0.663267,0.322222,0.268721,0.697702,0.237735,0.21581,-nan
616,0.663267,0.322222,0.268721,0.697702,0.237735,0.21581,-nan
617,0.663267,0.322222,0.268721,0.697702,0.237735,0.21581,-nan
618,0.663267,0.322222,0.268721,0.697702,0.237735,0.21581,-nan
619,0.663267,0.322222,0.268721,0.697702,0.237735,0.21581,-nan
620,0.663267,0.322222,0.268721,0.697702,0.237735,0.21581,-nan
621,0.663267,0.322222,0.268721,0.697702,0.237735,0.21581,-nan
622,0.663267,0.322222,0.268721,0.697702,0.237735,0.21581,-nan
623,0.663267,0.322222,0.268721,0.697702,0.237735,0.21581,-nan
624,0.663267,0.322222,0.268721,0.697702,0.237735,0.21581,-nan
625,0.663267,0.322222,0.268721,0.697702,0.237735,0.21581,-nan
626,0.663267,0.322222,0.268721,0.697702,0.237735,0.21581,-nan
627,0.663267,0.322222,0.268721,0.697702,0.237735,0.21581,-nan
628,0.663267,0.322222,0.268721,0.697702,0.237735,0.21581,-nan
629,0.663267,0.322222,0.268721,0.697702,0.237735,0.21581,-nan
630,0.663267,0.322222,0.268721,0.697702,0.237735,0.21581,-nan
631,0.663267,0.322222,0.268721,0.697702,0.237735,0.21581,-nan
632,0.663267,0.322222,0.268721,0.697702,0.237735,0.21581,-nan
633,0.663267,0.322222,0.268721,0.697702,0.237735,0.21581,-nan
634,0.663267,0.322222,0.268721,0.697702,0.237735,0.21581,-nan
635,0.663267,0.322222,0.268721,0.697702,0.237735,0.21581,-nan
636,0.663267,0.322222,0.268721,0.697702,0.237735,0.21581,-nan
637,0.663267,0.322222,0.268721,0.697702,0.237735,0.21581,-nan
638,0.663267,0.322222,0.268721,0.697702,0.237735,0.21581,-nan
639,0.663267,0.322222,0.268721,0.697702,0.237735,0.21581,-nan
640,0.663267,0.322222,0.268721,0.697702,0.237735,0.21581,-nan
641,0.663267,0.322222,0.268721,0.697702,0.237735,0.21581,-nan
642,0.663267,0.322222,0.268721,0.697702,0.237735,0.21581,-nan
643,0.663267,0.322222,0.268721,0.697702,0.237735,0.21581,-nan
644,0.663267,0.322222,0.268721,0.697702,0.237735,0.21581,-nan
645,0.663267,0.322222,0.268721,0.697702,0.237735,0.21581,-nan
646,0.663267,0.322222,0.268721,0.697702,0.237735,0.21581,-nan
647,0.663267,0.322222,0.268721,0.697702,0.237735,0.21581,-nan
648,0.663267,0.322222,0.268721,0.697702,0.237735,0.21581,-nan
649,0.663267,0.322222,0.268721,0.697702,0.237735,0.21581,-nan
650,0.663267,0.322222,0.268721,0.697702,0.237735,0.21581,-nan
651,0.663267,0.322222,0.268721,0.697702,0.237735,0.21581,-nan
652,0.663267,0.322222,0.268721,0.697702,0.237735,0.21581,-nan
653,0.663267,0.322222,0.268721,0.697702,0.237735,0.21581,-nan
654,0.663267,0.322222,0.268721,0.697702,0.237735,0.21581,-nan
655,0.663267,0.322222,0.268721,0.697702,0.237735,0.21581,-nan
656,0.663267,0.322222,0.268721,0.697702,0.237735,0.21581,-nan
657,0.663267,0.322222,0.268721,0.697702,0.237735,0.21581,-nan
658,0.663267,0.322222,0.268721,0.697702,0.237735,0.21581,-nan
659,0.663267,0.322222,0.268721,0.697702,0.237735,0.21581,-nan
660,0.663267,0.322222,0.268721,0.697702,0.237735,0.21581,-nan
661,0.663267,0.322222,0.268721,0.697702,0.237735,0.21581,-nan
662,0.663267,0.322222,0.268721,0.697702,0.237735,0.21581,-nan
663,0.663267,0.322222,0.268721,0.697702,0.237735,0.21581,-nan
664,0.663267,0.322222,0.268721,0.697702,0.237735,0.21581,-nan
665,0.663267,0.322222,0.268721,0.697702,0.237735,0.21581,-nan
666,0.663267,0.322222,0.268721,0.697702,0.237735,0.21581,-nan
667,0.663267,0.322222,0.268721,0.697702,0.237735,0.21581,-nan
668,0.663267,0.322222,0.268721,0.697702,0.237735,0.21581,-nan
669,0.663267,0.322222,0.268721,0.697702,0.237735,0.21581,-nan
670,0.663267,0.322222,0.268721,0.697702,0.237735,0.21581,-nan
671,0.663267,0.322222,0.268721,0.697702,0.237735,0.21581,-nan
672,0.663267,0.322222,0.268721,0.697702,0.237735,0.21581,-nan
673,0.663267,0.322222,0.268721,0.697702,0.237735,0.21581,-nan
674,0.663267,0.322222,0.268721,0.697702,0.237735,0.21581,-nan
675,0.663267,0.322222,0.268721,0.697702,0.237735,0.21581,-nan
676,0.663267,0.322222,0.268721,0.697702,0.237735,0.21581,-nan
677,0.663267,0.322222,0.268721,0.697702,0.237735,0.21581,-nan
678,0.663267,0.322222,0.268721,0.697702,0.237735,0.21581,-nan
679,0.663267,0.322222,0.268721,0.697702,0.237735,0.21581,-nan
680,0.663267,0.322222,0.268721,0.697702,0.237735,0.21581,-nan
681,0.663267,0.322222,0.268721,0.697702,0.237735,0.21581,-nan
682,0.663267,0.322222,0.268721,0.697702,0.237735,0.21581,-nan
683,0.663267,0.322222,0.268721,0.697702,0.237735,0.21581,-nan
684,0.663267,0.322222,0.268721,0.697702,0.237735,0.21581,-nan
685,0.663267,0.322222,0.268721,0.697702,0.237735,0.21581,-nan
686,0.663267,0.322222,0.268721,0.697702,0.237735,0.21581,-nan
687,0.663267,0.322222,0.268721,0.697702,0.237735,0.21581,-nan
688,0.663267,0.322222,0.268721,0.697702,0.237735,0.21581,-nan
689,0.663267,0.322222,0.268721,0.697702,0.237735,0.21581,-nan
690,0.663267,0.322222,0.268721,0.697702,0.237735,0.21581,-nan
691,0.663267,0.322222,0.268721,0.697702,0.237735,0.21581,-nan
692,0.663267,0.322222,0.268721,0.697702,0.237735,0.21581,-nan
693,0.663267,0.322222,0.268721,0.697702,0.237735,0.21581,-nan
694,0.663267,0.322222,0.268721,0.697702,0.237735,0.21581,-nan
695,0.663267,0.322222,0.268721,0.697702,0.237735,0.21581,-nan
696,0.663267,0.322222,0.268721,0.697702,0.237735,0.21581,-nan
697,0.663267,0.322222,0.268721,0.697702,0.237735,0.21581,-nan
698,0.663267,0.322222,0.268721,0.697702,0.237735,0.21581,-nan
699,0.663267,0.322222,0.268721,0.697702,0.237735,0.21581,-nan
700,0.663267,0.322222,0.268721,0.697702,0.237735,0.21581,-nan
701,0.663267,0.322222,0.268721,0.697702,0.237735,0.21581,-nan
702,0.663267,0.322222,0.268721,0.697702,0.237735,0.21581,-nan
703,0.663267,0.322222,0.268721,0.697702,0.237735,0.21581,-nan
704,0.663267,0.322222,0.268721,0.697702,0.237735,0.21581,-nan
705,0.663267,0.322222,0.268721,0.697702,0.237735,0.21581,-nan
706,0.663267,0.322222,0.268721,0.697702,0.237735,0.21581,-nan
707,0.663267,0.322222,0.268721,0.697702,0.237735,0.21581,-nan
708,0.663267,0.322222,0.268721,0.697702,0.237735,0.21581,-nan
709,0.663267,0.322222,0.268721,0.697702,0.237735,0.21581,-nan
710,0.663267,0.322222,0.268721,0.697702,0.237735,0.21581,-nan
711,0.663267,0.322222,0.268721,0.697702,0.237735,0.21581,-nan
712,0.663267,0.322222,0.268721,0.697702,0.237735,0.21581,-nan
713,0.663267,0.322222,0.268721,0.697702,0.237735,0.21581,-nan
714,0.663267,0.322222,0.268721,0.697702,0.237735,0.21581,-nan
715,0.663267,0.322222,0.268721,0.697702,0.237735,0.21581,-nan
716,0.663267,0.322222,0.268721,0.697702,0.237735,0.21581,-nan
717,0.663267,0.322222,0.268721,0.697702,0.237735,0.21581,-nan
718,0.663267,0.322222,0.268721,0.697702,0.237735,0.21581,-nan
719,0.663267,0.322222,0.268721,0.697702,0.237735,0.21581,-nan
720,0.663267,0.322222,0.268721,0.697702,0.237735,0.21581,-nan
721,0.663267,0.322222,0.268721,0.697702,0.237735,0.21581,-nan
722,0.663267,0.322222,0.268721,0.697702,0.237735,0.21581,-nan
723,0.663267,0.322222,0.268721,0.697702,0.237735,0.21581,-nan
724,0.663267,0.322222,0.268721,0.697702,0.237735,0.21581,-nan
725,0.663267,0.322222,0.268721,0.697702,0.237735,0.21581,-nan
726,0.663267,0.322222,0.268721,0.697702,0.237735,0.21581,-nan
727,0.663267,0.322222,0.268721,0.697702,0.237735,0.21581,-nan
728,0.663267,0.322222,0.268721,0.697702,0.237735,0.21581,-nan
729,0.663267,0.322222,0.268721,0.697702,0.237735,0.21581,-nan
730,0.663267,0.322222,0.268721,0.697702,0.237735,0.21581,-nan
731,0.663267,0.322222,0.268721,0.697702,0.237735,0.21581,-nan
732,0.663267,0.322222,0.268721,0.697702,0.237735,0.21581,-nan
733,0.663267,0.322222,0.268721,0.697702,0.237735,0.21581,-nan
734,0.663267,0.322222,0.268721,0.697702,0.237735,0.21581,-nan
735,0.663267,0.322222,0.268721,0.697702,0.237735,0.21581,-nan
736,0.663267,0.322222,0.268721,0.697702,0.237735,0.21581,-nan
737,0.663267,0.322222,0.268721,0.697702,0.237735,0.21581,-nan
738,0.663267,0.322222,0.268721,0.697702,0.237735,0.21581,-nan
739,0.663267,0.322222,0.268721,0.697702,0.237735,0.21581,-nan
740,0.663267,0.322222,0.268721,0.697702,0.237735,0.21581,-nan
741,0.663267,0.322222,0.268721,0.697702,0.237735,0.21581,-nan
742,0.663267,0.322222,0.268721,0.697702,0.237735,0.21581,-nan
743,0.663267,0.322222,0.268721,0.697702,0.237735,0.21581,-nan
744,0.663267,0.322222,0.268721,0.697702,0.237735,0.21581,-nan
745,0.663267,0.322222,0.268721,0.697702,0.237735,0.21581,-nan
746,0.663267,0.322222,0.268721,0.697702,0.237735,0.21581,-nan
747,0.663267,0.322222,0.268721,0.697702,0.237735,0.21581,-nan
748,0.663267,0.322222,0.268721,0.697702,0.237735,0.21581,-nan
749,0.663267,0.322222,0.268721,0.697702,0.237735,0.21581,-nan
750,0.663267,0.322222,0.268721,0.697702,0.237735,0.21581,-nan
751,0.663267,0.322222,0.268721,0.697702,0.237735,0.21581,-nan
752,0.663267,0.322222,0.268721,0.697702,0.237735,0.21581,-nan
753,0.663267,0.322222,0.268721,0.697702,0.237735,0.21581,-nan
754,0.663267,0.322222,0.268721,0.697702,0.237735,0.21581,-nan
755,0.663267,0.322222,0.268721,0.697702,0.237735,0.21581,-nan
756,0.663267,0.322222,0.268721,0.697702,0.237735,0.21581,-nan
757,0.663267,0.322222,0.268721,0.697702,0.237735,0.21581,-nan
758,0.663267,0.322222,0.268721,0.697702,0.237735,0.21581,-nan
759,0.663267,0.322222,0.268721,0.697702,0.237735,0.21581,-nan
760,0.663267,0.322222,0.268721,0.697702,0.237735,0.21581,-nan
761,0.663267,0.322222,0.268721,0.697702,0.237735,0.21581,-nan
762,0.663267,0.322222,0.268721,0.697702,0.237735,0.21581,-nan
763,0.663267,0.322222,0.268721,0.697702,0.237735,0.21581,-nan
764,0.663267,0.322222,0.268721,0.697702,0.237735,0.21581,-nan
765,0.663267,0.322222,0.268721,0.697702,0.237735,0.21581,-nan
766,0.663267,0.322222,0.268721,0.697702,0.237735,0.21581,-nan
767,0.663267,0.322222,0.268721,0.697702,0.237735,0.21581,-nan
768,0.663267,0.322222,0.268721,0.697702,0.237735,0.21581,-nan
769,0.663267,0.322222,0.268721,0.697702,0.237735,0.21581,-nan
770,0.663267,0.322222,0.268721,0.697702,0.237735,0.21581,-nan
771,0.663267,0.322222,0.268721,0.697702,0.237735,0.21581,-nan
772,0.663267,0.322222,0.268721,0.697702,0.237735,0.21581,-nan
773,0.663267,0.322222,0.268721,0.697702,0.237735,0.21581,-nan
774,0.663267,0.322222,0.268721,0.697702,0.237735,0.21581,-nan
775,0.663267,0.322222,0.268721,0.697702,0.237735,0.21581,-nan
776,0.663267,0.322222,0.268721,0.697702,0.237735,0.21581,-nan
777,0.663267,0.322222,0.268721,0.697702,0.237735,0.21581,-nan
778,0.663267,0.322222,0.268721,0.697702,0.237735,0.21581,-nan
779,0.663267,0.322222,0.268721,0.697702,0.237735,0.21581,-nan
780,0.663267,0.322222,0.268721,0.697702,0.237735,0.21581,-nan
781,0.663267,0.322222,0.268721,0.697702,0.237735,0.21581,-nan
782,0.663267,0.322222,0.268721,0.697702,0.237735,0.21581,-nan
783,0.663267,0.322222,0.268721,0.697702,0.237735,0.21581,-nan
784,0.663267,0.322222,0.268721,0.697702,0.237735,0.21581,-nan
785,0.663267,0.322222,0.268721,0.697702,0.237735,0.21581,-nan
786,0.663267,0.322222,0.268721,0.697702,0.237735,0.21581,-nan
787,0.663267,0.322222,0.268721,0.697702,0.237735,0.21581,-nan
788,0.663267,0.322222,0.268721,0.697702,0.237735,0.21581,-nan
789,0.663267,0.322222,0.268721,0.697702,0.237735,0.21581,-nan
790,0.663267,0.322222,0.268721,0.697702,0.237735,0.21581,-nan
791,0.663267,0.322222,0.268721,0.697702,0.237735,0.21581,-nan
792,0.663267,0.322222,0.268721,0.697702,0.237735,0.21581,-nan
793,0.663267,0.322222,0.268721,0.697702,0.237735,0.21581,-nan
794,0.663267,0.322222,0.268721,0.697702,0.237735,0.21581,-nan
795,0.663267,0.322222,0.268721,0.697702,0.237735,0.21581,-nan
796,0.663267,0.322222,0.268721,0.697702,0.237735,0.21581,-nan
797,0.663267,0.322222,0.268721,0.697702,0.237735,0.21581,-nan
798,0.663267,0.322222,0.268721,0.697702,0.237735,0.21581,-nan
799,0.663267,0.322222,0.268721,0.697702,0.237735,0.21581,-nan
800,0.663267,0.322222,0.268721,0.697702,0.237735,0.21581,-nan
801,0.663267,0.322222,0.268721,0.697702,0.237735,0.21581,-nan
802,0.663267,0.322222,0.268721,0.697702,0.237735,0.21581,-nan
803,0.663267,0.322222,0.268721,0.697702,0.237735,0.21581,-nan
804,0.663267,0.322222,0.268721,0.697702,0.237735,0.21581,-nan
805,0.663267,0.322222,0.268721,0.697702,0.237735,0.21581,-nan
806,0.663267,0.322222,0.268721,0.697702,0.237735,0.21581,-nan
807,0.663267,0.322222,0.268721,0.697702,0.237735,0.21581,-nan
808,0.663267,0.322222,0.268721,0.697702,0.237735,0.21581,-nan
809,0.663267,0.322222,0.268721,0.697702,0.237735,0.21581,-nan
810,0.663267,0.322222,0.268721,0.697702,0.237735,0.21581,-nan
811,0.663267,0.322222,0.268721,0.697702,0.237735,0.21581,-nan
812,0.663267,0.322222,0.268721,0.697702,0.237735,0.21581,-nan
813,0.663267,0.322222,0.268721,0.697702,0.237735,0.21581,-nan
814,0.663267,0.322222,0.268721,0.697702,0.237735,0.21581,-nan
815,0.663267,0.322222,0.268721,0.697702,0.237735,0.21581,-nan
816,0.663267,0.322222,0.268721,0.697702,0.237735,0.21581,-nan
817,0.663267,0.322222,0.268721,0.697702,0.237735,0.21581,-nan
818,0.663267,0.322222,0.268721,0.697702,0.237735,0.21581,-nan
819,0.663267,0.322222,0.268721,0.697702,0.237735,0.21581,-nan
820,0.663267,0.322222,0.268721,0.697702,0.237735,0.21581,-nan
821,0.663267,0.322222,0.268721,0.697702,0.237735,0.21581,-nan
822,0.663267,0.322222,0.268721,0.697702,0.237735,0.21581,-nan
823,0.663267,0.322222,0.268721,0.697702,0.237735,0.21581,-nan
824,0.663267,0.322222,0.268721,0.697702,0.237735,0.21581,-nan
825,0.663267,0.322222,0.268721,0.697702,0.237735,0.21581,-nan
826,0.663267,0.322222,0.268721,0.697702,0.237735,0.21581,-nan
827,0.663267,0.322222,0.268721,0.697702,0.237735,0.21581,-nan
828,0.663267,0.322222,0.268721,0.697702,0.237735,0.21581,-nan
829,0.663267,0.322222,0.268721,0.697702,0.237735,0.21581,-nan
830,0.663267,0.322222,0.268721,0.697702,0.237735,0.21581,-nan
831,0.663267,0.322222,0.268721,0.697702,0.237735,0.21581,-nan
832,0.663267,0.322222,0.268721,0.697702,0.237735,0.21581,-nan
833,0.663267,0.322222,0.268721,0.697702,0.237735,0.21581,-nan
834,0.663267,0.322222,0.268721,0.697702,0.237735,0.21581,-nan
835,0.663267,0.322222,0.268721,0.697702,0.237735,0.21581,-nan
836,0.663267,0.322222,0.268721,0.697702,0.237735,0.21581,-nan
837,0.663267,0.322222,0.268721,0.697702,0.237735,0.21581,-nan
838,0.663267,0.322222,0.268721,0.697702,0.237735,0.21581,-nan
839,0.663267,0.322222,0.268721,0.697702,0.237735,0.21581,-nan
840,0.663267,0.322222,0.268721,0.697702,0.237735,0.21581,-nan
841,0.663267,0.322222,0.268721,0.697702,0.237735,0.21581,-nan
842,0.663267,0.322222,0.268721,0.697702,0.237735,0.21581,-nan
843,0.663267,0.322222,0.268721,0.697702,0.237735,0.21581,-nan
844,0.663267,0.322222,0.268721,0.697702,0.237735,0.21581,-nan
845,0.663267,0.322222,0.268721,0.697702,0.237735,0.21581,-nan
846,0.663267,0.322222,0.268721,0.697702,0.237735,0.21581,-nan
847,0.663267,0.322222,0.268721,0.697702,0.237735,0.21581,-nan
848,0.663267,0.322222,0.268721,0.697702,0.237735,0.21581,-nan
849,0.663267,0.322222,0.268721,0.697702,0.237735,0.21581,-nan
850,0.663267,0.322222,0.268721,0.697702,0.237735,0.21581,-nan
851,0.663267,0.322222,0.268721,0.697702,0.237735,0.21581,-nan
852,0.663267,0.322222,0.268721,0.697702,0.237735,0.21581,-nan
853,0.663267,0.322222,0.268721,0.697702,0.237735,0.21581,-nan
854,0.663267,0.322222,0.268721,0.697702,0.237735,0.21581,-nan
855,0.663267,0.322222,0.268721,0.697702,0.237735,0.21581,-nan
856,0.663267,0.322222,0.268721,0.697702,0.237735,0.21581,-nan
857,0.663267,0.322222,0.268721,0.697702,0.237735,0.21581,-nan
858,0.663267,0.322222,0.268721,0.697702,0.237735,0.21581,-nan
859,0.663267,0.322222,0.268721,0.697702,0.237735,0.21581,-nan
860,0.663267,0.322222,0.268721,0.697702,0.237735,0.21581,-nan
861,0.663267,0.322222,0.268721,0.697702,0.237735,0.21581,-nan
862,0.663267,0.322222,0.268721,0.697702,0.237735,0.21581,-nan
863,0.663267,0.322222,0.268721,0.697702,0.237735,0.21581,-nan
864,0.663267,0.322222,0.268721,0.697702,0.237735,0.21581,-nan
865,0.663267,0.322222,0.268721,0.697702,0.237735,0.21581,-nan
866,0.663267,0.322222,0.268721,0.697702,0.237735,0.21581,-nan
867,0.663267,0.322222,0.268721,0.697702,0.237735,0.21581,-nan
868,0.663267,0.322222,0.268721,0.697702,0.237735,0.21581,-nan
869,0.663267,0.322222,0.268721,0.697702,0.237735,0.21581,-nan
870,0.663267,0.322222,0.268721,0.697702,0.237735,0.21581,-nan
871,0.663267,0.322222,0.268721,0.697702,0.237735,0.21581,-nan
872,0.663267,0.322222,0.268721,0.697702,0.237735,0.21581,-nan
873,0.663267,0.322222,0.268721,0.697702,0.237735,0.21581,-nan
874,0.663267,0.322222,0.268721,0.697702,0.237735,0.21581,-nan
875,0.663267,0.322222,0.268721,0.697702,0.237735,0.21581,-nan
876,0.663267,0.322222,0.268721,0.697702,0.237735,0.21581,-nan
877,0.663267,0.322222,0.268721,0.697702,0.237735,0.21581,-nan
878,0.663267,0.322222,0.268721,0.697702,0.237735,0.21581,-nan
879,0.663267,0.322222,0.268721,0.697702,0.237735,0.21581,-nan
880,0.663267,0.322222,0.268721,0.697702,0.237735,0.21581,-nan
881,0.663267,0.322222,0.268721,0.697702,0.237735,0.21581,-nan
882,0.663267,0.322222,0.268721,0.697702,0.237735,0.21581,-nan
883,0.663267,0.322222,0.268721,0.697702,0.237735,0.21581,-nan
884,0.663267,0.322222,0.268721,0.697702,0.237735,0.21581,-nan
885,0.663267,0.322222,0.268721,0.697702,0.237735,0.21581,-nan
886,0.663267,0.322222,0.268721,0.697702,0.237735,0.21581,-nan
887,0.663267,0.322222,0.268721,0.697702,0.237735,0.21581,-nan
888,0.663267,0.322222,0.268721,0.697702,0.237735,0.21581,-nan
889,0.663267,0.322222,0.268721,0.697702,0.237735,0.21581,-nan
890,0.663267,0.322222,0.268721,0.697702,0.237735,0.21581,-nan
891,0.663267,0.322222,0.268721,0.697702,0.237735,0.21581,-nan
892,0.663267,0.322222,0.268721,0.697702,0.237735,0.21581,-nan
893,0.663267,0.322222,0.268721,0.697702,0.237735,0.21581,-nan
894,0.663267,0.322222,0.268721,0.697702,0.237735,0.21581,-nan
895,0.663267,0.322222,0.268721,0.697702,0.237735,0.21581,-nan
896,0.663267,0.322222,0.268721,0.697702,0.237735,0.21581,-nan
897,0.663267,0.322222,0.268721,0.697702,0.237735,0.21581,-nan
898,0.663267,0.322222,0.268721,0.697702,0.237735,0.21581,-nan
899,0.663267,0.322222,0.268721,0.697702,0.237735,0.21581,-nan
900,0.663267,0.322222,0.268721,0.697702,0.237735,0.21581,-nan
901,0.663267,0.322222,0.268721,0.697702,0.237735,0.21581,-nan
902,0.663267,0.322222,0.268721,0.697702,0.237735,0.21581,-nan
903,0.663267,0.322222,0.268721,0.697702,0.237735,0.21581,-nan
904,0.663267,0.322222,0.268721,0.697702,0.237735,0.21581,-nan
905,0.663267,0.322222,0.268721,0.697702,0.237735,0.21581,-nan
906,0.663267,0.322222,0.268721,0.697702,0.237735,0.21581,-nan
907,0.663267,0.322222,0.268721,0.697702,0.237735,0.21581,-nan
908,0.663267,0.322222,0.268721,0.697702,0.237735,0.21581,-nan
909,0.663267,0.322222,0.268721,0.697702,0.237735,0.21581,-nan
910,0.663267,0.322222,0.268721,0.697702,0.237735,0.21581,-nan
911,0.663267,0.322222,0.268721,0.697702,0.237735,0.21581,-nan
912,0.663267,0.322222,0.268721,0.697702,0.237735,0.21581,-nan
913,0.663267,0.322222,0.268721,0.697702,0.237735,0.21581,-nan
914,0.663267,0.322222,0.268721,0.697702,0.237735,0.21581,-nan
915,0.663267,0.322222,0.268721,0.697702,0.237735,0.21581,-nan
916,0.663267,0.322222,0.268721,0.697702,0.237735,0.21581,-nan
917,0.663267,0.322222,0.268721,0.697702,0.237735,0.21581,-nan
918,0.663267,0.322222,0.268721,0.697702,0.237735,0.21581,-nan
919,0.663267,0.322222,0.268721,0.697702,0.237735,0.21581,-nan
920,0.663267,0.322222,0.268721,0.697702,0.237735,0.21581,-nan
921,0.663267,0.322222,0.268721,0.697702,0.237735,0.21581,-nan
922,0.663267,0.322222,0.268721,0.697702,0.237735,0.21581,-nan
923,0.663267,0.322222,0.268721,0.697702,0.237735,0.21581,-nan
924,0.663267,0.322222,0.268721,0.697702,0.237735,0.21581,-nan
925,0.663267,0.322222,0.268721,0.697702,0.237735,0.21581,-nan
926,0.663267,0.322222,0.268721,0.697702,0.237735,0.21581,-nan
927,0.663267,0.322222,0.268721,0.697702,0.237735,0.21581,-nan
928,0.663267,0.322222,0.268721,0.697702,0.237735,0.21581,-nan
929,0.663267,0.322222,0.268721,0.697702,0.237735,0.21581,-nan
930,0.663267,0.322222,0.268721,0.697702,0.237735,0.21581,-nan
931,0.663267,0.322222,0.268721,0.697702,0.237735,0.21581,-nan
932,0.663267,0.322222,0.268721,0.697702,0.237735,0.21581,-nan
933,0.663267,0.322222,0.268721,0.697702,0.237735,0.21581,-nan
934,0.663267,0.322222,0.268721,0.697702,0.237735,0.21581,-nan
935,0.663267,0.322222,0.268721,0.697702,0.237735,0.21581,-nan
936,0.663267,0.322222,0.268721,0.697702,0.237735,0.21581,-nan
937,0.663267,0.322222,0.268721,0.697702,0.237735,0.21581,-nan
938,0.663267,0.322222,0.268721,0.697702,0.237735,0.21581,-nan
939,0.663267,0.322222,0.268721,0.697702,0.237735,0.21581,-nan
940,0.663267,0.322222,0.268721,0.697702,0.237735,0.21581,-nan
941,0.663267,0.322222,0.268721,0.697702,0.237735,0.21581,-nan
942,0.663267,0.322222,0.268721,0.697702,0.237735,0.21581,-nan
943,0.663267,0.322222,0.268721,0.697702,0.237735,0.21581,-nan
944,0.663267,0.322222,0.268721,0.697702,0.237735,0.21581,-nan
945,0.663267,0.322222,0.268721,0.697702,0.237735,0.21581,-nan
946,0.663267,0.322222,0.268721,0.697702,0.237735,0.21581,-nan
947,0.663267,0.322222,0.268721,0.697702,0.237735,0.21581,-nan
948,0.663267,0.322222,0.268721,0.697702,0.237735,0.21581,-nan
949,0.663267,0.322222,0.268721,0.697702,0.237735,0.21581,-nan
950,0.663267,0.322222,0.268721,0.697702,0.237735,0.21581,-nan
951,0.663267,0.322222,0.268721,0.697702,0.237735,0.21581,-nan
952,0.663267,0.322222,0.268721,0.697702,0.237735,0.21581,-nan
953,0.663267,0.322222,0.268721,0.697702,0.237735,0.21581,-nan
954,0.663267,0.322222,0.268721,0.697702,0.237735,0.21581,-nan
955,0.663267,0.322222,0.268721,0.697702,0.237735,0.21581,-nan
956,0.663267,0.322222,0.268721,0.697702,0.237735,0.21581,-nan
957,0.663267,0.322222,0.268721,0.697702,0.237735,0.21581,-nan
958,0.663267,0.322222,0.268721,0.697702,0.237735,0.21581,-nan
959,0.663267,0.322222,0.268721,0.697702,0.237735,0.21581,-nan
960,0.663267,0.322222,0.268721,0.697702,0.237735,0.21581,-nan
961,0.663267,0.322222,0.268721,0.697702,0.237735,0.21581,-nan
962,0.663267,0.322222,0.268721,0.697702,0.237735,0.21581,-nan
963,0.663267,0.322222,0.268721,0.697702,0.237735,0.21581,-nan
964,0.663267,0.322222,0.268721,0.697702,0.237735,0.21581,-nan
965,0.663267,0.322222,0.268721,0.697702,0.237735,0.21581,-nan
966,0.663267,0.322222,0.268721,0.697702,0.237735,0.21581,-nan
967,0.663267,0.322222,0.268721,0.697702,0.237735,0.21581,-nan
968,0.663267,0.322222,0.268721,0.697702,0.237735,0.21581,-nan
969,0.663267,0.322222,0.268721,0.697702,0.237735,0.21581,-nan
970,0.663267,0.322222,0.268721,0.697702,0.237735,0.21581,-nan
971,0.663267,0.322222,0.268721,0.697702,0.237735,0.21581,-nan
972,0.663267,0.322222,0.268721,0.697702,0.237735,0.21581,-nan
973,0.663267,0.322222,0.268721,0.697702,0.237735,0.21581,-nan
974,0.663267,0.322222,0.268721,0.697702,0.237735,0.21581,-nan
975,0.663267,0.322222,0.268721,0.697702,0.237735,0.21581,-nan
976,0.663267,0.322222,0.268721,0.697702,0.237735,0.21581,-nan
977,0.663267,0.322222,0.268721,0.697702,0.237735,0.21581,-nan
978,0.663267,0.322222,0.268721,0.697702,0.237735,0.21581,-nan
979,0.663267,0.322222,0.268721,0.697702,0.237735,0.21581,-nan
980,0.663267,0.322222,0.268721,0.697702,0.237735,0.21581,-nan
981,0.663267,0.322222,0.268721,0.697702,0.237735,0.21581,-nan
982,0.663267,0.322222,0.268721,0.697702,0.237735,0.21581,-nan
983,0.663267,0.322222,0.268721,0.697702,0.237735,0.21581,-nan
984,0.663267,0.322222,0.268721,0.697702,0.237735,0.21581,-nan
985,0.663267,0.322222,0.268721,0.697702,0.237735,0.21581,-nan
986,0.663267,0.322222,0.268721,0.697702,0.237735,0.21581,-nan
987,0.663267,0.322222,0.268721,0.697702,0.237735,0.21581,-nan
988,0.663267,0.322222,0.268721,0.697702,0.237735,0.21581,-nan
989,0.663267,0.322222,0.268721,0.697702,0.237735,0.21581,-nan
990,0.663267,0.322222,0.268721,0.697702,0.237735,0.21581,-nan
991,0.663267,0.322222,0.268721,0.697702,0.237735,0.21581,-nan
992,0.663267,0.322222,0.268721,0.697702,0.237735,0.21581,-nan
993,0.663267,0.322222,0.268721,0.697702,0.237735,0.21581,-nan
994,0.663267,0.322222,0.268721,0.697702,0.237735,0.21581,-nan
995,0.663267,0.322222,0.268721,0.697702,0.237735,0.21581,-nan
996,0.663267,0.322222,0.268721,0.697702,0.237735,0.21581,-nan
997,0.663267,0.322222,0.268721,0.697702,0.237735,0.21581,-nan
998,0.663267,0.322222,0.268721,0.697702,0.237735,0.21581,-nan
999,0.663267,0.322222,0.268721,0.697702,0.237735,0.21581,-nan
1000,0.663267,0.322222,0.268721,0.697702,0.237735,0.21581,-nan
1001,0.663267,0.322222,0.268721,0.697702,0.237735,0.21581,-nan
1002,0.663267,0.322222,0.268721,0.697702,0.237735,0.21581,-nan
1003,0.663267,0.322222,0.268721,0.697702,0.237735,0.21581,-nan
1004,0.663267,0.322222,0.268721,0.697702,0.237735,0.21581,-nan
1005,0.663267,0.322222,0.268721,0.697702,0.237735,0.21581,-nan
1006,0.663267,0.322222,0.268721,0.697702,0.237735,0.21581,-nan
1007,0.663267,0.322222,0.268721,0.697702,0.237735,0.21581,-nan
1008,0.663267,0.322222,0.268721,0.697702,0.237735,0.21581,-nan
1009,0.663267,0.322222,0.268721,0.697702,0.237735,0.21581,-nan
1010,0.663267,0.322222,0.268721,0.697702,0.237735,0.21581,-nan
1011,0.663267,0.322222,0.268721,0.697702,0.237735,0.21581,-nan
1012,0.663267,0.322222,0.268721,0.697702,0.237735,0.21581,-nan
1013,0.663267,0.322222,0.268721,0.697702,0.237735,0.21581,-nan
1014,0.663267,0.322222,0.268721,0.697702,0.237735,0.21581,-nan
1015,0.663267,0.322222,0.268721,0.697702,0.237735,0.21581,-nan
1016,0.663267,0.322222,0.268721,0.697702,0.237735,0.21581,-nan
1017,0.663267,0.322222,0.268721,0.697702,0.237735,0.21581,-nan
1018,0.663267,0.322222,0.268721,0.697702,0.237735,0.21581,-nan
1019,0.663267,0.322222,0.268721,0.697702,0.237735,0.21581,-nan
1020,0.663267,0.322222,0.268721,0.697702,0.237735,0.21581,-nan
1021,0.663267,0.322222,0.268721,0.697702,0.237735,0.21581,-nan
1022,0.663267,0.322222,0.268721,0.697702,0.237735,0.21581,-nan
1023,0.663267,0.322222,0.268721,0.697702,0.237735,0.21581,-nan
1024,0.663267,0.322222,0.268721,0.697702,0.237735,0.21581,-nan
1025,0.663267,0.322222,0.268721,0.697702,0.237735,0.21581,-nan
1026,0.663267,0.322222,0.268721,0.697702,0.237735,0.21581,-nan
1027,0.663267,0.322222,0.268721,0.697702,0.237735,0.21581,-nan
1028,0.663267,0.322222,0.268721,0.697702,0.237735,0.21581,-nan
1029,0.663267,0.322222,0.268721,0.697702,0.237735,0.21581,-nan
1030,0.663267,0.322222,0.268721,0.697702,0.237735,0.21581,-nan
1031,0.663267,0.322222,0.268721,0.697702,0.237735,0.21581,-nan
1032,0.663267,0.322222,0.268721,0.697702,0.237735,0.21581,-nan
1033,0.663267,0.322222,0.268721,0.697702,0.237735,0.21581,-nan
1034,0.663267,0.322222,0.268721,0.697702,0.237735,0.21581,-nan
1035,0.663267,0.322222,0.268721,0.697702,0.237735,0.21581,-nan
1036,0.663267,0.322222,0.268721,0.697702,0.237735,0.21581,-nan
1037,0.663267,0.322222,0.268721,0.697702,0.237735,0.21581,-nan
1038,0.663267,0.322222,0.268721,0.697702,0.237735,0.21581,-nan
1039,0.663267,0.322222,0.268721,0.697702,0.237735,0.21581,-nan
1040,0.663267,0.322222,0.268721,0.697702,0.237735,0.21581,-nan
1041,0.663267,0.322222,0.268721,0.697702,0.237735,0.21581,-nan
1042,0.663267,0.322222,0.268721,0.697702,0.237735,0.21581,-nan
1043,0.663267,0.322222,0.268721,0.697702,0.237735,0.21581,-nan
1044,0.663267,0.322222,0.268721,0.697702,0.237735,0.21581,-nan
1045,0.663267,0.322222,0.268721,0.697702,0.237735,0.21581,-nan
1046,0.663267,0.322222,0.268721,0.697702,0.237735,0.21581,-nan
1047,0.663267,0.322222,0.268721,0.697702,0.237735,0.21581,-nan
1048,0.663267,0.322222,0.268721,0.697702,0.237735,0.21581,-nan
1049,0.663267,0.322222,0.268721,0.697702,0.237735,0.21581,-nan
1050,0.663267,0.322222,0.268721,0.697702,0.237735,0.21581,-nan
1051,0.663267,0.322222,0.268721,0.697702,0.237735,0.21581,-nan
1052,0.663267,0.322222,0.268721,0.697702,0.237735,0.21581,-nan
1053,0.663267,0.322222,0.268721,0.697702,0.237735,0.21581,-nan
1054,0.663267,0.322222,0.268721,0.697702,0.237735,0.21581,-nan
1055,0.663267,0.322222,0.268721,0.697702,0.237735,0.21581,-nan
