0.596305,0.1,0.362663,0.662061,0.340066,0.184225,122.269
0.596305,0.1,0.362663,0.662061,0.340066,0.184225,122.269
0.380698,0.1,0.848097,0.506873,0.581013,0.119751,2.16964
0.0888581,0.1,0.887034,0.93279,0.375155,0.0988364,1.28687
0.12534,0.1,0.860542,0.409179,0.605386,0.190019,1.08965
0.12534,0.1,0.860542,0.409179,0.605386,0.190019,1.08965
0.12534,0.1,0.860542,0.409179,0.605386,0.190019,1.08965
0.12534,0.1,0.860542,0.409179,0.605386,0.190019,1.08965
0.12534,0.1,0.860542,0.409179,0.605386,0.190019,1.08965
0.0615797,0.1,0.858009,0.497382,0.651046,0.137507,1.01372
0.0615797,0.1,0.858009,0.497382,0.651046,0.137507,1.01372
0.0615797,0.1,0.858009,0.497382,0.651046,0.137507,1.01372
0.0615797,0.1,0.858009,0.497382,0.651046,0.137507,1.01372
0.0964383,0.1,0.873342,0.457923,0.458257,0.162951,0.340049
0.0964383,0.1,0.873342,0.457923,0.458257,0.162951,0.340049
0.0964383,0.1,0.873342,0.457923,0.458257,0.162951,0.340049
0.0964383,0.1,0.873342,0.457923,0.458257,0.162951,0.340049
0.0964383,0.1,0.873342,0.457923,0.458257,0.162951,0.340049
0.0964383,0.1,0.873342,0.457923,0.458257,0.162951,0.340049
0.0840496,0.1,0.94713,0.344335,0.834072,0.161063,0.251805
0.0840496,0.1,0.94713,0.344335,0.834072,0.161063,0.251805
0.0840496,0.1,0.94713,0.344335,0.834072,0.161063,0.251805
0.0840496,0.1,0.94713,0.344335,0.834072,0.161063,0.251805
0.0840496,0.1,0.94713,0.344335,0.834072,0.161063,0.251805
0.0840496,0.1,0.94713,0.344335,0.834072,0.161063,0.251805
0.0840496,0.1,0.94713,0.344335,0.834072,0.161063,0.251805
0.0956055,0.1,0.946127,0.340754,0.837225,0.159536,0.163901
0.0956055,0.1,0.946127,0.340754,0.837225,0.159536,0.163901
0.0956055,0.1,0.946127,0.340754,0.837225,0.159536,0.163901
0.102365,0.1,0.925337,0.374065,0.4278,0.162942,0.137468
0.102365,0.1,0.925337,0.374065,0.4278,0.162942,0.137468
0.102365,0.1,0.925337,0.374065,0.4278,0.162942,0.137468
0.102365,0.1,0.925337,0.374065,0.4278,0.162942,0.137468
0.102365,0.1,0.925337,0.374065,0.4278,0.162942,0.137468
0.102365,0.1,0.925337,0.374065,0.4278,0.162942,0.137468
0.102365,0.1,0.925337,0.374065,0.4278,0.162942,0.137468
0.102365,0.1,0.925337,0.374065,0.4278,0.162942,0.137468
0.102365,0.1,0.925337,0.374065,0.4278,0.162942,0.137468
0.102365,0.1,0.925337,0.374065,0.4278,0.162942,0.137468
0.102365,0.1,0.925337,0.374065,0.4278,0.162942,0.137468
0.106088,0.1,0.912111,0.335762,0.823532,0.159077,0.1343
0.106088,0.1,0.912111,0.335762,0.823532,0.159077,0.1343
0.106088,0.1,0.912111,0.335762,0.823532,0.159077,0.1343
0.106088,0.1,0.912111,0.335762,0.823532,0.159077,0.1343
0.106088,0.1,0.912111,0.335762,0.823532,0.159077,0.1343
0.106088,0.1,0.912111,0.335762,0.823532,0.159077,0.1343
0.106088,0.1,0.912111,0.335762,0.823532,0.159077,0.1343
0.106088,0.1,0.912111,0.335762,0.823532,0.159077,0.1343
0.106088,0.1,0.912111,0.335762,0.823532,0.159077,0.1343
0.106088,0.1,0.912111,0.335762,0.823532,0.159077,0.1343
0.106088,0.1,0.912111,0.335762,0.823532,0.159077,0.1343
0.104325,0.1,0.923159,0.340277,0.574469,0.163239,0.109498
0.104325,0.1,0.923159,0.340277,0.574469,0.163239,0.109498
0.104325,0.1,0.923159,0.340277,0.574469,0.163239,0.109498
0.104325,0.1,0.923159,0.340277,0.574469,0.163239,0.109498
0.104325,0.1,0.923159,0.340277,0.574469,0.163239,0.109498
0.104325,0.1,0.923159,0.340277,0.574469,0.163239,0.109498
0.104325,0.1,0.923159,0.340277,0.574469,0.163239,0.109498
0.104325,0.1,0.923159,0.340277,0.574469,0.163239,0.109498
0.100406,0.1,0.922972,0.333942,0.635828,0.162917,0.0972426
0.100406,0.1,0.922972,0.333942,0.635828,0.162917,0.0972426
0.100406,0.1,0.922972,0.333942,0.635828,0.162917,0.0972426
0.100406,0.1,0.922972,0.333942,0.635828,0.162917,0.0972426
0.100406,0.1,0.922972,0.333942,0.635828,0.162917,0.0972426
0.100406,0.1,0.922972,0.333942,0.635828,0.162917,0.0972426
0.100406,0.1,0.922972,0.333942,0.635828,0.162917,0.0972426
0.100406,0.1,0.922972,0.333942,0.635828,0.162917,0.0972426
0.100406,0.1,0.922972,0.333942,0.635828,0.162917,0.0972426
0.100406,0.1,0.922972,0.333942,0.635828,0.162917,0.0972426
0.100406,0.1,0.922972,0.333942,0.635828,0.162917,0.0972426
0.100406,0.1,0.922972,0.333942,0.635828,0.162917,0.0972426
0.100406,0.1,0.922972,0.333942,0.635828,0.162917,0.0972426
0.100406,0.1,0.922972,0.333942,0.635828,0.162917,0.0972426
0.100406,0.1,0.922972,0.333942,0.635828,0.162917,0.0972426
0.100406,0.1,0.922972,0.333942,0.635828,0.162917,0.0972426
0.100406,0.1,0.922972,0.333942,0.635828,0.162917,0.0972426
0.100406,0.1,0.922972,0.333942,0.635828,0.162917,0.0972426
0.100406,0.1,0.922972,0.333942,0.635828,0.162917,0.0972426
0.100406,0.1,0.922972,0.333942,0.635828,0.162917,0.0972426
0.100406,0.1,0.922972,0.333942,0.635828,0.162917,0.0972426
0.0958045,0.1,0.924743,0.34766,0.55428,0.166707,0.0971836
0.098399,0.1,0.927626,0.370687,0.767743,0.172892,0.0956323
0.098399,0.1,0.927626,0.370687,0.767743,0.172892,0.0956323
0.098399,0.1,0.927626,0.370687,0.767743,0.172892,0.0956323
0.098399,0.1,0.927626,0.370687,0.767743,0.172892,0.0956323
0.098399,0.1,0.927626,0.370687,0.767743,0.172892,0.0956323
0.098399,0.1,0.927626,0.370687,0.767743,0.172892,0.0956323
0.098399,0.1,0.927626,0.370687,0.767743,0.172892,0.0956323
0.098399,0.1,0.927626,0.370687,0.767743,0.172892,0.0956323
0.098399,0.1,0.927626,0.370687,0.767743,0.172892,0.0956323
0.098399,0.1,0.927626,0.370687,0.767743,0.172892,0.0956323
0.098399,0.1,0.927626,0.370687,0.767743,0.172892,0.0956323
0.098399,0.1,0.927626,0.370687,0.767743,0.172892,0.0956323
0.098399,0.1,0.927626,0.370687,0.767743,0.172892,0.0956323
0.098399,0.1,0.927626,0.370687,0.767743,0.172892,0.0956323
0.0972075,0.1,0.923911,0.343134,0.673152,0.167362,0.0898211
0.0972075,0.1,0.923911,0.343134,0.673152,0.167362,0.0898211
0.0972075,0.1,0.923911,0.343134,0.673152,0.167362,0.0898211
0.0972075,0.1,0.923911,0.343134,0.673152,0.167362,0.0898211
0.0972075,0.1,0.923911,0.343134,0.673152,0.167362,0.0898211
0.0972075,0.1,0.923911,0.343134,0.673152,0.167362,0.0898211
0.0972075,0.1,0.923911,0.343134,0.673152,0.167362,0.0898211
0.0972075,0.1,0.923911,0.343134,0.673152,0.167362,0.0898211
0.0972075,0.1,0.923911,0.343134,0.673152,0.167362,0.0898211
0.0972075,0.1,0.923911,0.343134,0.673152,0.167362,0.0898211
0.0972075,0.1,0.923911,0.343134,0.673152,0.167362,0.0898211
0.0972075,0.1,0.923911,0.343134,0.673152,0.167362,0.0898211
0.0972075,0.1,0.923911,0.343134,0.673152,0.167362,0.0898211
0.0972075,0.1,0.923911,0.343134,0.673152,0.167362,0.0898211
0.0972075,0.1,0.923911,0.343134,0.673152,0.167362,0.0898211
0.0947002,0.1,0.934557,0.327956,0.655829,0.174222,0.0783652
0.0947002,0.1,0.934557,0.327956,0.655829,0.174222,0.0783652
0.0947002,0.1,0.934557,0.327956,0.655829,0.174222,0.0783652
0.0947002,0.1,0.934557,0.327956,0.655829,0.174222,0.0783652
0.0947002,0.1,0.934557,0.327956,0.655829,0.174222,0.0783652
0.0947002,0.1,0.934557,0.327956,0.655829,0.174222,0.0783652
0.0947002,0.1,0.934557,0.327956,0.655829,0.174222,0.0783652
0.0947002,0.1,0.934557,0.327956,0.655829,0.174222,0.0783652
0.0947002,0.1,0.934557,0.327956,0.655829,0.174222,0.0783652
0.101455,0.1,0.929896,0.316006,0.608936,0.168705,0.0754191
0.101455,0.1,0.929896,0.316006,0.608936,0.168705,0.0754191
0.101455,0.1,0.929896,0.316006,0.608936,0.168705,0.0754191
0.101455,0.1,0.929896,0.316006,0.608936,0.168705,0.0754191
0.101455,0.1,0.929896,0.316006,0.608936,0.168705,0.0754191
0.101455,0.1,0.929896,0.316006,0.608936,0.168705,0.0754191
0.101455,0.1,0.929896,0.316006,0.608936,0.168705,0.0754191
0.101455,0.1,0.929896,0.316006,0.608936,0.168705,0.0754191
0.101455,0.1,0.929896,0.316006,0.608936,0.168705,0.0754191
0.101455,0.1,0.929896,0.316006,0.608936,0.168705,0.0754191
0.101455,0.1,0.929896,0.316006,0.608936,0.168705,0.0754191
0.101455,0.1,0.929896,0.316006,0.608936,0.168705,0.0754191
0.101455,0.1,0.929896,0.316006,0.608936,0.168705,0.0754191
0.101455,0.1,0.929896,0.316006,0.608936,0.168705,0.0754191
0.101455,0.1,0.929896,0.316006,0.608936,0.168705,0.0754191
0.101455,0.1,0.929896,0.316006,0.608936,0.168705,0.0754191
0.101455,0.1,0.929896,0.316006,0.608936,0.168705,0.0754191
0.101455,0.1,0.929896,0.316006,0.608936,0.168705,0.0754191
0.101455,0.1,0.929896,0.316006,0.608936,0.168705,0.0754191
0.101455,0.1,0.929896,0.316006,0.608936,0.168705,0.0754191
0.101455,0.1,0.929896,0.316006,0.608936,0.168705,0.0754191
0.101455,0.1,0.929896,0.316006,0.608936,0.168705,0.0754191
0.101455,0.1,0.929896,0.316006,0.608936,0.168705,0.0754191
0.101455,0.1,0.929896,0.316006,0.608936,0.168705,0.0754191
0.101455,0.1,0.929896,0.316006,0.608936,0.168705,0.0754191
0.101455,0.1,0.929896,0.316006,0.608936,0.168705,0.0754191
0.101455,0.1,0.929896,0.316006,0.608936,0.168705,0.0754191
0.101455,0.1,0.929896,0.316006,0.608936,0.168705,0.0754191
0.101455,0.1,0.929896,0.316006,0.608936,0.168705,0.0754191
0.101455,0.1,0.929896,0.316006,0.608936,0.168705,0.0754191
0.101455,0.1,0.929896,0.316006,0.608936,0.168705,0.0754191
0.101455,0.1,0.929896,0.316006,0.608936,0.168705,0.0754191
0.101455,0.1,0.929896,0.316006,0.608936,0.168705,0.0754191
0.101455,0.1,0.929896,0.316006,0.608936,0.168705,0.0754191
0.101455,0.1,0.929896,0.316006,0.608936,0.168705,0.0754191
0.101455,0.1,0.929896,0.316006,0.608936,0.168705,0.0754191
0.101455,0.1,0.929896,0.316006,0.608936,0.168705,0.0754191
0.101455,0.1,0.929896,0.316006,0.608936,0.168705,0.0754191
0.101455,0.1,0.929896,0.316006,0.608936,0.168705,0.0754191
0.101455,0.1,0.929896,0.316006,0.608936,0.168705,0.0754191
0.101455,0.1,0.929896,0.316006,0.608936,0.168705,0.0754191
0.101455,0.1,0.929896,0.316006,0.608936,0.168705,0.0754191
0.101455,0.1,0.929896,0.316006,0.608936,0.168705,0.0754191
0.101455,0.1,0.929896,0.316006,0.608936,0.168705,0.0754191
0.101455,0.1,0.929896,0.316006,0.608936,0.168705,0.0754191
0.101455,0.1,0.929896,0.316006,0.608936,0.168705,0.0754191
0.101455,0.1,0.929896,0.316006,0.608936,0.168705,0.0754191
0.101455,0.1,0.929896,0.316006,0.608936,0.168705,0.0754191
0.101455,0.1,0.929896,0.316006,0.608936,0.168705,0.0754191
0.101455,0.1,0.929896,0.316006,0.608936,0.168705,0.0754191
0.101455,0.1,0.929896,0.316006,0.608936,0.168705,0.0754191
0.101455,0.1,0.929896,0.316006,0.608936,0.168705,0.0754191
0.101455,0.1,0.929896,0.316006,0.608936,0.168705,0.0754191
0.101455,0.1,0.929896,0.316006,0.608936,0.168705,0.0754191
0.101455,0.1,0.929896,0.316006,0.608936,0.168705,0.0754191
0.101455,0.1,0.929896,0.316006,0.608936,0.168705,0.0754191
0.101455,0.1,0.929896,0.316006,0.608936,0.168705,0.0754191
0.101455,0.1,0.929896,0.316006,0.608936,0.168705,0.0754191
0.101455,0.1,0.929896,0.316006,0.608936,0.168705,0.0754191
0.101455,0.1,0.929896,0.316006,0.608936,0.168705,0.0754191
0.101455,0.1,0.929896,0.316006,0.608936,0.168705,0.0754191
0.101455,0.1,0.929896,0.316006,0.608936,0.168705,0.0754191
0.101455,0.1,0.929896,0.316006,0.608936,0.168705,0.0754191
0.101455,0.1,0.929896,0.316006,0.608936,0.168705,0.0754191
0.101455,0.1,0.929896,0.316006,0.608936,0.168705,0.0754191
0.101455,0.1,0.929896,0.316006,0.608936,0.168705,0.0754191
0.101455,0.1,0.929896,0.316006,0.608936,0.168705,0.0754191
0.101455,0.1,0.929896,0.316006,0.608936,0.168705,0.0754191
0.101455,0.1,0.929896,0.316006,0.608936,0.168705,0.0754191
0.101455,0.1,0.929896,0.316006,0.608936,0.168705,0.0754191
0.101455,0.1,0.929896,0.316006,0.608936,0.168705,0.0754191
0.101455,0.1,0.929896,0.316006,0.608936,0.168705,0.0754191
0.101455,0.1,0.929896,0.316006,0.608936,0.168705,0.0754191
0.101455,0.1,0.929896,0.316006,0.608936,0.168705,0.0754191
0.101455,0.1,0.929896,0.316006,0.608936,0.168705,0.0754191
0.101455,0.1,0.929896,0.316006,0.608936,0.168705,0.0754191
0.101455,0.1,0.929896,0.316006,0.608936,0.168705,0.0754191
0.0988835,0.1,0.954409,0.269301,0.521264,0.17374,0.0624575
0.0988835,0.1,0.954409,0.269301,0.521264,0.17374,0.0624575
0.104464,0.1,0.942649,0.255185,0.477964,0.175311,0.0465608
0.104464,0.1,0.942649,0.255185,0.477964,0.175311,0.0465608
0.104464,0.1,0.942649,0.255185,0.477964,0.175311,0.0465608
0.104464,0.1,0.942649,0.255185,0.477964,0.175311,0.0465608
0.104464,0.1,0.942649,0.255185,0.477964,0.175311,0.0465608
0.104464,0.1,0.942649,0.255185,0.477964,0.175311,0.0465608
0.104464,0.1,0.942649,0.255185,0.477964,0.175311,0.0465608
0.104464,0.1,0.942649,0.255185,0.477964,0.175311,0.0465608
0.104464,0.1,0.942649,0.255185,0.477964,0.175311,0.0465608
0.104464,0.1,0.942649,0.255185,0.477964,0.175311,0.0465608
0.104464,0.1,0.942649,0.255185,0.477964,0.175311,0.0465608
0.104464,0.1,0.942649,0.255185,0.477964,0.175311,0.0465608
0.104464,0.1,0.942649,0.255185,0.477964,0.175311,0.0465608
0.104464,0.1,0.942649,0.255185,0.477964,0.175311,0.0465608
0.104464,0.1,0.942649,0.255185,0.477964,0.175311,0.0465608
0.104464,0.1,0.942649,0.255185,0.477964,0.175311,0.0465608
0.104464,0.1,0.942649,0.255185,0.477964,0.175311,0.0465608
0.104464,0.1,0.942649,0.255185,0.477964,0.175311,0.0465608
0.104464,0.1,0.942649,0.255185,0.477964,0.175311,0.0465608
0.104464,0.1,0.942649,0.255185,0.477964,0.175311,0.0465608
0.104464,0.1,0.942649,0.255185,0.477964,0.175311,0.0465608
0.104464,0.1,0.942649,0.255185,0.477964,0.175311,0.0465608
0.104464,0.1,0.942649,0.255185,0.477964,0.175311,0.0465608
0.104464,0.1,0.942649,0.255185,0.477964,0.175311,0.0465608
0.104464,0.1,0.942649,0.255185,0.477964,0.175311,0.0465608
0.104464,0.1,0.942649,0.255185,0.477964,0.175311,0.0465608
0.104464,0.1,0.942649,0.255185,0.477964,0.175311,0.0465608
0.104464,0.1,0.942649,0.255185,0.477964,0.175311,0.0465608
0.104464,0.1,0.942649,0.255185,0.477964,0.175311,0.0465608
0.104464,0.1,0.942649,0.255185,0.477964,0.175311,0.0465608
0.104464,0.1,0.942649,0.255185,0.477964,0.175311,0.0465608
0.104464,0.1,0.942649,0.255185,0.477964,0.175311,0.0465608
0.104464,0.1,0.942649,0.255185,0.477964,0.175311,0.0465608
0.104464,0.1,0.942649,0.255185,0.477964,0.175311,0.0465608
0.104464,0.1,0.942649,0.255185,0.477964,0.175311,0.0465608
0.104464,0.1,0.942649,0.255185,0.477964,0.175311,0.0465608
0.104464,0.1,0.942649,0.255185,0.477964,0.175311,0.0465608
0.104464,0.1,0.942649,0.255185,0.477964,0.175311,0.0465608
0.104464,0.1,0.942649,0.255185,0.477964,0.175311,0.0465608
0.104464,0.1,0.942649,0.255185,0.477964,0.175311,0.0465608
0.104464,0.1,0.942649,0.255185,0.477964,0.175311,0.0465608
0.104464,0.1,0.942649,0.255185,0.477964,0.175311,0.0465608
0.104464,0.1,0.942649,0.255185,0.477964,0.175311,0.0465608
0.104464,0.1,0.942649,0.255185,0.477964,0.175311,0.0465608
0.104464,0.1,0.942649,0.255185,0.477964,0.175311,0.0465608
0.104464,0.1,0.942649,0.255185,0.477964,0.175311,0.0465608
0.104464,0.1,0.942649,0.255185,0.477964,0.175311,0.0465608
0.104464,0.1,0.942649,0.255185,0.477964,0.175311,0.0465608
0.104464,0.1,0.942649,0.255185,0.477964,0.175311,0.0465608
0.104464,0.1,0.942649,0.255185,0.477964,0.175311,0.0465608
0.104464,0.1,0.942649,0.255185,0.477964,0.175311,0.0465608
0.104464,0.1,0.942649,0.255185,0.477964,0.175311,0.0465608
0.102032,0.1,0.944992,0.243003,0.224153,0.185919,0.0404931
0.102032,0.1,0.944992,0.243003,0.224153,0.185919,0.0404931
0.102032,0.1,0.944992,0.243003,0.224153,0.185919,0.0404931
0.0971034,0.1,0.94003,0.25435,0.389884,0.178982,0.0401315
0.0971034,0.1,0.94003,0.25435,0.389884,0.178982,0.0401315
0.0971034,0.1,0.94003,0.25435,0.389884,0.178982,0.0401315
0.0971034,0.1,0.94003,0.25435,0.389884,0.178982,0.0401315
0.0971034,0.1,0.94003,0.25435,0.389884,0.178982,0.0401315
0.0971034,0.1,0.94003,0.25435,0.389884,0.178982,0.0401315
0.0971034,0.1,0.94003,0.25435,0.389884,0.178982,0.0401315
0.0971034,0.1,0.94003,0.25435,0.389884,0.178982,0.0401315
0.100788,0.1,0.939437,0.255899,0.384826,0.177868,0.0379261
0.100788,0.1,0.939437,0.255899,0.384826,0.177868,0.0379261
0.10109,0.1,0.94189,0.243837,0.445678,0.176743,0.0376571
0.10109,0.1,0.94189,0.243837,0.445678,0.176743,0.0376571
0.10109,0.1,0.94189,0.243837,0.445678,0.176743,0.0376571
0.10109,0.1,0.94189,0.243837,0.445678,0.176743,0.0376571
0.10109,0.1,0.94189,0.243837,0.445678,0.176743,0.0376571
0.10109,0.1,0.94189,0.243837,0.445678,0.176743,0.0376571
0.10109,0.1,0.94189,0.243837,0.445678,0.176743,0.0376571
0.10109,0.1,0.94189,0.243837,0.445678,0.176743,0.0376571
0.10109,0.1,0.94189,0.243837,0.445678,0.176743,0.0376571
0.10109,0.1,0.94189,0.243837,0.445678,0.176743,0.0376571
0.10109,0.1,0.94189,0.243837,0.445678,0.176743,0.0376571
0.10109,0.1,0.94189,0.243837,0.445678,0.176743,0.0376571
0.10109,0.1,0.94189,0.243837,0.445678,0.176743,0.0376571
0.10109,0.1,0.94189,0.243837,0.445678,0.176743,0.0376571
0.0999234,0.1,0.935614,0.238041,0.39336,0.174855,0.0355321
0.0999234,0.1,0.935614,0.238041,0.39336,0.174855,0.0355321
0.0999234,0.1,0.935614,0.238041,0.39336,0.174855,0.0355321
0.0999234,0.1,0.935614,0.238041,0.39336,0.174855,0.0355321
0.0999234,0.1,0.935614,0.238041,0.39336,0.174855,0.0355321
0.0999234,0.1,0.935614,0.238041,0.39336,0.174855,0.0355321
0.0999234,0.1,0.935614,0.238041,0.39336,0.174855,0.0355321
0.0999234,0.1,0.935614,0.238041,0.39336,0.174855,0.0355321
0.0999234,0.1,0.935614,0.238041,0.39336,0.174855,0.0355321
0.0999234,0.1,0.935614,0.238041,0.39336,0.174855,0.0355321
0.0999234,0.1,0.935614,0.238041,0.39336,0.174855,0.0355321
0.0999234,0.1,0.935614,0.238041,0.39336,0.174855,0.0355321
0.0999234,0.1,0.935614,0.238041,0.39336,0.174855,0.0355321
0.0999234,0.1,0.935614,0.238041,0.39336,0.174855,0.0355321
0.0999234,0.1,0.935614,0.238041,0.39336,0.174855,0.0355321
0.0999234,0.1,0.935614,0.238041,0.39336,0.174855,0.0355321
0.0999234,0.1,0.935614,0.238041,0.39336,0.174855,0.0355321
0.0999234,0.1,0.935614,0.238041,0.39336,0.174855,0.0355321
0.0999234,0.1,0.935614,0.238041,0.39336,0.174855,0.0355321
0.0999234,0.1,0.935614,0.238041,0.39336,0.174855,0.0355321
0.0999234,0.1,0.935614,0.238041,0.39336,0.174855,0.0355321
0.0999234,0.1,0.935614,0.238041,0.39336,0.174855,0.0355321
0.0999234,0.1,0.935614,0.238041,0.39336,0.174855,0.0355321
0.0999234,0.1,0.935614,0.238041,0.39336,0.174855,0.0355321
0.0999234,0.1,0.935614,0.238041,0.39336,0.174855,0.0355321
0.0999234,0.1,0.935614,0.238041,0.39336,0.174855,0.0355321
0.0999234,0.1,0.935614,0.238041,0.39336,0.174855,0.0355321
0.0999234,0.1,0.935614,0.238041,0.39336,0.174855,0.0355321
0.0999234,0.1,0.935614,0.238041,0.39336,0.174855,0.0355321
0.0999234,0.1,0.935614,0.238041,0.39336,0.174855,0.0355321
0.0999234,0.1,0.935614,0.238041,0.39336,0.174855,0.0355321
0.0999234,0.1,0.935614,0.238041,0.39336,0.174855,0.0355321
0.0999234,0.1,0.935614,0.238041,0.39336,0.174855,0.0355321
0.0999234,0.1,0.935614,0.238041,0.39336,0.174855,0.0355321
0.0999234,0.1,0.935614,0.238041,0.39336,0.174855,0.0355321
0.0999234,0.1,0.935614,0.238041,0.39336,0.174855,0.0355321
0.0999234,0.1,0.935614,0.238041,0.39336,0.174855,0.0355321
0.0999234,0.1,0.935614,0.238041,0.39336,0.174855,0.0355321
0.0999234,0.1,0.935614,0.238041,0.39336,0.174855,0.0355321
0.0999234,0.1,0.935614,0.238041,0.39336,0.174855,0.0355321
0.0999234,0.1,0.935614,0.238041,0.39336,0.174855,0.0355321
0.0999234,0.1,0.935614,0.238041,0.39336,0.174855,0.0355321
0.0999234,0.1,0.935614,0.238041,0.39336,0.174855,0.0355321
0.0999234,0.1,0.935614,0.238041,0.39336,0.174855,0.0355321
0.0999234,0.1,0.935614,0.238041,0.39336,0.174855,0.0355321
0.0999234,0.1,0.935614,0.238041,0.39336,0.174855,0.0355321
0.0999234,0.1,0.935614,0.238041,0.39336,0.174855,0.0355321
0.0999234,0.1,0.935614,0.238041,0.39336,0.174855,0.0355321
0.0999234,0.1,0.935614,0.238041,0.39336,0.174855,0.0355321
0.0999234,0.1,0.935614,0.238041,0.39336,0.174855,0.0355321
0.0999234,0.1,0.935614,0.238041,0.39336,0.174855,0.0355321
0.0999234,0.1,0.935614,0.238041,0.39336,0.174855,0.0355321
0.0999234,0.1,0.935614,0.238041,0.39336,0.174855,0.0355321
0.0999234,0.1,0.935614,0.238041,0.39336,0.174855,0.0355321
0.0999234,0.1,0.935614,0.238041,0.39336,0.174855,0.0355321
0.0999234,0.1,0.935614,0.238041,0.39336,0.174855,0.0355321
0.0999234,0.1,0.935614,0.238041,0.39336,0.174855,0.0355321
0.0999234,0.1,0.935614,0.238041,0.39336,0.174855,0.0355321
0.0999234,0.1,0.935614,0.238041,0.39336,0.174855,0.0355321
0.0999234,0.1,0.935614,0.238041,0.39336,0.174855,0.0355321
0.0999234,0.1,0.935614,0.238041,0.39336,0.174855,0.0355321
0.0999234,0.1,0.935614,0.238041,0.39336,0.174855,0.0355321
0.0999234,0.1,0.935614,0.238041,0.39336,0.174855,0.0355321
0.0999234,0.1,0.935614,0.238041,0.39336,0.174855,0.0355321
0.0999234,0.1,0.935614,0.238041,0.39336,0.174855,0.0355321
0.0999234,0.1,0.935614,0.238041,0.39336,0.174855,0.0355321
0.0999234,0.1,0.935614,0.238041,0.39336,0.174855,0.0355321
0.0999234,0.1,0.935614,0.238041,0.39336,0.174855,0.0355321
0.0999234,0.1,0.935614,0.238041,0.39336,0.174855,0.0355321
0.0999234,0.1,0.935614,0.238041,0.39336,0.174855,0.0355321
0.0999234,0.1,0.935614,0.238041,0.39336,0.174855,0.0355321
0.0999234,0.1,0.935614,0.238041,0.39336,0.174855,0.0355321
0.0999234,0.1,0.935614,0.238041,0.39336,0.174855,0.0355321
0.0999234,0.1,0.935614,0.238041,0.39336,0.174855,0.0355321
0.0999234,0.1,0.935614,0.238041,0.39336,0.174855,0.0355321
0.0999234,0.1,0.935614,0.238041,0.39336,0.174855,0.0355321
0.0999234,0.1,0.935614,0.238041,0.39336,0.174855,0.0355321
0.0999234,0.1,0.935614,0.238041,0.39336,0.174855,0.0355321
0.0999234,0.1,0.935614,0.238041,0.39336,0.174855,0.0355321
0.0999234,0.1,0.935614,0.238041,0.39336,0.174855,0.0355321
0.0999234,0.1,0.935614,0.238041,0.39336,0.174855,0.0355321
0.0999234,0.1,0.935614,0.238041,0.39336,0.174855,0.0355321
0.0999234,0.1,0.935614,0.238041,0.39336,0.174855,0.0355321
0.0999234,0.1,0.935614,0.238041,0.39336,0.174855,0.0355321
0.0999234,0.1,0.935614,0.238041,0.39336,0.174855,0.0355321
0.0999234,0.1,0.935614,0.238041,0.39336,0.174855,0.0355321
0.0999234,0.1,0.935614,0.238041,0.39336,0.174855,0.0355321
0.0999234,0.1,0.935614,0.238041,0.39336,0.174855,0.0355321
0.0999234,0.1,0.935614,0.238041,0.39336,0.174855,0.0355321
0.0999234,0.1,0.935614,0.238041,0.39336,0.174855,0.0355321
0.0999234,0.1,0.935614,0.238041,0.39336,0.174855,0.0355321
0.0999234,0.1,0.935614,0.238041,0.39336,0.174855,0.0355321
0.0999234,0.1,0.935614,0.238041,0.39336,0.174855,0.0355321
0.0999234,0.1,0.935614,0.238041,0.39336,0.174855,0.0355321
0.0999234,0.1,0.935614,0.238041,0.39336,0.174855,0.0355321
0.0999234,0.1,0.935614,0.238041,0.39336,0.174855,0.0355321
0.0999234,0.1,0.935614,0.238041,0.39336,0.174855,0.0355321
0.0999234,0.1,0.935614,0.238041,0.39336,0.174855,0.0355321
0.0999234,0.1,0.935614,0.238041,0.39336,0.174855,0.0355321
0.0999234,0.1,0.935614,0.238041,0.39336,0.174855,0.0355321
0.0999234,0.1,0.935614,0.238041,0.39336,0.174855,0.0355321
0.0999234,0.1,0.935614,0.238041,0.39336,0.174855,0.0355321
0.0999234,0.1,0.935614,0.238041,0.39336,0.174855,0.0355321
0.0999234,0.1,0.935614,0.238041,0.39336,0.174855,0.0355321
0.0999234,0.1,0.935614,0.238041,0.39336,0.174855,0.0355321
0.0999234,0.1,0.935614,0.238041,0.39336,0.174855,0.0355321
0.0999234,0.1,0.935614,0.238041,0.39336,0.174855,0.0355321
0.0999234,0.1,0.935614,0.238041,0.39336,0.174855,0.0355321
0.0999234,0.1,0.935614,0.238041,0.39336,0.174855,0.0355321
0.0999234,0.1,0.935614,0.238041,0.39336,0.174855,0.0355321
0.0999234,0.1,0.935614,0.238041,0.39336,0.174855,0.0355321
0.0999234,0.1,0.935614,0.238041,0.39336,0.174855,0.0355321
0.0999234,0.1,0.935614,0.238041,0.39336,0.174855,0.0355321
0.0991754,0.1,0.94962,0.233265,0.326129,0.181987,0.0273983
0.0991754,0.1,0.94962,0.233265,0.326129,0.181987,0.0273983
0.0991754,0.1,0.94962,0.233265,0.326129,0.181987,0.0273983
0.0991754,0.1,0.94962,0.233265,0.326129,0.181987,0.0273983
0.0991754,0.1,0.94962,0.233265,0.326129,0.181987,0.0273983
0.0991754,0.1,0.94962,0.233265,0.326129,0.181987,0.0273983
0.0991754,0.1,0.94962,0.233265,0.326129,0.181987,0.0273983
0.0991754,0.1,0.94962,0.233265,0.326129,0.181987,0.0273983
0.0991754,0.1,0.94962,0.233265,0.326129,0.181987,0.0273983
0.0991754,0.1,0.94962,0.233265,0.326129,0.181987,0.0273983
0.0991754,0.1,0.94962,0.233265,0.326129,0.181987,0.0273983
0.0991754,0.1,0.94962,0.233265,0.326129,0.181987,0.0273983
0.0991754,0.1,0.94962,0.233265,0.326129,0.181987,0.0273983
0.0991754,0.1,0.94962,0.233265,0.326129,0.181987,0.0273983
0.0991754,0.1,0.94962,0.233265,0.326129,0.181987,0.0273983
0.0991754,0.1,0.94962,0.233265,0.326129,0.181987,0.0273983
0.0991754,0.1,0.94962,0.233265,0.326129,0.181987,0.0273983
0.0991754,0.1,0.94962,0.233265,0.326129,0.181987,0.0273983
0.0991754,0.1,0.94962,0.233265,0.326129,0.181987,0.0273983
0.0991754,0.1,0.94962,0.233265,0.326129,0.181987,0.0273983
0.0991754,0.1,0.94962,0.233265,0.326129,0.181987,0.0273983
0.0991754,0.1,0.94962,0.233265,0.326129,0.181987,0.0273983
0.0991754,0.1,0.94962,0.233265,0.326129,0.181987,0.0273983
0.0991754,0.1,0.94962,0.233265,0.326129,0.181987,0.0273983
0.0991754,0.1,0.94962,0.233265,0.326129,0.181987,0.0273983
0.0991754,0.1,0.94962,0.233265,0.326129,0.181987,0.0273983
0.0991754,0.1,0.94962,0.233265,0.326129,0.181987,0.0273983
0.0991754,0.1,0.94962,0.233265,0.326129,0.181987,0.0273983
0.102592,0.1,0.949659,0.229317,0.321534,0.181105,0.026251
0.102592,0.1,0.949659,0.229317,0.321534,0.181105,0.026251
0.102592,0.1,0.949659,0.229317,0.321534,0.181105,0.026251
0.102592,0.1,0.949659,0.229317,0.321534,0.181105,0.026251
0.102592,0.1,0.949659,0.229317,0.321534,0.181105,0.026251
0.102592,0.1,0.949659,0.229317,0.321534,0.181105,0.026251
0.102592,0.1,0.949659,0.229317,0.321534,0.181105,0.026251
0.102592,0.1,0.949659,0.229317,0.321534,0.181105,0.026251
0.102592,0.1,0.949659,0.229317,0.321534,0.181105,0.026251
0.102592,0.1,0.949659,0.229317,0.321534,0.181105,0.026251
0.102592,0.1,0.949659,0.229317,0.321534,0.181105,0.026251
0.102592,0.1,0.949659,0.229317,0.321534,0.181105,0.026251
0.102592,0.1,0.949659,0.229317,0.321534,0.181105,0.026251
0.102592,0.1,0.949659,0.229317,0.321534,0.181105,0.026251
0.102592,0.1,0.949659,0.229317,0.321534,0.181105,0.026251
0.102592,0.1,0.949659,0.229317,0.321534,0.181105,0.026251
0.102592,0.1,0.949659,0.229317,0.321534,0.181105,0.026251
0.102592,0.1,0.949659,0.229317,0.321534,0.181105,0.026251
0.102592,0.1,0.949659,0.229317,0.321534,0.181105,0.026251
0.102592,0.1,0.949659,0.229317,0.321534,0.181105,0.026251
0.102592,0.1,0.949659,0.229317,0.321534,0.181105,0.026251
0.102592,0.1,0.949659,0.229317,0.321534,0.181105,0.026251
0.102592,0.1,0.949659,0.229317,0.321534,0.181105,0.026251
0.102592,0.1,0.949659,0.229317,0.321534,0.181105,0.026251
0.102592,0.1,0.949659,0.229317,0.321534,0.181105,0.026251
0.102592,0.1,0.949659,0.229317,0.321534,0.181105,0.026251
0.102592,0.1,0.949659,0.229317,0.321534,0.181105,0.026251
0.102592,0.1,0.949659,0.229317,0.321534,0.181105,0.026251
0.102592,0.1,0.949659,0.229317,0.321534,0.181105,0.026251
0.102592,0.1,0.949659,0.229317,0.321534,0.181105,0.026251
0.102592,0.1,0.949659,0.229317,0.321534,0.181105,0.026251
0.102592,0.1,0.949659,0.229317,0.321534,0.181105,0.026251
0.102592,0.1,0.949659,0.229317,0.321534,0.181105,0.026251
0.102592,0.1,0.949659,0.229317,0.321534,0.181105,0.026251
0.102592,0.1,0.949659,0.229317,0.321534,0.181105,0.026251
0.102592,0.1,0.949659,0.229317,0.321534,0.181105,0.026251
0.102592,0.1,0.949659,0.229317,0.321534,0.181105,0.026251
0.102592,0.1,0.949659,0.229317,0.321534,0.181105,0.026251
0.102592,0.1,0.949659,0.229317,0.321534,0.181105,0.026251
0.102592,0.1,0.949659,0.229317,0.321534,0.181105,0.026251
0.102592,0.1,0.949659,0.229317,0.321534,0.181105,0.026251
0.102592,0.1,0.949659,0.229317,0.321534,0.181105,0.026251
0.102592,0.1,0.949659,0.229317,0.321534,0.181105,0.026251
0.102592,0.1,0.949659,0.229317,0.321534,0.181105,0.026251
0.102592,0.1,0.949659,0.229317,0.321534,0.181105,0.026251
0.102592,0.1,0.949659,0.229317,0.321534,0.181105,0.026251
0.102592,0.1,0.949659,0.229317,0.321534,0.181105,0.026251
0.102592,0.1,0.949659,0.229317,0.321534,0.181105,0.026251
0.102592,0.1,0.949659,0.229317,0.321534,0.181105,0.026251
0.102592,0.1,0.949659,0.229317,0.321534,0.181105,0.026251
0.102592,0.1,0.949659,0.229317,0.321534,0.181105,0.026251
0.102592,0.1,0.949659,0.229317,0.321534,0.181105,0.026251
0.102592,0.1,0.949659,0.229317,0.321534,0.181105,0.026251
0.102592,0.1,0.949659,0.229317,0.321534,0.181105,0.026251
0.102592,0.1,0.949659,0.229317,0.321534,0.181105,0.026251
0.102592,0.1,0.949659,0.229317,0.321534,0.181105,0.026251
0.102592,0.1,0.949659,0.229317,0.321534,0.181105,0.026251
0.102592,0.1,0.949659,0.229317,0.321534,0.181105,0.026251
0.102592,0.1,0.949659,0.229317,0.321534,0.181105,0.026251
0.102592,0.1,0.949659,0.229317,0.321534,0.181105,0.026251
0.102592,0.1,0.949659,0.229317,0.321534,0.181105,0.026251
0.102592,0.1,0.949659,0.229317,0.321534,0.181105,0.026251
0.102592,0.1,0.949659,0.229317,0.321534,0.181105,0.026251
0.102592,0.1,0.949659,0.229317,0.321534,0.181105,0.026251
0.102592,0.1,0.949659,0.229317,0.321534,0.181105,0.026251
0.102592,0.1,0.949659,0.229317,0.321534,0.181105,0.026251
0.102592,0.1,0.949659,0.229317,0.321534,0.181105,0.026251
0.102592,0.1,0.949659,0.229317,0.321534,0.181105,0.026251
0.100405,0.1,0.947247,0.225409,0.28185,0.179746,0.0224767
0.100405,0.1,0.947247,0.225409,0.28185,0.179746,0.0224767
0.100405,0.1,0.947247,0.225409,0.28185,0.179746,0.0224767
0.100405,0.1,0.947247,0.225409,0.28185,0.179746,0.0224767
0.100405,0.1,0.947247,0.225409,0.28185,0.179746,0.0224767
0.100405,0.1,0.947247,0.225409,0.28185,0.179746,0.0224767
0.100405,0.1,0.947247,0.225409,0.28185,0.179746,0.0224767
0.100405,0.1,0.947247,0.225409,0.28185,0.179746,0.0224767
0.100405,0.1,0.947247,0.225409,0.28185,0.179746,0.0224767
0.100405,0.1,0.947247,0.225409,0.28185,0.179746,0.0224767
0.100405,0.1,0.947247,0.225409,0.28185,0.179746,0.0224767
0.100405,0.1,0.947247,0.225409,0.28185,0.179746,0.0224767
0.0982076,0.1,0.948771,0.213763,0.254504,0.181714,0.0215427
0.0982076,0.1,0.948771,0.213763,0.254504,0.181714,0.0215427
0.0982076,0.1,0.948771,0.213763,0.254504,0.181714,0.0215427
0.0982076,0.1,0.948771,0.213763,0.254504,0.181714,0.0215427
0.0982076,0.1,0.948771,0.213763,0.254504,0.181714,0.0215427
0.0982076,0.1,0.948771,0.213763,0.254504,0.181714,0.0215427
0.0982076,0.1,0.948771,0.213763,0.254504,0.181714,0.0215427
0.0982076,0.1,0.948771,0.213763,0.254504,0.181714,0.0215427
0.0982076,0.1,0.948771,0.213763,0.254504,0.181714,0.0215427
0.0982076,0.1,0.948771,0.213763,0.254504,0.181714,0.0215427
0.0982076,0.1,0.948771,0.213763,0.254504,0.181714,0.0215427
0.0982076,0.1,0.948771,0.213763,0.254504,0.181714,0.0215427
0.0982076,0.1,0.948771,0.213763,0.254504,0.181714,0.0215427
0.0982076,0.1,0.948771,0.213763,0.254504,0.181714,0.0215427
0.0982076,0.1,0.948771,0.213763,0.254504,0.181714,0.0215427
0.0982076,0.1,0.948771,0.213763,0.254504,0.181714,0.0215427
0.0982076,0.1,0.948771,0.213763,0.254504,0.181714,0.0215427
0.0982076,0.1,0.948771,0.213763,0.254504,0.181714,0.0215427
0.0982076,0.1,0.948771,0.213763,0.254504,0.181714,0.0215427
0.0982076,0.1,0.948771,0.213763,0.254504,0.181714,0.0215427
0.0982076,0.1,0.948771,0.213763,0.254504,0.181714,0.0215427
0.0982076,0.1,0.948771,0.213763,0.254504,0.181714,0.0215427
0.0982076,0.1,0.948771,0.213763,0.254504,0.181714,0.0215427
0.0982076,0.1,0.948771,0.213763,0.254504,0.181714,0.0215427
0.0982076,0.1,0.948771,0.213763,0.254504,0.181714,0.0215427
0.0982076,0.1,0.948771,0.213763,0.254504,0.181714,0.0215427
0.0982076,0.1,0.948771,0.213763,0.254504,0.181714,0.0215427
0.0982076,0.1,0.948771,0.213763,0.254504,0.181714,0.0215427
0.0982076,0.1,0.948771,0.213763,0.254504,0.181714,0.0215427
0.10065,0.1,0.949514,0.218079,0.272463,0.181514,0.0210338
0.10065,0.1,0.949514,0.218079,0.272463,0.181514,0.0210338
0.103349,0.1,0.953026,0.21262,0.222089,0.181623,0.0190966
0.103349,0.1,0.953026,0.21262,0.222089,0.181623,0.0190966
0.103349,0.1,0.953026,0.21262,0.222089,0.181623,0.0190966
0.103349,0.1,0.953026,0.21262,0.222089,0.181623,0.0190966
0.103349,0.1,0.953026,0.21262,0.222089,0.181623,0.0190966
0.103349,0.1,0.953026,0.21262,0.222089,0.181623,0.0190966
0.103349,0.1,0.953026,0.21262,0.222089,0.181623,0.0190966
0.103349,0.1,0.953026,0.21262,0.222089,0.181623,0.0190966
0.103349,0.1,0.953026,0.21262,0.222089,0.181623,0.0190966
0.103349,0.1,0.953026,0.21262,0.222089,0.181623,0.0190966
0.103349,0.1,0.953026,0.21262,0.222089,0.181623,0.0190966
0.103349,0.1,0.953026,0.21262,0.222089,0.181623,0.0190966
0.103349,0.1,0.953026,0.21262,0.222089,0.181623,0.0190966
0.103349,0.1,0.953026,0.21262,0.222089,0.181623,0.0190966
0.103349,0.1,0.953026,0.21262,0.222089,0.181623,0.0190966
0.103349,0.1,0.953026,0.21262,0.222089,0.181623,0.0190966
0.103349,0.1,0.953026,0.21262,0.222089,0.181623,0.0190966
0.103349,0.1,0.953026,0.21262,0.222089,0.181623,0.0190966
0.103349,0.1,0.953026,0.21262,0.222089,0.181623,0.0190966
0.103349,0.1,0.953026,0.21262,0.222089,0.181623,0.0190966
0.103349,0.1,0.953026,0.21262,0.222089,0.181623,0.0190966
0.103349,0.1,0.953026,0.21262,0.222089,0.181623,0.0190966
0.103349,0.1,0.953026,0.21262,0.222089,0.181623,0.0190966
0.103349,0.1,0.953026,0.21262,0.222089,0.181623,0.0190966
0.103349,0.1,0.953026,0.21262,0.222089,0.181623,0.0190966
0.103349,0.1,0.953026,0.21262,0.222089,0.181623,0.0190966
0.103349,0.1,0.953026,0.21262,0.222089,0.181623,0.0190966
0.103349,0.1,0.953026,0.21262,0.222089,0.181623,0.0190966
0.103349,0.1,0.953026,0.21262,0.222089,0.181623,0.0190966
0.103349,0.1,0.953026,0.21262,0.222089,0.181623,0.0190966
0.103349,0.1,0.953026,0.21262,0.222089,0.181623,0.0190966
0.103349,0.1,0.953026,0.21262,0.222089,0.181623,0.0190966
0.103349,0.1,0.953026,0.21262,0.222089,0.181623,0.0190966
0.103349,0.1,0.953026,0.21262,0.222089,0.181623,0.0190966
0.103349,0.1,0.953026,0.21262,0.222089,0.181623,0.0190966
0.103349,0.1,0.953026,0.21262,0.222089,0.181623,0.0190966
0.103349,0.1,0.953026,0.21262,0.222089,0.181623,0.0190966
0.103349,0.1,0.953026,0.21262,0.222089,0.181623,0.0190966
0.103349,0.1,0.953026,0.21262,0.222089,0.181623,0.0190966
0.103349,0.1,0.953026,0.21262,0.222089,0.181623,0.0190966
0.103349,0.1,0.953026,0.21262,0.222089,0.181623,0.0190966
0.103349,0.1,0.953026,0.21262,0.222089,0.181623,0.0190966
0.103349,0.1,0.953026,0.21262,0.222089,0.181623,0.0190966
0.103349,0.1,0.953026,0.21262,0.222089,0.181623,0.0190966
0.103349,0.1,0.953026,0.21262,0.222089,0.181623,0.0190966
0.103349,0.1,0.953026,0.21262,0.222089,0.181623,0.0190966
0.103349,0.1,0.953026,0.21262,0.222089,0.181623,0.0190966
0.103349,0.1,0.953026,0.21262,0.222089,0.181623,0.0190966
0.103349,0.1,0.953026,0.21262,0.222089,0.181623,0.0190966
0.103349,0.1,0.953026,0.21262,0.222089,0.181623,0.0190966
0.103349,0.1,0.953026,0.21262,0.222089,0.181623,0.0190966
0.103349,0.1,0.953026,0.21262,0.222089,0.181623,0.0190966
0.103349,0.1,0.953026,0.21262,0.222089,0.181623,0.0190966
0.103349,0.1,0.953026,0.21262,0.222089,0.181623,0.0190966
0.103349,0.1,0.953026,0.21262,0.222089,0.181623,0.0190966
0.103349,0.1,0.953026,0.21262,0.222089,0.181623,0.0190966
0.103349,0.1,0.953026,0.21262,0.222089,0.181623,0.0190966
0.103349,0.1,0.953026,0.21262,0.222089,0.181623,0.0190966
0.103349,0.1,0.953026,0.21262,0.222089,0.181623,0.0190966
0.103349,0.1,0.953026,0.21262,0.222089,0.181623,0.0190966
0.103349,0.1,0.953026,0.21262,0.222089,0.181623,0.0190966
0.103349,0.1,0.953026,0.21262,0.222089,0.181623,0.0190966
0.103349,0.1,0.953026,0.21262,0.222089,0.181623,0.0190966
0.103349,0.1,0.953026,0.21262,0.222089,0.181623,0.0190966
0.103349,0.1,0.953026,0.21262,0.222089,0.181623,0.0190966
0.103349,0.1,0.953026,0.21262,0.222089,0.181623,0.0190966
0.103349,0.1,0.953026,0.21262,0.222089,0.181623,0.0190966
0.103349,0.1,0.953026,0.21262,0.222089,0.181623,0.0190966
0.103349,0.1,0.953026,0.21262,0.222089,0.181623,0.0190966
0.103349,0.1,0.953026,0.21262,0.222089,0.181623,0.0190966
0.103349,0.1,0.953026,0.21262,0.222089,0.181623,0.0190966
0.103349,0.1,0.953026,0.21262,0.222089,0.181623,0.0190966
0.103349,0.1,0.953026,0.21262,0.222089,0.181623,0.0190966
0.103349,0.1,0.953026,0.21262,0.222089,0.181623,0.0190966
0.103349,0.1,0.953026,0.21262,0.222089,0.181623,0.0190966
0.103349,0.1,0.953026,0.21262,0.222089,0.181623,0.0190966
0.103349,0.1,0.953026,0.21262,0.222089,0.181623,0.0190966
0.103349,0.1,0.953026,0.21262,0.222089,0.181623,0.0190966
0.103349,0.1,0.953026,0.21262,0.222089,0.181623,0.0190966
0.103349,0.1,0.953026,0.21262,0.222089,0.181623,0.0190966
0.103349,0.1,0.953026,0.21262,0.222089,0.181623,0.0190966
0.103349,0.1,0.953026,0.21262,0.222089,0.181623,0.0190966
0.103349,0.1,0.953026,0.21262,0.222089,0.181623,0.0190966
0.103349,0.1,0.953026,0.21262,0.222089,0.181623,0.0190966
0.103349,0.1,0.953026,0.21262,0.222089,0.181623,0.0190966
0.103349,0.1,0.953026,0.21262,0.222089,0.181623,0.0190966
0.103349,0.1,0.953026,0.21262,0.222089,0.181623,0.0190966
0.103349,0.1,0.953026,0.21262,0.222089,0.181623,0.0190966
0.103349,0.1,0.953026,0.21262,0.222089,0.181623,0.0190966
0.103349,0.1,0.953026,0.21262,0.222089,0.181623,0.0190966
0.103349,0.1,0.953026,0.21262,0.222089,0.181623,0.0190966
0.103349,0.1,0.953026,0.21262,0.222089,0.181623,0.0190966
0.103349,0.1,0.953026,0.21262,0.222089,0.181623,0.0190966
0.103349,0.1,0.953026,0.21262,0.222089,0.181623,0.0190966
0.103349,0.1,0.953026,0.21262,0.222089,0.181623,0.0190966
0.103349,0.1,0.953026,0.21262,0.222089,0.181623,0.0190966
0.103349,0.1,0.953026,0.21262,0.222089,0.181623,0.0190966
0.103349,0.1,0.953026,0.21262,0.222089,0.181623,0.0190966
0.103349,0.1,0.953026,0.21262,0.222089,0.181623,0.0190966
0.103349,0.1,0.953026,0.21262,0.222089,0.181623,0.0190966
0.103349,0.1,0.953026,0.21262,0.222089,0.181623,0.0190966
0.102288,0.1,0.951242,0.216712,0.230451,0.181635,0.0189644
0.102288,0.1,0.951242,0.216712,0.230451,0.181635,0.0189644
0.102288,0.1,0.951242,0.216712,0.230451,0.181635,0.0189644
0.102288,0.1,0.951242,0.216712,0.230451,0.181635,0.0189644
0.102288,0.1,0.951242,0.216712,0.230451,0.181635,0.0189644
0.102288,0.1,0.951242,0.216712,0.230451,0.181635,0.0189644
0.102288,0.1,0.951242,0.216712,0.230451,0.181635,0.0189644
0.102288,0.1,0.951242,0.216712,0.230451,0.181635,0.0189644
0.102288,0.1,0.951242,0.216712,0.230451,0.181635,0.0189644
0.102288,0.1,0.951242,0.216712,0.230451,0.181635,0.0189644
0.102288,0.1,0.951242,0.216712,0.230451,0.181635,0.0189644
0.102288,0.1,0.951242,0.216712,0.230451,0.181635,0.0189644
0.102288,0.1,0.951242,0.216712,0.230451,0.181635,0.0189644
0.102288,0.1,0.951242,0.216712,0.230451,0.181635,0.0189644
0.102288,0.1,0.951242,0.216712,0.230451,0.181635,0.0189644
0.102288,0.1,0.951242,0.216712,0.230451,0.181635,0.0189644
0.102288,0.1,0.951242,0.216712,0.230451,0.181635,0.0189644
0.102288,0.1,0.951242,0.216712,0.230451,0.181635,0.0189644
0.102288,0.1,0.951242,0.216712,0.230451,0.181635,0.0189644
0.102288,0.1,0.951242,0.216712,0.230451,0.181635,0.0189644
0.102288,0.1,0.951242,0.216712,0.230451,0.181635,0.0189644
0.102288,0.1,0.951242,0.216712,0.230451,0.181635,0.0189644
0.102288,0.1,0.951242,0.216712,0.230451,0.181635,0.0189644
0.102288,0.1,0.951242,0.216712,0.230451,0.181635,0.0189644
0.102288,0.1,0.951242,0.216712,0.230451,0.181635,0.0189644
0.102288,0.1,0.951242,0.216712,0.230451,0.181635,0.0189644
0.102288,0.1,0.951242,0.216712,0.230451,0.181635,0.0189644
0.102288,0.1,0.951242,0.216712,0.230451,0.181635,0.0189644
0.102288,0.1,0.951242,0.216712,0.230451,0.181635,0.0189644
0.102288,0.1,0.951242,0.216712,0.230451,0.181635,0.0189644
0.102288,0.1,0.951242,0.216712,0.230451,0.181635,0.0189644
0.102288,0.1,0.951242,0.216712,0.230451,0.181635,0.0189644
0.102288,0.1,0.951242,0.216712,0.230451,0.181635,0.0189644
0.102288,0.1,0.951242,0.216712,0.230451,0.181635,0.0189644
0.102288,0.1,0.951242,0.216712,0.230451,0.181635,0.0189644
0.102288,0.1,0.951242,0.216712,0.230451,0.181635,0.0189644
0.102288,0.1,0.951242,0.216712,0.230451,0.181635,0.0189644
0.102288,0.1,0.951242,0.216712,0.230451,0.181635,0.0189644
0.102288,0.1,0.951242,0.216712,0.230451,0.181635,0.0189644
0.102288,0.1,0.951242,0.216712,0.230451,0.181635,0.0189644
0.102288,0.1,0.951242,0.216712,0.230451,0.181635,0.0189644
0.102288,0.1,0.951242,0.216712,0.230451,0.181635,0.0189644
0.101152,0.1,0.948547,0.21373,0.224191,0.180581,0.0176897
0.101152,0.1,0.948547,0.21373,0.224191,0.180581,0.0176897
0.101152,0.1,0.948547,0.21373,0.224191,0.180581,0.0176897
0.101152,0.1,0.948547,0.21373,0.224191,0.180581,0.0176897
0.101152,0.1,0.948547,0.21373,0.224191,0.180581,0.0176897
0.101152,0.1,0.948547,0.21373,0.224191,0.180581,0.0176897
0.101152,0.1,0.948547,0.21373,0.224191,0.180581,0.0176897
0.101152,0.1,0.948547,0.21373,0.224191,0.180581,0.0176897
0.101152,0.1,0.948547,0.21373,0.224191,0.180581,0.0176897
0.101152,0.1,0.948547,0.21373,0.224191,0.180581,0.0176897
0.101152,0.1,0.948547,0.21373,0.224191,0.180581,0.0176897
0.101152,0.1,0.948547,0.21373,0.224191,0.180581,0.0176897
0.101152,0.1,0.948547,0.21373,0.224191,0.180581,0.0176897
0.101152,0.1,0.948547,0.21373,0.224191,0.180581,0.0176897
0.101152,0.1,0.948547,0.21373,0.224191,0.180581,0.0176897
0.101152,0.1,0.948547,0.21373,0.224191,0.180581,0.0176897
0.101152,0.1,0.948547,0.21373,0.224191,0.180581,0.0176897
0.101152,0.1,0.948547,0.21373,0.224191,0.180581,0.0176897
0.101152,0.1,0.948547,0.21373,0.224191,0.180581,0.0176897
0.101152,0.1,0.948547,0.21373,0.224191,0.180581,0.0176897
0.101152,0.1,0.948547,0.21373,0.224191,0.180581,0.0176897
0.101152,0.1,0.948547,0.21373,0.224191,0.180581,0.0176897
0.101152,0.1,0.948547,0.21373,0.224191,0.180581,0.0176897
0.101152,0.1,0.948547,0.21373,0.224191,0.180581,0.0176897
0.101152,0.1,0.948547,0.21373,0.224191,0.180581,0.0176897
0.101152,0.1,0.948547,0.21373,0.224191,0.180581,0.0176897
0.101152,0.1,0.948547,0.21373,0.224191,0.180581,0.0176897
0.101152,0.1,0.948547,0.21373,0.224191,0.180581,0.0176897
0.101152,0.1,0.948547,0.21373,0.224191,0.180581,0.0176897
0.101152,0.1,0.948547,0.21373,0.224191,0.180581,0.0176897
0.101152,0.1,0.948547,0.21373,0.224191,0.180581,0.0176897
0.101152,0.1,0.948547,0.21373,0.224191,0.180581,0.0176897
0.101152,0.1,0.948547,0.21373,0.224191,0.180581,0.0176897
0.101152,0.1,0.948547,0.21373,0.224191,0.180581,0.0176897
0.101152,0.1,0.948547,0.21373,0.224191,0.180581,0.0176897
0.101152,0.1,0.948547,0.21373,0.224191,0.180581,0.0176897
0.101152,0.1,0.948547,0.21373,0.224191,0.180581,0.0176897
0.101152,0.1,0.948547,0.21373,0.224191,0.180581,0.0176897
0.101152,0.1,0.948547,0.21373,0.224191,0.180581,0.0176897
0.101152,0.1,0.948547,0.21373,0.224191,0.180581,0.0176897
0.101152,0.1,0.948547,0.21373,0.224191,0.180581,0.0176897
0.101152,0.1,0.948547,0.21373,0.224191,0.180581,0.0176897
0.101152,0.1,0.948547,0.21373,0.224191,0.180581,0.0176897
0.101152,0.1,0.948547,0.21373,0.224191,0.180581,0.0176897
0.101152,0.1,0.948547,0.21373,0.224191,0.180581,0.0176897
0.101152,0.1,0.948547,0.21373,0.224191,0.180581,0.0176897
0.101152,0.1,0.948547,0.21373,0.224191,0.180581,0.0176897
0.101152,0.1,0.948547,0.21373,0.224191,0.180581,0.0176897
0.101152,0.1,0.948547,0.21373,0.224191,0.180581,0.0176897
0.101152,0.1,0.948547,0.21373,0.224191,0.180581,0.0176897
0.101152,0.1,0.948547,0.21373,0.224191,0.180581,0.0176897
0.101152,0.1,0.948547,0.21373,0.224191,0.180581,0.0176897
0.101152,0.1,0.948547,0.21373,0.224191,0.180581,0.0176897
0.101152,0.1,0.948547,0.21373,0.224191,0.180581,0.0176897
0.101152,0.1,0.948547,0.21373,0.224191,0.180581,0.0176897
0.101152,0.1,0.948547,0.21373,0.224191,0.180581,0.0176897
0.101152,0.1,0.948547,0.21373,0.224191,0.180581,0.0176897
0.101152,0.1,0.948547,0.21373,0.224191,0.180581,0.0176897
0.101152,0.1,0.948547,0.21373,0.224191,0.180581,0.0176897
0.101152,0.1,0.948547,0.21373,0.224191,0.180581,0.0176897
0.101152,0.1,0.948547,0.21373,0.224191,0.180581,0.0176897
0.101152,0.1,0.948547,0.21373,0.224191,0.180581,0.0176897
0.101152,0.1,0.948547,0.21373,0.224191,0.180581,0.0176897
0.101152,0.1,0.948547,0.21373,0.224191,0.180581,0.0176897
0.101152,0.1,0.948547,0.21373,0.224191,0.180581,0.0176897
0.101152,0.1,0.948547,0.21373,0.224191,0.180581,0.0176897
0.101152,0.1,0.948547,0.21373,0.224191,0.180581,0.0176897
0.101152,0.1,0.948547,0.21373,0.224191,0.180581,0.0176897
0.101152,0.1,0.948547,0.21373,0.224191,0.180581,0.0176897
0.101152,0.1,0.948547,0.21373,0.224191,0.180581,0.0176897
0.101152,0.1,0.948547,0.21373,0.224191,0.180581,0.0176897
0.101152,0.1,0.948547,0.21373,0.224191,0.180581,0.0176897
0.101152,0.1,0.948547,0.21373,0.224191,0.180581,0.0176897
0.101152,0.1,0.948547,0.21373,0.224191,0.180581,0.0176897
0.101152,0.1,0.948547,0.21373,0.224191,0.180581,0.0176897
0.101152,0.1,0.948547,0.21373,0.224191,0.180581,0.0176897
0.101152,0.1,0.948547,0.21373,0.224191,0.180581,0.0176897
0.101152,0.1,0.948547,0.21373,0.224191,0.180581,0.0176897
0.101152,0.1,0.948547,0.21373,0.224191,0.180581,0.0176897
0.101152,0.1,0.948547,0.21373,0.224191,0.180581,0.0176897
0.101152,0.1,0.948547,0.21373,0.224191,0.180581,0.0176897
0.101152,0.1,0.948547,0.21373,0.224191,0.180581,0.0176897
0.101152,0.1,0.948547,0.21373,0.224191,0.180581,0.0176897
0.101152,0.1,0.948547,0.21373,0.224191,0.180581,0.0176897
0.101152,0.1,0.948547,0.21373,0.224191,0.180581,0.0176897
0.101152,0.1,0.948547,0.21373,0.224191,0.180581,0.0176897
0.101152,0.1,0.948547,0.21373,0.224191,0.180581,0.0176897
0.101152,0.1,0.948547,0.21373,0.224191,0.180581,0.0176897
0.100231,0.1,0.946248,0.212738,0.219072,0.180118,0.0175456
0.100231,0.1,0.946248,0.212738,0.219072,0.180118,0.0175456
0.100231,0.1,0.946248,0.212738,0.219072,0.180118,0.0175456
0.100231,0.1,0.946248,0.212738,0.219072,0.180118,0.0175456
0.100231,0.1,0.946248,0.212738,0.219072,0.180118,0.0175456
0.100231,0.1,0.946248,0.212738,0.219072,0.180118,0.0175456
0.100231,0.1,0.946248,0.212738,0.219072,0.180118,0.0175456
0.100231,0.1,0.946248,0.212738,0.219072,0.180118,0.0175456
0.100231,0.1,0.946248,0.212738,0.219072,0.180118,0.0175456
0.100231,0.1,0.946248,0.212738,0.219072,0.180118,0.0175456
0.100737,0.1,0.951973,0.203212,0.123003,0.178065,0.016952
0.100737,0.1,0.951973,0.203212,0.123003,0.178065,0.016952
0.100737,0.1,0.951973,0.203212,0.123003,0.178065,0.016952
0.100737,0.1,0.951973,0.203212,0.123003,0.178065,0.016952
0.100871,0.1,0.950936,0.187782,0.0774904,0.184915,0.0123416
0.100871,0.1,0.950936,0.187782,0.0774904,0.184915,0.0123416
0.100871,0.1,0.950936,0.187782,0.0774904,0.184915,0.0123416
0.100871,0.1,0.950936,0.187782,0.0774904,0.184915,0.0123416
0.100871,0.1,0.950936,0.187782,0.0774904,0.184915,0.0123416
0.100871,0.1,0.950936,0.187782,0.0774904,0.184915,0.0123416
0.100871,0.1,0.950936,0.187782,0.0774904,0.184915,0.0123416
0.100871,0.1,0.950936,0.187782,0.0774904,0.184915,0.0123416
0.100871,0.1,0.950936,0.187782,0.0774904,0.184915,0.0123416
0.100871,0.1,0.950936,0.187782,0.0774904,0.184915,0.0123416
0.100871,0.1,0.950936,0.187782,0.0774904,0.184915,0.0123416
0.100871,0.1,0.950936,0.187782,0.0774904,0.184915,0.0123416
0.100871,0.1,0.950936,0.187782,0.0774904,0.184915,0.0123416
0.100871,0.1,0.950936,0.187782,0.0774904,0.184915,0.0123416
0.100871,0.1,0.950936,0.187782,0.0774904,0.184915,0.0123416
0.100871,0.1,0.950936,0.187782,0.0774904,0.184915,0.0123416
0.100871,0.1,0.950936,0.187782,0.0774904,0.184915,0.0123416
0.100871,0.1,0.950936,0.187782,0.0774904,0.184915,0.0123416
0.100871,0.1,0.950936,0.187782,0.0774904,0.184915,0.0123416
0.100871,0.1,0.950936,0.187782,0.0774904,0.184915,0.0123416
0.100871,0.1,0.950936,0.187782,0.0774904,0.184915,0.0123416
0.100871,0.1,0.950936,0.187782,0.0774904,0.184915,0.0123416
0.100871,0.1,0.950936,0.187782,0.0774904,0.184915,0.0123416
0.100871,0.1,0.950936,0.187782,0.0774904,0.184915,0.0123416
0.100871,0.1,0.950936,0.187782,0.0774904,0.184915,0.0123416
0.100871,0.1,0.950936,0.187782,0.0774904,0.184915,0.0123416
0.100871,0.1,0.950936,0.187782,0.0774904,0.184915,0.0123416
0.100871,0.1,0.950936,0.187782,0.0774904,0.184915,0.0123416
0.100871,0.1,0.950936,0.187782,0.0774904,0.184915,0.0123416
0.100871,0.1,0.950936,0.187782,0.0774904,0.184915,0.0123416
0.100871,0.1,0.950936,0.187782,0.0774904,0.184915,0.0123416
0.100871,0.1,0.950936,0.187782,0.0774904,0.184915,0.0123416
0.100871,0.1,0.950936,0.187782,0.0774904,0.184915,0.0123416
0.100871,0.1,0.950936,0.187782,0.0774904,0.184915,0.0123416
0.100871,0.1,0.950936,0.187782,0.0774904,0.184915,0.0123416
0.100871,0.1,0.950936,0.187782,0.0774904,0.184915,0.0123416
0.100871,0.1,0.950936,0.187782,0.0774904,0.184915,0.0123416
0.100871,0.1,0.950936,0.187782,0.0774904,0.184915,0.0123416
0.100871,0.1,0.950936,0.187782,0.0774904,0.184915,0.0123416
0.100871,0.1,0.950936,0.187782,0.0774904,0.184915,0.0123416
0.100871,0.1,0.950936,0.187782,0.0774904,0.184915,0.0123416
0.100871,0.1,0.950936,0.187782,0.0774904,0.184915,0.0123416
0.100871,0.1,0.950936,0.187782,0.0774904,0.184915,0.0123416
0.100871,0.1,0.950936,0.187782,0.0774904,0.184915,0.0123416
0.0998723,0.1,0.95154,0.192394,0.099196,0.182055,0.0112054
0.0998723,0.1,0.95154,0.192394,0.099196,0.182055,0.0112054
0.0998723,0.1,0.95154,0.192394,0.099196,0.182055,0.0112054
0.0998723,0.1,0.95154,0.192394,0.099196,0.182055,0.0112054
0.0998723,0.1,0.95154,0.192394,0.099196,0.182055,0.0112054
0.0998723,0.1,0.95154,0.192394,0.099196,0.182055,0.0112054
0.0998723,0.1,0.95154,0.192394,0.099196,0.182055,0.0112054
0.0998723,0.1,0.95154,0.192394,0.099196,0.182055,0.0112054
0.0998723,0.1,0.95154,0.192394,0.099196,0.182055,0.0112054
0.0998723,0.1,0.95154,0.192394,0.099196,0.182055,0.0112054
0.0998723,0.1,0.95154,0.192394,0.099196,0.182055,0.0112054
0.0998723,0.1,0.95154,0.192394,0.099196,0.182055,0.0112054
0.0998723,0.1,0.95154,0.192394,0.099196,0.182055,0.0112054
0.0998723,0.1,0.95154,0.192394,0.099196,0.182055,0.0112054
0.0998723,0.1,0.95154,0.192394,0.099196,0.182055,0.0112054
0.0998723,0.1,0.95154,0.192394,0.099196,0.182055,0.0112054
0.0998723,0.1,0.95154,0.192394,0.099196,0.182055,0.0112054
0.0998723,0.1,0.95154,0.192394,0.099196,0.182055,0.0112054
0.0998723,0.1,0.95154,0.192394,0.099196,0.182055,0.0112054
0.0998723,0.1,0.95154,0.192394,0.099196,0.182055,0.0112054
0.0998723,0.1,0.95154,0.192394,0.099196,0.182055,0.0112054
0.0998723,0.1,0.95154,0.192394,0.099196,0.182055,0.0112054
0.0998723,0.1,0.95154,0.192394,0.099196,0.182055,0.0112054
0.0998723,0.1,0.95154,0.192394,0.099196,0.182055,0.0112054
0.0998723,0.1,0.95154,0.192394,0.099196,0.182055,0.0112054
0.0998723,0.1,0.95154,0.192394,0.099196,0.182055,0.0112054
0.0998723,0.1,0.95154,0.192394,0.099196,0.182055,0.0112054
0.0998723,0.1,0.95154,0.192394,0.099196,0.182055,0.0112054
0.0998723,0.1,0.95154,0.192394,0.099196,0.182055,0.0112054
0.0998723,0.1,0.95154,0.192394,0.099196,0.182055,0.0112054
0.0998723,0.1,0.95154,0.192394,0.099196,0.182055,0.0112054
0.0998723,0.1,0.95154,0.192394,0.099196,0.182055,0.0112054
0.0998723,0.1,0.95154,0.192394,0.099196,0.182055,0.0112054
0.0998723,0.1,0.95154,0.192394,0.099196,0.182055,0.0112054
0.0998723,0.1,0.95154,0.192394,0.099196,0.182055,0.0112054
0.0998723,0.1,0.95154,0.192394,0.099196,0.182055,0.0112054
0.0998723,0.1,0.95154,0.192394,0.099196,0.182055,0.0112054
0.0998723,0.1,0.95154,0.192394,0.099196,0.182055,0.0112054
0.0998723,0.1,0.95154,0.192394,0.099196,0.182055,0.0112054
0.0998723,0.1,0.95154,0.192394,0.099196,0.182055,0.0112054
0.0998723,0.1,0.95154,0.192394,0.099196,0.182055,0.0112054
0.0998723,0.1,0.95154,0.192394,0.099196,0.182055,0.0112054
0.0998723,0.1,0.95154,0.192394,0.099196,0.182055,0.0112054
0.0998723,0.1,0.95154,0.192394,0.099196,0.182055,0.0112054
0.0998723,0.1,0.95154,0.192394,0.099196,0.182055,0.0112054
0.0998723,0.1,0.95154,0.192394,0.099196,0.182055,0.0112054
0.0998723,0.1,0.95154,0.192394,0.099196,0.182055,0.0112054
0.0998723,0.1,0.95154,0.192394,0.099196,0.182055,0.0112054
0.0998723,0.1,0.95154,0.192394,0.099196,0.182055,0.0112054
0.0998723,0.1,0.95154,0.192394,0.099196,0.182055,0.0112054
0.0998723,0.1,0.95154,0.192394,0.099196,0.182055,0.0112054
0.0998723,0.1,0.95154,0.192394,0.099196,0.182055,0.0112054
0.0998723,0.1,0.95154,0.192394,0.099196,0.182055,0.0112054
0.0998723,0.1,0.95154,0.192394,0.099196,0.182055,0.0112054
0.0998723,0.1,0.95154,0.192394,0.099196,0.182055,0.0112054
0.0998723,0.1,0.95154,0.192394,0.099196,0.182055,0.0112054
0.0998723,0.1,0.95154,0.192394,0.099196,0.182055,0.0112054
0.0998723,0.1,0.95154,0.192394,0.099196,0.182055,0.0112054
0.0998723,0.1,0.95154,0.192394,0.099196,0.182055,0.0112054
0.0998723,0.1,0.95154,0.192394,0.099196,0.182055,0.0112054
0.0998723,0.1,0.95154,0.192394,0.099196,0.182055,0.0112054
0.0998723,0.1,0.95154,0.192394,0.099196,0.182055,0.0112054
0.0998723,0.1,0.95154,0.192394,0.099196,0.182055,0.0112054
0.0998723,0.1,0.95154,0.192394,0.099196,0.182055,0.0112054
0.100373,0.1,0.952238,0.190007,0.099589,0.183377,0.0112036
0.100373,0.1,0.952238,0.190007,0.099589,0.183377,0.0112036
0.100373,0.1,0.952238,0.190007,0.099589,0.183377,0.0112036
0.100373,0.1,0.952238,0.190007,0.099589,0.183377,0.0112036
0.100373,0.1,0.952238,0.190007,0.099589,0.183377,0.0112036
0.100373,0.1,0.952238,0.190007,0.099589,0.183377,0.0112036
0.100373,0.1,0.952238,0.190007,0.099589,0.183377,0.0112036
0.100373,0.1,0.952238,0.190007,0.099589,0.183377,0.0112036
0.100373,0.1,0.952238,0.190007,0.099589,0.183377,0.0112036
0.100373,0.1,0.952238,0.190007,0.099589,0.183377,0.0112036
0.100373,0.1,0.952238,0.190007,0.099589,0.183377,0.0112036
0.100373,0.1,0.952238,0.190007,0.099589,0.183377,0.0112036
0.100373,0.1,0.952238,0.190007,0.099589,0.183377,0.0112036
0.100373,0.1,0.952238,0.190007,0.099589,0.183377,0.0112036
0.100373,0.1,0.952238,0.190007,0.099589,0.183377,0.0112036
0.100373,0.1,0.952238,0.190007,0.099589,0.183377,0.0112036
0.100373,0.1,0.952238,0.190007,0.099589,0.183377,0.0112036
0.100373,0.1,0.952238,0.190007,0.099589,0.183377,0.0112036
0.100373,0.1,0.952238,0.190007,0.099589,0.183377,0.0112036
0.100373,0.1,0.952238,0.190007,0.099589,0.183377,0.0112036
0.100373,0.1,0.952238,0.190007,0.099589,0.183377,0.0112036
0.100373,0.1,0.952238,0.190007,0.099589,0.183377,0.0112036
0.100373,0.1,0.952238,0.190007,0.099589,0.183377,0.0112036
0.100373,0.1,0.952238,0.190007,0.099589,0.183377,0.0112036
0.100373,0.1,0.952238,0.190007,0.099589,0.183377,0.0112036
0.100373,0.1,0.952238,0.190007,0.099589,0.183377,0.0112036
0.100373,0.1,0.952238,0.190007,0.099589,0.183377,0.0112036
0.100373,0.1,0.952238,0.190007,0.099589,0.183377,0.0112036
0.100373,0.1,0.952238,0.190007,0.099589,0.183377,0.0112036
0.100373,0.1,0.952238,0.190007,0.099589,0.183377,0.0112036
0.100373,0.1,0.952238,0.190007,0.099589,0.183377,0.0112036
0.100373,0.1,0.952238,0.190007,0.099589,0.183377,0.0112036
0.100373,0.1,0.952238,0.190007,0.099589,0.183377,0.0112036
0.100373,0.1,0.952238,0.190007,0.099589,0.183377,0.0112036
0.100373,0.1,0.952238,0.190007,0.099589,0.183377,0.0112036
0.100373,0.1,0.952238,0.190007,0.099589,0.183377,0.0112036
0.100243,0.1,0.951804,0.192544,0.104131,0.182472,0.011189
0.100243,0.1,0.951804,0.192544,0.104131,0.182472,0.011189
0.100243,0.1,0.951804,0.192544,0.104131,0.182472,0.011189
0.100243,0.1,0.951804,0.192544,0.104131,0.182472,0.011189
0.100243,0.1,0.951804,0.192544,0.104131,0.182472,0.011189
0.100243,0.1,0.951804,0.192544,0.104131,0.182472,0.011189
0.100243,0.1,0.951804,0.192544,0.104131,0.182472,0.011189
0.100243,0.1,0.951804,0.192544,0.104131,0.182472,0.011189
0.100243,0.1,0.951804,0.192544,0.104131,0.182472,0.011189
0.100243,0.1,0.951804,0.192544,0.104131,0.182472,0.011189
0.100243,0.1,0.951804,0.192544,0.104131,0.182472,0.011189
0.100243,0.1,0.951804,0.192544,0.104131,0.182472,0.011189
0.100243,0.1,0.951804,0.192544,0.104131,0.182472,0.011189
0.100243,0.1,0.951804,0.192544,0.104131,0.182472,0.011189
0.100243,0.1,0.951804,0.192544,0.104131,0.182472,0.011189
0.100243,0.1,0.951804,0.192544,0.104131,0.182472,0.011189
0.100243,0.1,0.951804,0.192544,0.104131,0.182472,0.011189
0.100243,0.1,0.951804,0.192544,0.104131,0.182472,0.011189
0.100243,0.1,0.951804,0.192544,0.104131,0.182472,0.011189
0.100243,0.1,0.951804,0.192544,0.104131,0.182472,0.011189
0.100243,0.1,0.951804,0.192544,0.104131,0.182472,0.011189
0.100243,0.1,0.951804,0.192544,0.104131,0.182472,0.011189
0.100243,0.1,0.951804,0.192544,0.104131,0.182472,0.011189
0.100243,0.1,0.951804,0.192544,0.104131,0.182472,0.011189
0.100243,0.1,0.951804,0.192544,0.104131,0.182472,0.011189
0.100243,0.1,0.951804,0.192544,0.104131,0.182472,0.011189
0.100243,0.1,0.951804,0.192544,0.104131,0.182472,0.011189
0.100243,0.1,0.951804,0.192544,0.104131,0.182472,0.011189
0.100243,0.1,0.951804,0.192544,0.104131,0.182472,0.011189
0.100243,0.1,0.951804,0.192544,0.104131,0.182472,0.011189
0.100243,0.1,0.951804,0.192544,0.104131,0.182472,0.011189
0.100243,0.1,0.951804,0.192544,0.104131,0.182472,0.011189
0.100243,0.1,0.951804,0.192544,0.104131,0.182472,0.011189
0.100243,0.1,0.951804,0.192544,0.104131,0.182472,0.011189
0.100243,0.1,0.951804,0.192544,0.104131,0.182472,0.011189
0.100243,0.1,0.951804,0.192544,0.104131,0.182472,0.011189
0.100882,0.1,0.950633,0.192048,0.105425,0.182068,0.0109548
0.100882,0.1,0.950633,0.192048,0.105425,0.182068,0.0109548
0.100882,0.1,0.950633,0.192048,0.105425,0.182068,0.0109548
0.100882,0.1,0.950633,0.192048,0.105425,0.182068,0.0109548
0.100882,0.1,0.950633,0.192048,0.105425,0.182068,0.0109548
0.100882,0.1,0.950633,0.192048,0.105425,0.182068,0.0109548
0.100882,0.1,0.950633,0.192048,0.105425,0.182068,0.0109548
0.100882,0.1,0.950633,0.192048,0.105425,0.182068,0.0109548
0.100882,0.1,0.950633,0.192048,0.105425,0.182068,0.0109548
0.100882,0.1,0.950633,0.192048,0.105425,0.182068,0.0109548
0.100882,0.1,0.950633,0.192048,0.105425,0.182068,0.0109548
0.100882,0.1,0.950633,0.192048,0.105425,0.182068,0.0109548
0.100882,0.1,0.950633,0.192048,0.105425,0.182068,0.0109548
0.100882,0.1,0.950633,0.192048,0.105425,0.182068,0.0109548
0.100882,0.1,0.950633,0.192048,0.105425,0.182068,0.0109548
0.100882,0.1,0.950633,0.192048,0.105425,0.182068,0.0109548
0.100882,0.1,0.950633,0.192048,0.105425,0.182068,0.0109548
0.100882,0.1,0.950633,0.192048,0.105425,0.182068,0.0109548
0.100882,0.1,0.950633,0.192048,0.105425,0.182068,0.0109548
0.100882,0.1,0.950633,0.192048,0.105425,0.182068,0.0109548
0.100882,0.1,0.950633,0.192048,0.105425,0.182068,0.0109548
0.100882,0.1,0.950633,0.192048,0.105425,0.182068,0.0109548
0.100882,0.1,0.950633,0.192048,0.105425,0.182068,0.0109548
0.100882,0.1,0.950633,0.192048,0.105425,0.182068,0.0109548
0.100882,0.1,0.950633,0.192048,0.105425,0.182068,0.0109548
0.100882,0.1,0.950633,0.192048,0.105425,0.182068,0.0109548
0.100882,0.1,0.950633,0.192048,0.105425,0.182068,0.0109548
0.100882,0.1,0.950633,0.192048,0.105425,0.182068,0.0109548
0.100882,0.1,0.950633,0.192048,0.105425,0.182068,0.0109548
0.100882,0.1,0.950633,0.192048,0.105425,0.182068,0.0109548
0.100882,0.1,0.950633,0.192048,0.105425,0.182068,0.0109548
0.100882,0.1,0.950633,0.192048,0.105425,0.182068,0.0109548
0.100882,0.1,0.950633,0.192048,0.105425,0.182068,0.0109548
0.100882,0.1,0.950633,0.192048,0.105425,0.182068,0.0109548
0.100882,0.1,0.950633,0.192048,0.105425,0.182068,0.0109548
0.100882,0.1,0.950633,0.192048,0.105425,0.182068,0.0109548
0.100882,0.1,0.950633,0.192048,0.105425,0.182068,0.0109548
0.100882,0.1,0.950633,0.192048,0.105425,0.182068,0.0109548
0.100882,0.1,0.950633,0.192048,0.105425,0.182068,0.0109548
0.100882,0.1,0.950633,0.192048,0.105425,0.182068,0.0109548
0.100882,0.1,0.950633,0.192048,0.105425,0.182068,0.0109548
0.100882,0.1,0.950633,0.192048,0.105425,0.182068,0.0109548
0.100882,0.1,0.950633,0.192048,0.105425,0.182068,0.0109548
0.100882,0.1,0.950633,0.192048,0.105425,0.182068,0.0109548
0.100882,0.1,0.950633,0.192048,0.105425,0.182068,0.0109548
0.100882,0.1,0.950633,0.192048,0.105425,0.182068,0.0109548
0.100882,0.1,0.950633,0.192048,0.105425,0.182068,0.0109548
0.100882,0.1,0.950633,0.192048,0.105425,0.182068,0.0109548
0.100882,0.1,0.950633,0.192048,0.105425,0.182068,0.0109548
0.100882,0.1,0.950633,0.192048,0.105425,0.182068,0.0109548
0.100882,0.1,0.950633,0.192048,0.105425,0.182068,0.0109548
0.100882,0.1,0.950633,0.192048,0.105425,0.182068,0.0109548
0.100882,0.1,0.950633,0.192048,0.105425,0.182068,0.0109548
0.100882,0.1,0.950633,0.192048,0.105425,0.182068,0.0109548
0.100882,0.1,0.950633,0.192048,0.105425,0.182068,0.0109548
0.100882,0.1,0.950633,0.192048,0.105425,0.182068,0.0109548
0.100882,0.1,0.950633,0.192048,0.105425,0.182068,0.0109548
0.100882,0.1,0.950633,0.192048,0.105425,0.182068,0.0109548
0.100882,0.1,0.950633,0.192048,0.105425,0.182068,0.0109548
0.100882,0.1,0.950633,0.192048,0.105425,0.182068,0.0109548
0.100882,0.1,0.950633,0.192048,0.105425,0.182068,0.0109548
0.100882,0.1,0.950633,0.192048,0.105425,0.182068,0.0109548
0.100882,0.1,0.950633,0.192048,0.105425,0.182068,0.0109548
0.100882,0.1,0.950633,0.192048,0.105425,0.182068,0.0109548
0.100882,0.1,0.950633,0.192048,0.105425,0.182068,0.0109548
0.100882,0.1,0.950633,0.192048,0.105425,0.182068,0.0109548
0.100882,0.1,0.950633,0.192048,0.105425,0.182068,0.0109548
0.100882,0.1,0.950633,0.192048,0.105425,0.182068,0.0109548
0.100882,0.1,0.950633,0.192048,0.105425,0.182068,0.0109548
0.100882,0.1,0.950633,0.192048,0.105425,0.182068,0.0109548
0.100882,0.1,0.950633,0.192048,0.105425,0.182068,0.0109548
0.100882,0.1,0.950633,0.192048,0.105425,0.182068,0.0109548
0.100882,0.1,0.950633,0.192048,0.105425,0.182068,0.0109548
0.100882,0.1,0.950633,0.192048,0.105425,0.182068,0.0109548
0.100882,0.1,0.950633,0.192048,0.105425,0.182068,0.0109548
0.100882,0.1,0.950633,0.192048,0.105425,0.182068,0.0109548
0.100882,0.1,0.950633,0.192048,0.105425,0.182068,0.0109548
0.100882,0.1,0.950633,0.192048,0.105425,0.182068,0.0109548
0.100882,0.1,0.950633,0.192048,0.105425,0.182068,0.0109548
0.100882,0.1,0.950633,0.192048,0.105425,0.182068,0.0109548
0.100882,0.1,0.950633,0.192048,0.105425,0.182068,0.0109548
0.100882,0.1,0.950633,0.192048,0.105425,0.182068,0.0109548
0.100882,0.1,0.950633,0.192048,0.105425,0.182068,0.0109548
0.100882,0.1,0.950633,0.192048,0.105425,0.182068,0.0109548
0.100882,0.1,0.950633,0.192048,0.105425,0.182068,0.0109548
0.100882,0.1,0.950633,0.192048,0.105425,0.182068,0.0109548
0.100882,0.1,0.950633,0.192048,0.105425,0.182068,0.0109548
0.100882,0.1,0.950633,0.192048,0.105425,0.182068,0.0109548
0.100882,0.1,0.950633,0.192048,0.105425,0.182068,0.0109548
0.100882,0.1,0.950633,0.192048,0.105425,0.182068,0.0109548
0.100882,0.1,0.950633,0.192048,0.105425,0.182068,0.0109548
0.100882,0.1,0.950633,0.192048,0.105425,0.182068,0.0109548
0.100882,0.1,0.950633,0.192048,0.105425,0.182068,0.0109548
0.100882,0.1,0.950633,0.192048,0.105425,0.182068,0.0109548
0.100882,0.1,0.950633,0.192048,0.105425,0.182068,0.0109548
0.100882,0.1,0.950633,0.192048,0.105425,0.182068,0.0109548
0.100882,0.1,0.950633,0.192048,0.105425,0.182068,0.0109548
0.100882,0.1,0.950633,0.192048,0.105425,0.182068,0.0109548
0.100882,0.1,0.950633,0.192048,0.105425,0.182068,0.0109548
0.100882,0.1,0.950633,0.192048,0.105425,0.182068,0.0109548
0.100882,0.1,0.950633,0.192048,0.105425,0.182068,0.0109548
0.100882,0.1,0.950633,0.192048,0.105425,0.182068,0.0109548
0.100882,0.1,0.950633,0.192048,0.105425,0.182068,0.0109548
0.100882,0.1,0.950633,0.192048,0.105425,0.182068,0.0109548
0.100882,0.1,0.950633,0.192048,0.105425,0.182068,0.0109548
0.100882,0.1,0.950633,0.192048,0.105425,0.182068,0.0109548
0.100882,0.1,0.950633,0.192048,0.105425,0.182068,0.0109548
0.100882,0.1,0.950633,0.192048,0.105425,0.182068,0.0109548
0.100882,0.1,0.950633,0.192048,0.105425,0.182068,0.0109548
0.100882,0.1,0.950633,0.192048,0.105425,0.182068,0.0109548
0.100882,0.1,0.950633,0.192048,0.105425,0.182068,0.0109548
0.100882,0.1,0.950633,0.192048,0.105425,0.182068,0.0109548
0.100882,0.1,0.950633,0.192048,0.105425,0.182068,0.0109548
0.100882,0.1,0.950633,0.192048,0.105425,0.182068,0.0109548
0.100882,0.1,0.950633,0.192048,0.105425,0.182068,0.0109548
0.100882,0.1,0.950633,0.192048,0.105425,0.182068,0.0109548
0.100882,0.1,0.950633,0.192048,0.105425,0.182068,0.0109548
0.100882,0.1,0.950633,0.192048,0.105425,0.182068,0.0109548
0.100882,0.1,0.950633,0.192048,0.105425,0.182068,0.0109548
0.100882,0.1,0.950633,0.192048,0.105425,0.182068,0.0109548
0.100882,0.1,0.950633,0.192048,0.105425,0.182068,0.0109548
0.100882,0.1,0.950633,0.192048,0.105425,0.182068,0.0109548
0.100882,0.1,0.950633,0.192048,0.105425,0.182068,0.0109548
0.100882,0.1,0.950633,0.192048,0.105425,0.182068,0.0109548
0.100882,0.1,0.950633,0.192048,0.105425,0.182068,0.0109548
0.100882,0.1,0.950633,0.192048,0.105425,0.182068,0.0109548
0.100882,0.1,0.950633,0.192048,0.105425,0.182068,0.0109548
0.100882,0.1,0.950633,0.192048,0.105425,0.182068,0.0109548
0.100882,0.1,0.950633,0.192048,0.105425,0.182068,0.0109548
0.100882,0.1,0.950633,0.192048,0.105425,0.182068,0.0109548
0.100882,0.1,0.950633,0.192048,0.105425,0.182068,0.0109548
0.100882,0.1,0.950633,0.192048,0.105425,0.182068,0.0109548
0.100882,0.1,0.950633,0.192048,0.105425,0.182068,0.0109548
0.100882,0.1,0.950633,0.192048,0.105425,0.182068,0.0109548
0.100882,0.1,0.950633,0.192048,0.105425,0.182068,0.0109548
0.100882,0.1,0.950633,0.192048,0.105425,0.182068,0.0109548
0.100882,0.1,0.950633,0.192048,0.105425,0.182068,0.0109548
0.100882,0.1,0.950633,0.192048,0.105425,0.182068,0.0109548
0.100882,0.1,0.950633,0.192048,0.105425,0.182068,0.0109548
0.100882,0.1,0.950633,0.192048,0.105425,0.182068,0.0109548
0.100882,0.1,0.950633,0.192048,0.105425,0.182068,0.0109548
0.100882,0.1,0.950633,0.192048,0.105425,0.182068,0.0109548
0.100882,0.1,0.950633,0.192048,0.105425,0.182068,0.0109548
0.100882,0.1,0.950633,0.192048,0.105425,0.182068,0.0109548
0.100882,0.1,0.950633,0.192048,0.105425,0.182068,0.0109548
0.100882,0.1,0.950633,0.192048,0.105425,0.182068,0.0109548
0.100882,0.1,0.950633,0.192048,0.105425,0.182068,0.0109548
0.100882,0.1,0.950633,0.192048,0.105425,0.182068,0.0109548
0.100882,0.1,0.950633,0.192048,0.105425,0.182068,0.0109548
0.100882,0.1,0.950633,0.192048,0.105425,0.182068,0.0109548
0.100882,0.1,0.950633,0.192048,0.105425,0.182068,0.0109548
0.100882,0.1,0.950633,0.192048,0.105425,0.182068,0.0109548
0.100882,0.1,0.950633,0.192048,0.105425,0.182068,0.0109548
0.100882,0.1,0.950633,0.192048,0.105425,0.182068,0.0109548
0.100882,0.1,0.950633,0.192048,0.105425,0.182068,0.0109548
0.100882,0.1,0.950633,0.192048,0.105425,0.182068,0.0109548
0.100882,0.1,0.950633,0.192048,0.105425,0.182068,0.0109548
0.100882,0.1,0.950633,0.192048,0.105425,0.182068,0.0109548
0.100882,0.1,0.950633,0.192048,0.105425,0.182068,0.0109548
0.100882,0.1,0.950633,0.192048,0.105425,0.182068,0.0109548
0.100882,0.1,0.950633,0.192048,0.105425,0.182068,0.0109548
0.100882,0.1,0.950633,0.192048,0.105425,0.182068,0.0109548
0.100882,0.1,0.950633,0.192048,0.105425,0.182068,0.0109548
0.100882,0.1,0.950633,0.192048,0.105425,0.182068,0.0109548
0.100882,0.1,0.950633,0.192048,0.105425,0.182068,0.0109548
0.100882,0.1,0.950633,0.192048,0.105425,0.182068,0.0109548
0.100882,0.1,0.950633,0.192048,0.105425,0.182068,0.0109548
0.100882,0.1,0.950633,0.192048,0.105425,0.182068,0.0109548
0.100882,0.1,0.950633,0.192048,0.105425,0.182068,0.0109548
0.100882,0.1,0.950633,0.192048,0.105425,0.182068,0.0109548
0.100882,0.1,0.950633,0.192048,0.105425,0.182068,0.0109548
0.100882,0.1,0.950633,0.192048,0.105425,0.182068,0.0109548
0.100882,0.1,0.950633,0.192048,0.105425,0.182068,0.0109548
0.100882,0.1,0.950633,0.192048,0.105425,0.182068,0.0109548
0.100882,0.1,0.950633,0.192048,0.105425,0.182068,0.0109548
0.100882,0.1,0.950633,0.192048,0.105425,0.182068,0.0109548
0.100882,0.1,0.950633,0.192048,0.105425,0.182068,0.0109548
0.100882,0.1,0.950633,0.192048,0.105425,0.182068,0.0109548
0.100882,0.1,0.950633,0.192048,0.105425,0.182068,0.0109548
0.100882,0.1,0.950633,0.192048,0.105425,0.182068,0.0109548
0.100882,0.1,0.950633,0.192048,0.105425,0.182068,0.0109548
0.100882,0.1,0.950633,0.192048,0.105425,0.182068,0.0109548
0.100882,0.1,0.950633,0.192048,0.105425,0.182068,0.0109548
0.100882,0.1,0.950633,0.192048,0.105425,0.182068,0.0109548
0.100882,0.1,0.950633,0.192048,0.105425,0.182068,0.0109548
0.100882,0.1,0.950633,0.192048,0.105425,0.182068,0.0109548
0.100882,0.1,0.950633,0.192048,0.105425,0.182068,0.0109548
0.100882,0.1,0.950633,0.192048,0.105425,0.182068,0.0109548
0.100882,0.1,0.950633,0.192048,0.105425,0.182068,0.0109548
0.100882,0.1,0.950633,0.192048,0.105425,0.182068,0.0109548
0.100882,0.1,0.950633,0.192048,0.105425,0.182068,0.0109548
0.100882,0.1,0.950633,0.192048,0.105425,0.182068,0.0109548
0.100882,0.1,0.950633,0.192048,0.105425,0.182068,0.0109548
0.100882,0.1,0.950633,0.192048,0.105425,0.182068,0.0109548
0.100882,0.1,0.950633,0.192048,0.105425,0.182068,0.0109548
0.100882,0.1,0.950633,0.192048,0.105425,0.182068,0.0109548
0.100882,0.1,0.950633,0.192048,0.105425,0.182068,0.0109548
0.100882,0.1,0.950633,0.192048,0.105425,0.182068,0.0109548
0.100882,0.1,0.950633,0.192048,0.105425,0.182068,0.0109548
0.100882,0.1,0.950633,0.192048,0.105425,0.182068,0.0109548
0.100882,0.1,0.950633,0.192048,0.105425,0.182068,0.0109548
0.100882,0.1,0.950633,0.192048,0.105425,0.182068,0.0109548
0.100882,0.1,0.950633,0.192048,0.105425,0.182068,0.0109548
0.100882,0.1,0.950633,0.192048,0.105425,0.182068,0.0109548
0.100882,0.1,0.950633,0.192048,0.105425,0.182068,0.0109548
0.100882,0.1,0.950633,0.192048,0.105425,0.182068,0.0109548
0.100882,0.1,0.950633,0.192048,0.105425,0.182068,0.0109548
0.100882,0.1,0.950633,0.192048,0.105425,0.182068,0.0109548
0.100882,0.1,0.950633,0.192048,0.105425,0.182068,0.0109548
0.100882,0.1,0.950633,0.192048,0.105425,0.182068,0.0109548
0.100882,0.1,0.950633,0.192048,0.105425,0.182068,0.0109548
0.100882,0.1,0.950633,0.192048,0.105425,0.182068,0.0109548
0.100882,0.1,0.950633,0.192048,0.105425,0.182068,0.0109548
0.100882,0.1,0.950633,0.192048,0.105425,0.182068,0.0109548
0.100882,0.1,0.950633,0.192048,0.105425,0.182068,0.0109548
0.100882,0.1,0.950633,0.192048,0.105425,0.182068,0.0109548
0.100882,0.1,0.950633,0.192048,0.105425,0.182068,0.0109548
0.100882,0.1,0.950633,0.192048,0.105425,0.182068,0.0109548
0.100882,0.1,0.950633,0.192048,0.105425,0.182068,0.0109548
0.100882,0.1,0.950633,0.192048,0.105425,0.182068,0.0109548
0.100882,0.1,0.950633,0.192048,0.105425,0.182068,0.0109548
0.100882,0.1,0.950633,0.192048,0.105425,0.182068,0.0109548
0.100882,0.1,0.950633,0.192048,0.105425,0.182068,0.0109548
0.100882,0.1,0.950633,0.192048,0.105425,0.182068,0.0109548
0.100882,0.1,0.950633,0.192048,0.105425,0.182068,0.0109548
0.100882,0.1,0.950633,0.192048,0.105425,0.182068,0.0109548
0.100882,0.1,0.950633,0.192048,0.105425,0.182068,0.0109548
0.100882,0.1,0.950633,0.192048,0.105425,0.182068,0.0109548
0.100882,0.1,0.950633,0.192048,0.105425,0.182068,0.0109548
0.100882,0.1,0.950633,0.192048,0.105425,0.182068,0.0109548
0.100882,0.1,0.950633,0.192048,0.105425,0.182068,0.0109548
0.100882,0.1,0.950633,0.192048,0.105425,0.182068,0.0109548
0.100882,0.1,0.950633,0.192048,0.105425,0.182068,0.0109548
0.100882,0.1,0.950633,0.192048,0.105425,0.182068,0.0109548
0.100882,0.1,0.950633,0.192048,0.105425,0.182068,0.0109548
0.100882,0.1,0.950633,0.192048,0.105425,0.182068,0.0109548
0.100882,0.1,0.950633,0.192048,0.105425,0.182068,0.0109548
0.100882,0.1,0.950633,0.192048,0.105425,0.182068,0.0109548
0.100882,0.1,0.950633,0.192048,0.105425,0.182068,0.0109548
0.100882,0.1,0.950633,0.192048,0.105425,0.182068,0.0109548
0.100882,0.1,0.950633,0.192048,0.105425,0.182068,0.0109548
0.100882,0.1,0.950633,0.192048,0.105425,0.182068,0.0109548
0.100882,0.1,0.950633,0.192048,0.105425,0.182068,0.0109548
0.100882,0.1,0.950633,0.192048,0.105425,0.182068,0.0109548
0.100882,0.1,0.950633,0.192048,0.105425,0.182068,0.0109548
0.100882,0.1,0.950633,0.192048,0.105425,0.182068,0.0109548
0.10089,0.1,0.950729,0.192088,0.104045,0.182183,0.0109493
0.10089,0.1,0.950729,0.192088,0.104045,0.182183,0.0109493
0.10089,0.1,0.950729,0.192088,0.104045,0.182183,0.0109493
0.10089,0.1,0.950729,0.192088,0.104045,0.182183,0.0109493
0.10089,0.1,0.950729,0.192088,0.104045,0.182183,0.0109493
0.10089,0.1,0.950729,0.192088,0.104045,0.182183,0.0109493
0.10089,0.1,0.950729,0.192088,0.104045,0.182183,0.0109493
0.10089,0.1,0.950729,0.192088,0.104045,0.182183,0.0109493
0.10089,0.1,0.950729,0.192088,0.104045,0.182183,0.0109493
0.10089,0.1,0.950729,0.192088,0.104045,0.182183,0.0109493
0.10089,0.1,0.950729,0.192088,0.104045,0.182183,0.0109493
0.10089,0.1,0.950729,0.192088,0.104045,0.182183,0.0109493
0.10089,0.1,0.950729,0.192088,0.104045,0.182183,0.0109493
0.10089,0.1,0.950729,0.192088,0.104045,0.182183,0.0109493
0.10089,0.1,0.950729,0.192088,0.104045,0.182183,0.0109493
0.10089,0.1,0.950729,0.192088,0.104045,0.182183,0.0109493
0.10089,0.1,0.950729,0.192088,0.104045,0.182183,0.0109493
0.10089,0.1,0.950729,0.192088,0.104045,0.182183,0.0109493
0.10089,0.1,0.950729,0.192088,0.104045,0.182183,0.0109493
0.10089,0.1,0.950729,0.192088,0.104045,0.182183,0.0109493
0.10089,0.1,0.950729,0.192088,0.104045,0.182183,0.0109493
0.10089,0.1,0.950729,0.192088,0.104045,0.182183,0.0109493
0.10089,0.1,0.950729,0.192088,0.104045,0.182183,0.0109493
0.10089,0.1,0.950729,0.192088,0.104045,0.182183,0.0109493
0.10089,0.1,0.950729,0.192088,0.104045,0.182183,0.0109493
0.10089,0.1,0.950729,0.192088,0.104045,0.182183,0.0109493
0.10089,0.1,0.950729,0.192088,0.104045,0.182183,0.0109493
0.10089,0.1,0.950729,0.192088,0.104045,0.182183,0.0109493
0.10089,0.1,0.950729,0.192088,0.104045,0.182183,0.0109493
0.10089,0.1,0.950729,0.192088,0.104045,0.182183,0.0109493
0.10089,0.1,0.950729,0.192088,0.104045,0.182183,0.0109493
0.10089,0.1,0.950729,0.192088,0.104045,0.182183,0.0109493
0.10089,0.1,0.950729,0.192088,0.104045,0.182183,0.0109493
0.10089,0.1,0.950729,0.192088,0.104045,0.182183,0.0109493
0.10089,0.1,0.950729,0.192088,0.104045,0.182183,0.0109493
0.10089,0.1,0.950729,0.192088,0.104045,0.182183,0.0109493
0.10089,0.1,0.950729,0.192088,0.104045,0.182183,0.0109493
0.10089,0.1,0.950729,0.192088,0.104045,0.182183,0.0109493
0.10089,0.1,0.950729,0.192088,0.104045,0.182183,0.0109493
0.10089,0.1,0.950729,0.192088,0.104045,0.182183,0.0109493
0.10089,0.1,0.950729,0.192088,0.104045,0.182183,0.0109493
0.10089,0.1,0.950729,0.192088,0.104045,0.182183,0.0109493
0.10089,0.1,0.950729,0.192088,0.104045,0.182183,0.0109493
0.10089,0.1,0.950729,0.192088,0.104045,0.182183,0.0109493
0.10089,0.1,0.950729,0.192088,0.104045,0.182183,0.0109493
0.10089,0.1,0.950729,0.192088,0.104045,0.182183,0.0109493
0.10089,0.1,0.950729,0.192088,0.104045,0.182183,0.0109493
0.10089,0.1,0.950729,0.192088,0.104045,0.182183,0.0109493
0.10089,0.1,0.950729,0.192088,0.104045,0.182183,0.0109493
0.10089,0.1,0.950729,0.192088,0.104045,0.182183,0.0109493
0.10089,0.1,0.950729,0.192088,0.104045,0.182183,0.0109493
0.10089,0.1,0.950729,0.192088,0.104045,0.182183,0.0109493
0.10089,0.1,0.950729,0.192088,0.104045,0.182183,0.0109493
0.10089,0.1,0.950729,0.192088,0.104045,0.182183,0.0109493
0.10089,0.1,0.950729,0.192088,0.104045,0.182183,0.0109493
0.10089,0.1,0.950729,0.192088,0.104045,0.182183,0.0109493
0.10089,0.1,0.950729,0.192088,0.104045,0.182183,0.0109493
0.10089,0.1,0.950729,0.192088,0.104045,0.182183,0.0109493
0.10089,0.1,0.950729,0.192088,0.104045,0.182183,0.0109493
0.10089,0.1,0.950729,0.192088,0.104045,0.182183,0.0109493
0.10089,0.1,0.950729,0.192088,0.104045,0.182183,0.0109493
0.10089,0.1,0.950729,0.192088,0.104045,0.182183,0.0109493
0.10089,0.1,0.950729,0.192088,0.104045,0.182183,0.0109493
0.100931,0.1,0.950656,0.190514,0.103892,0.182167,0.0108611
0.100931,0.1,0.950656,0.190514,0.103892,0.182167,0.0108611
0.100931,0.1,0.950656,0.190514,0.103892,0.182167,0.0108611
0.100931,0.1,0.950656,0.190514,0.103892,0.182167,0.0108611
0.100931,0.1,0.950656,0.190514,0.103892,0.182167,0.0108611
0.100931,0.1,0.950656,0.190514,0.103892,0.182167,0.0108611
0.100931,0.1,0.950656,0.190514,0.103892,0.182167,0.0108611
0.100931,0.1,0.950656,0.190514,0.103892,0.182167,0.0108611
0.100931,0.1,0.950656,0.190514,0.103892,0.182167,0.0108611
0.100931,0.1,0.950656,0.190514,0.103892,0.182167,0.0108611
0.100931,0.1,0.950656,0.190514,0.103892,0.182167,0.0108611
0.100931,0.1,0.950656,0.190514,0.103892,0.182167,0.0108611
0.100931,0.1,0.950656,0.190514,0.103892,0.182167,0.0108611
0.100931,0.1,0.950656,0.190514,0.103892,0.182167,0.0108611
0.100931,0.1,0.950656,0.190514,0.103892,0.182167,0.0108611
0.100931,0.1,0.950656,0.190514,0.103892,0.182167,0.0108611
0.100931,0.1,0.950656,0.190514,0.103892,0.182167,0.0108611
0.100931,0.1,0.950656,0.190514,0.103892,0.182167,0.0108611
0.100931,0.1,0.950656,0.190514,0.103892,0.182167,0.0108611
0.100931,0.1,0.950656,0.190514,0.103892,0.182167,0.0108611
0.100931,0.1,0.950656,0.190514,0.103892,0.182167,0.0108611
0.100931,0.1,0.950656,0.190514,0.103892,0.182167,0.0108611
0.100931,0.1,0.950656,0.190514,0.103892,0.182167,0.0108611
0.100931,0.1,0.950656,0.190514,0.103892,0.182167,0.0108611
0.100931,0.1,0.950656,0.190514,0.103892,0.182167,0.0108611
0.100931,0.1,0.950656,0.190514,0.103892,0.182167,0.0108611
0.100931,0.1,0.950656,0.190514,0.103892,0.182167,0.0108611
0.100931,0.1,0.950656,0.190514,0.103892,0.182167,0.0108611
0.100931,0.1,0.950656,0.190514,0.103892,0.182167,0.0108611
0.100931,0.1,0.950656,0.190514,0.103892,0.182167,0.0108611
0.100931,0.1,0.950656,0.190514,0.103892,0.182167,0.0108611
0.100931,0.1,0.950656,0.190514,0.103892,0.182167,0.0108611
0.100931,0.1,0.950656,0.190514,0.103892,0.182167,0.0108611
0.100931,0.1,0.950656,0.190514,0.103892,0.182167,0.0108611
0.100931,0.1,0.950656,0.190514,0.103892,0.182167,0.0108611
0.100931,0.1,0.950656,0.190514,0.103892,0.182167,0.0108611
0.100931,0.1,0.950656,0.190514,0.103892,0.182167,0.0108611
0.100931,0.1,0.950656,0.190514,0.103892,0.182167,0.0108611
0.100931,0.1,0.950656,0.190514,0.103892,0.182167,0.0108611
0.100931,0.1,0.950656,0.190514,0.103892,0.182167,0.0108611
0.100931,0.1,0.950656,0.190514,0.103892,0.182167,0.0108611
0.100931,0.1,0.950656,0.190514,0.103892,0.182167,0.0108611
0.100931,0.1,0.950656,0.190514,0.103892,0.182167,0.0108611
0.100931,0.1,0.950656,0.190514,0.103892,0.182167,0.0108611
0.100931,0.1,0.950656,0.190514,0.103892,0.182167,0.0108611
0.100931,0.1,0.950656,0.190514,0.103892,0.182167,0.0108611
0.100931,0.1,0.950656,0.190514,0.103892,0.182167,0.0108611
0.100931,0.1,0.950656,0.190514,0.103892,0.182167,0.0108611
0.100931,0.1,0.950656,0.190514,0.103892,0.182167,0.0108611
0.100931,0.1,0.950656,0.190514,0.103892,0.182167,0.0108611
0.100931,0.1,0.950656,0.190514,0.103892,0.182167,0.0108611
0.100931,0.1,0.950656,0.190514,0.103892,0.182167,0.0108611
0.100931,0.1,0.950656,0.190514,0.103892,0.182167,0.0108611
0.100931,0.1,0.950656,0.190514,0.103892,0.182167,0.0108611
0.100931,0.1,0.950656,0.190514,0.103892,0.182167,0.0108611
0.100931,0.1,0.950656,0.190514,0.103892,0.182167,0.0108611
0.100931,0.1,0.950656,0.190514,0.103892,0.182167,0.0108611
0.100931,0.1,0.950656,0.190514,0.103892,0.182167,0.0108611
0.100931,0.1,0.950656,0.190514,0.103892,0.182167,0.0108611
0.100931,0.1,0.950656,0.190514,0.103892,0.182167,0.0108611
0.100931,0.1,0.950656,0.190514,0.103892,0.182167,0.0108611
0.100931,0.1,0.950656,0.190514,0.103892,0.182167,0.0108611
0.100931,0.1,0.950656,0.190514,0.103892,0.182167,0.0108611
0.100931,0.1,0.950656,0.190514,0.103892,0.182167,0.0108611
0.100931,0.1,0.950656,0.190514,0.103892,0.182167,0.0108611
0.100931,0.1,0.950656,0.190514,0.103892,0.182167,0.0108611
0.100931,0.1,0.950656,0.190514,0.103892,0.182167,0.0108611
0.100931,0.1,0.950656,0.190514,0.103892,0.182167,0.0108611
0.100931,0.1,0.950656,0.190514,0.103892,0.182167,0.0108611
0.100931,0.1,0.950656,0.190514,0.103892,0.182167,0.0108611
0.100931,0.1,0.950656,0.190514,0.103892,0.182167,0.0108611
0.100931,0.1,0.950656,0.190514,0.103892,0.182167,0.0108611
0.100931,0.1,0.950656,0.190514,0.103892,0.182167,0.0108611
0.100931,0.1,0.950656,0.190514,0.103892,0.182167,0.0108611
0.100931,0.1,0.950656,0.190514,0.103892,0.182167,0.0108611
0.100931,0.1,0.950656,0.190514,0.103892,0.182167,0.0108611
0.100931,0.1,0.950656,0.190514,0.103892,0.182167,0.0108611
0.100931,0.1,0.950656,0.190514,0.103892,0.182167,0.0108611
0.100931,0.1,0.950656,0.190514,0.103892,0.182167,0.0108611
0.100931,0.1,0.950656,0.190514,0.103892,0.182167,0.0108611
0.100931,0.1,0.950656,0.190514,0.103892,0.182167,0.0108611
0.100931,0.1,0.950656,0.190514,0.103892,0.182167,0.0108611
0.100931,0.1,0.950656,0.190514,0.103892,0.182167,0.0108611
0.100931,0.1,0.950656,0.190514,0.103892,0.182167,0.0108611
0.100931,0.1,0.950656,0.190514,0.103892,0.182167,0.0108611
0.100931,0.1,0.950656,0.190514,0.103892,0.182167,0.0108611
0.100931,0.1,0.950656,0.190514,0.103892,0.182167,0.0108611
0.100931,0.1,0.950656,0.190514,0.103892,0.182167,0.0108611
0.100931,0.1,0.950656,0.190514,0.103892,0.182167,0.0108611
0.100931,0.1,0.950656,0.190514,0.103892,0.182167,0.0108611
0.100931,0.1,0.950656,0.190514,0.103892,0.182167,0.0108611
0.100931,0.1,0.950656,0.190514,0.103892,0.182167,0.0108611
0.100931,0.1,0.950656,0.190514,0.103892,0.182167,0.0108611
0.100931,0.1,0.950656,0.190514,0.103892,0.182167,0.0108611
0.100931,0.1,0.950656,0.190514,0.103892,0.182167,0.0108611
0.100931,0.1,0.950656,0.190514,0.103892,0.182167,0.0108611
0.100931,0.1,0.950656,0.190514,0.103892,0.182167,0.0108611
0.100931,0.1,0.950656,0.190514,0.103892,0.182167,0.0108611
0.100931,0.1,0.950656,0.190514,0.103892,0.182167,0.0108611
0.100931,0.1,0.950656,0.190514,0.103892,0.182167,0.0108611
0.100931,0.1,0.950656,0.190514,0.103892,0.182167,0.0108611
0.100931,0.1,0.950656,0.190514,0.103892,0.182167,0.0108611
0.100931,0.1,0.950656,0.190514,0.103892,0.182167,0.0108611
0.100931,0.1,0.950656,0.190514,0.103892,0.182167,0.0108611
0.100931,0.1,0.950656,0.190514,0.103892,0.182167,0.0108611
0.100931,0.1,0.950656,0.190514,0.103892,0.182167,0.0108611
0.1009,0.1,0.950176,0.190473,0.088426,0.182346,0.010646
0.1009,0.1,0.950176,0.190473,0.088426,0.182346,0.010646
0.1009,0.1,0.950176,0.190473,0.088426,0.182346,0.010646
0.1009,0.1,0.950176,0.190473,0.088426,0.182346,0.010646
0.1009,0.1,0.950176,0.190473,0.088426,0.182346,0.010646
0.1009,0.1,0.950176,0.190473,0.088426,0.182346,0.010646
0.1009,0.1,0.950176,0.190473,0.088426,0.182346,0.010646
0.1009,0.1,0.950176,0.190473,0.088426,0.182346,0.010646
0.101355,0.1,0.950176,0.190427,0.0890777,0.181709,0.0105827
0.101355,0.1,0.950176,0.190427,0.0890777,0.181709,0.0105827
0.101355,0.1,0.950176,0.190427,0.0890777,0.181709,0.0105827
0.101355,0.1,0.950176,0.190427,0.0890777,0.181709,0.0105827
0.101355,0.1,0.950176,0.190427,0.0890777,0.181709,0.0105827
0.101355,0.1,0.950176,0.190427,0.0890777,0.181709,0.0105827
0.101479,0.1,0.950189,0.189998,0.0849245,0.18173,0.0105416
0.101479,0.1,0.950189,0.189998,0.0849245,0.18173,0.0105416
0.101479,0.1,0.950189,0.189998,0.0849245,0.18173,0.0105416
0.101479,0.1,0.950189,0.189998,0.0849245,0.18173,0.0105416
0.101479,0.1,0.950189,0.189998,0.0849245,0.18173,0.0105416
0.101479,0.1,0.950189,0.189998,0.0849245,0.18173,0.0105416
0.101479,0.1,0.950189,0.189998,0.0849245,0.18173,0.0105416
0.101479,0.1,0.950189,0.189998,0.0849245,0.18173,0.0105416
0.101479,0.1,0.950189,0.189998,0.0849245,0.18173,0.0105416
0.101479,0.1,0.950189,0.189998,0.0849245,0.18173,0.0105416
0.101479,0.1,0.950189,0.189998,0.0849245,0.18173,0.0105416
0.101479,0.1,0.950189,0.189998,0.0849245,0.18173,0.0105416
0.101479,0.1,0.950189,0.189998,0.0849245,0.18173,0.0105416
0.101479,0.1,0.950189,0.189998,0.0849245,0.18173,0.0105416
0.101479,0.1,0.950189,0.189998,0.0849245,0.18173,0.0105416
0.101479,0.1,0.950189,0.189998,0.0849245,0.18173,0.0105416
0.101479,0.1,0.950189,0.189998,0.0849245,0.18173,0.0105416
0.101479,0.1,0.950189,0.189998,0.0849245,0.18173,0.0105416
0.101479,0.1,0.950189,0.189998,0.0849245,0.18173,0.0105416
0.101479,0.1,0.950189,0.189998,0.0849245,0.18173,0.0105416
0.101479,0.1,0.950189,0.189998,0.0849245,0.18173,0.0105416
0.101466,0.1,0.950203,0.190018,0.0856283,0.181539,0.0105387
0.101466,0.1,0.950203,0.190018,0.0856283,0.181539,0.0105387
0.101466,0.1,0.950203,0.190018,0.0856283,0.181539,0.0105387
0.101466,0.1,0.950203,0.190018,0.0856283,0.181539,0.0105387
0.101466,0.1,0.950203,0.190018,0.0856283,0.181539,0.0105387
0.101466,0.1,0.950203,0.190018,0.0856283,0.181539,0.0105387
0.101466,0.1,0.950203,0.190018,0.0856283,0.181539,0.0105387
0.101466,0.1,0.950203,0.190018,0.0856283,0.181539,0.0105387
0.101466,0.1,0.950203,0.190018,0.0856283,0.181539,0.0105387
0.101466,0.1,0.950203,0.190018,0.0856283,0.181539,0.0105387
0.101466,0.1,0.950203,0.190018,0.0856283,0.181539,0.0105387
0.101466,0.1,0.950203,0.190018,0.0856283,0.181539,0.0105387
0.101466,0.1,0.950203,0.190018,0.0856283,0.181539,0.0105387
0.101466,0.1,0.950203,0.190018,0.0856283,0.181539,0.0105387
0.101466,0.1,0.950203,0.190018,0.0856283,0.181539,0.0105387
0.101466,0.1,0.950203,0.190018,0.0856283,0.181539,0.0105387
0.101466,0.1,0.950203,0.190018,0.0856283,0.181539,0.0105387
0.101466,0.1,0.950203,0.190018,0.0856283,0.181539,0.0105387
0.101466,0.1,0.950203,0.190018,0.0856283,0.181539,0.0105387
0.101466,0.1,0.950203,0.190018,0.0856283,0.181539,0.0105387
0.101466,0.1,0.950203,0.190018,0.0856283,0.181539,0.0105387
0.101466,0.1,0.950203,0.190018,0.0856283,0.181539,0.0105387
0.101466,0.1,0.950203,0.190018,0.0856283,0.181539,0.0105387
0.101466,0.1,0.950203,0.190018,0.0856283,0.181539,0.0105387
0.101466,0.1,0.950203,0.190018,0.0856283,0.181539,0.0105387
0.101466,0.1,0.950203,0.190018,0.0856283,0.181539,0.0105387
0.101466,0.1,0.950203,0.190018,0.0856283,0.181539,0.0105387
0.101466,0.1,0.950203,0.190018,0.0856283,0.181539,0.0105387
0.101466,0.1,0.950203,0.190018,0.0856283,0.181539,0.0105387
0.101466,0.1,0.950203,0.190018,0.0856283,0.181539,0.0105387
0.101169,0.1,0.950196,0.190129,0.0891271,0.181578,0.0105051
0.101169,0.1,0.950196,0.190129,0.0891271,0.181578,0.0105051
0.101169,0.1,0.950196,0.190129,0.0891271,0.181578,0.0105051
0.101169,0.1,0.950196,0.190129,0.0891271,0.181578,0.0105051
0.101169,0.1,0.950196,0.190129,0.0891271,0.181578,0.0105051
0.101169,0.1,0.950196,0.190129,0.0891271,0.181578,0.0105051
0.101169,0.1,0.950196,0.190129,0.0891271,0.181578,0.0105051
0.101169,0.1,0.950196,0.190129,0.0891271,0.181578,0.0105051
0.101169,0.1,0.950196,0.190129,0.0891271,0.181578,0.0105051
0.101169,0.1,0.950196,0.190129,0.0891271,0.181578,0.0105051
0.101169,0.1,0.950196,0.190129,0.0891271,0.181578,0.0105051
0.101169,0.1,0.950196,0.190129,0.0891271,0.181578,0.0105051
0.101169,0.1,0.950196,0.190129,0.0891271,0.181578,0.0105051
0.101169,0.1,0.950196,0.190129,0.0891271,0.181578,0.0105051
0.101169,0.1,0.950196,0.190129,0.0891271,0.181578,0.0105051
0.101169,0.1,0.950196,0.190129,0.0891271,0.181578,0.0105051
0.101169,0.1,0.950196,0.190129,0.0891271,0.181578,0.0105051
0.101169,0.1,0.950196,0.190129,0.0891271,0.181578,0.0105051
0.101169,0.1,0.950196,0.190129,0.0891271,0.181578,0.0105051
0.100827,0.1,0.95016,0.186993,0.0900276,0.181793,0.0103878
0.100827,0.1,0.95016,0.186993,0.0900276,0.181793,0.0103878
0.100827,0.1,0.95016,0.186993,0.0900276,0.181793,0.0103878
0.100827,0.1,0.95016,0.186993,0.0900276,0.181793,0.0103878
0.100827,0.1,0.95016,0.186993,0.0900276,0.181793,0.0103878
0.100827,0.1,0.95016,0.186993,0.0900276,0.181793,0.0103878
0.100827,0.1,0.95016,0.186993,0.0900276,0.181793,0.0103878
0.100827,0.1,0.95016,0.186993,0.0900276,0.181793,0.0103878
0.100827,0.1,0.95016,0.186993,0.0900276,0.181793,0.0103878
0.100827,0.1,0.95016,0.186993,0.0900276,0.181793,0.0103878
0.100827,0.1,0.95016,0.186993,0.0900276,0.181793,0.0103878
0.100827,0.1,0.95016,0.186993,0.0900276,0.181793,0.0103878
0.100827,0.1,0.95016,0.186993,0.0900276,0.181793,0.0103878
0.100911,0.1,0.950183,0.188592,0.0861172,0.181675,0.0103335
0.100911,0.1,0.950183,0.188592,0.0861172,0.181675,0.0103335
0.100911,0.1,0.950183,0.188592,0.0861172,0.181675,0.0103335
0.100911,0.1,0.950183,0.188592,0.0861172,0.181675,0.0103335
0.100911,0.1,0.950183,0.188592,0.0861172,0.181675,0.0103335
0.100911,0.1,0.950183,0.188592,0.0861172,0.181675,0.0103335
0.100911,0.1,0.950183,0.188592,0.0861172,0.181675,0.0103335
0.100911,0.1,0.950183,0.188592,0.0861172,0.181675,0.0103335
0.100911,0.1,0.950183,0.188592,0.0861172,0.181675,0.0103335
0.100911,0.1,0.950183,0.188592,0.0861172,0.181675,0.0103335
0.101015,0.1,0.950213,0.188527,0.08014,0.181392,0.0102667
0.101015,0.1,0.950213,0.188527,0.08014,0.181392,0.0102667
0.101015,0.1,0.950213,0.188527,0.08014,0.181392,0.0102667
0.101015,0.1,0.950213,0.188527,0.08014,0.181392,0.0102667
0.101015,0.1,0.950213,0.188527,0.08014,0.181392,0.0102667
0.101015,0.1,0.950213,0.188527,0.08014,0.181392,0.0102667
0.101015,0.1,0.950213,0.188527,0.08014,0.181392,0.0102667
0.101015,0.1,0.950213,0.188527,0.08014,0.181392,0.0102667
0.101015,0.1,0.950213,0.188527,0.08014,0.181392,0.0102667
0.101015,0.1,0.950213,0.188527,0.08014,0.181392,0.0102667
0.101015,0.1,0.950213,0.188527,0.08014,0.181392,0.0102667
0.101015,0.1,0.950213,0.188527,0.08014,0.181392,0.0102667
0.101015,0.1,0.950213,0.188527,0.08014,0.181392,0.0102667
0.101015,0.1,0.950213,0.188527,0.08014,0.181392,0.0102667
0.101015,0.1,0.950213,0.188527,0.08014,0.181392,0.0102667
0.101015,0.1,0.950213,0.188527,0.08014,0.181392,0.0102667
0.101015,0.1,0.950213,0.188527,0.08014,0.181392,0.0102667
0.101015,0.1,0.950213,0.188527,0.08014,0.181392,0.0102667
0.101015,0.1,0.950213,0.188527,0.08014,0.181392,0.0102667
0.101015,0.1,0.950213,0.188527,0.08014,0.181392,0.0102667
0.101015,0.1,0.950213,0.188527,0.08014,0.181392,0.0102667
0.101015,0.1,0.950213,0.188527,0.08014,0.181392,0.0102667
0.101015,0.1,0.950213,0.188527,0.08014,0.181392,0.0102667
0.101015,0.1,0.950213,0.188527,0.08014,0.181392,0.0102667
0.101015,0.1,0.950213,0.188527,0.08014,0.181392,0.0102667
