0,0,0,0,0,0
0.0016,0.000903967,0.0016,0.00119949,0.0016,0.00149217
0.00334646,0.00347782,0.0033573,0.00462263,0.00336808,0.00575975
0.0054413,0.00793752,0.0054947,0.010621,0.00555045,0.0133279
0.00783778,0.0140314,0.00796473,0.0188747,0.00809762,0.0238091
0.0105411,0.0213725,0.0107845,0.0288915,0.0110432,0.0366293
0.0133665,0.028967,0.013774,0.0393392,0.0142154,0.0501164
0.0161918,0.0361142,0.0168872,0.0494838,0.0175608,0.0632558
0.0191744,0.0429692,0.0200004,0.0586118,0.0210561,0.0754415
0.0221569,0.0490355,0.0233069,0.0671,0.0246777,0.0863183
0.0252539,0.0544992,0.0266134,0.0743713,0.0282993,0.0954967
0.0283509,0.0591614,0.0300591,0.0807535,0.0321194,0.103521
0.0314478,0.0630978,0.0335048,0.0860525,0.0359394,0.110068
0.0347042,0.0665479,0.0370737,0.0905558,0.0399148,0.115561
0.0379606,0.0693896,0.0406427,0.0942116,0.0438902,0.119941
0.0413571,0.0718064,0.0443528,0.0972668,0.0480222,0.123537
0.0447536,0.0737582,0.0480628,0.0997008,0.0521543,0.126352
0.0483571,0.0754129,0.051968,0.101722,0.0564858,0.128644
0.0520947,0.0767644,0.0558732,0.103303,0.0608173,0.130409
0.0560019,0.0778625,0.0600663,0.104615,0.0654354,0.131846
0.0601138,0.078748,0.0644427,0.105657,0.0702368,0.132972
0.0644718,0.0794554,0.0690513,0.106482,0.0752696,0.133854
0.0691242,0.0800147,0.073938,0.10713,0.0805804,0.134544
0.0741281,0.0804518,0.0791571,0.107636,0.0862244,0.135084
0.0795522,0.0807893,0.0847733,0.10803,0.0922664,0.135509
0.0854805,0.0810474,0.0908639,0.108337,0.0987833,0.135849
0.0920188,0.0812439,0.0975241,0.108578,0.105868,0.136128
0.099303,0.0813946,0.104874,0.108772,0.113637,0.136366
0.107513,0.0815135,0.113067,0.108935,0.122235,0.13658
0.116896,0.0816132,0.122308,0.109081,0.131853,0.136786
0.127799,0.0817045,0.132878,0.109223,0.142744,0.136996
0.140735,0.0817976,0.145172,0.109373,0.155259,0.137225
0.1565,0.0819025,0.159778,0.109542,0.1699,0.137484
0.176401,0.0820308,0.177604,0.109743,0.18742,0.137792
0.202755,0.0821993,0.200151,0.109997,0.209003,0.13817
0.239785,0.0824361,0.230064,0.110334,0.236626,0.138655
0.29087,0.082764,0.271934,0.110807,0.273681,0.13931
0.318436,0.082941,0.327123,0.111436,0.324179,0.14021
0.355448,0.0831796,0.357301,0.11178,0.368025,0.140996
0.405804,0.0835055,0.397509,0.112242,0.41349,0.141818
0.434524,0.0836916,0.451377,0.112865,0.458955,0.142647
0.471947,0.0839349,0.485626,0.113262,0.50442,0.143482
0.521805,0.0842603,0.527704,0.113753,0.551536,0.144354
0.55091,0.0844505,0.580057,0.114368,0.598653,0.145234
0.588355,0.084696,0.614827,0.114777,0.645769,0.146121
0.637981,0.0850227,0.656526,0.115272,0.692886,0.147016
0.667762,0.0852189,0.708319,0.11589,0.740003,0.147917
0.705507,0.0854686,0.745171,0.116331,0.787119,0.148827
0.75485,0.0857961,0.787746,0.116844,0.834236,0.149744
0.784973,0.0859964,0.838255,0.117456,0.881353,0.150669
0.822796,0.0862486,0.876587,0.117923,0.928469,0.151601
0.871985,0.0865779,0.919335,0.118447,0.975586,0.152542
0.902647,0.0867835,0.968593,0.119054,1.02453,0.153528
0.940713,0.0870396,1.00941,0.119559,1.07347,0.154522
0.989672,0.0873702,1.0528,0.1201,1.12241,0.155526
1.02072,0.0875802,1.09999,0.120691,1.17136,0.156538
1.0589,0.0878393,1.14719,0.121285,1.2203,0.157559
1.10768,0.0881715,1.18579,0.121774,1.26924,0.15859
1.13925,0.0883869,1.2271,0.1223,1.31818,0.15963
1.17765,0.0886497,1.27562,0.122922,1.36712,0.160679
1.22616,0.088983,1.32016,0.123495,1.41607,0.161738
1.2582,0.0892035,1.36626,0.124093,1.46501,0.162807
1.29675,0.0894696,1.41236,0.124693,1.51586,0.163928
1.34498,0.0898038,1.45845,0.125298,1.56671,0.165059
1.37763,0.0900305,1.50455,0.125906,1.61756,0.166202
1.41638,0.0903004,1.54459,0.126436,1.66841,0.167355
1.46421,0.0906346,1.58605,0.126989,1.71926,0.16852
1.49752,0.090868,1.63397,0.127632,1.77011,0.169696
1.53645,0.0911415,1.68556,0.128328,1.82096,0.170884
1.58375,0.091475,1.72166,0.128817,1.87181,0.172083
1.61792,0.0917164,1.7637,0.129391,1.92266,0.173295
1.65707,0.0919939,1.81703,0.130123,1.97351,0.174518
1.70363,0.092325,1.85966,0.130712,2.02631,0.175801
1.73888,0.0925764,1.90589,0.131354,2.07911,0.177098
1.77824,0.0928578,1.95559,0.132049,2.13191,0.178408
1.82374,0.0931842,1.99859,0.132653,2.18471,0.179731
1.86052,0.0934488,2.04322,0.133284,2.2375,0.181069
1.90014,0.0937346,2.09161,0.133973,2.2903,0.182421
1.94407,0.0940525,2.14001,0.134666,2.3431,0.183787
1.98307,0.0943356,2.1884,0.135363,2.3959,0.185168
2.02208,0.0946196,2.22959,0.13596,2.4487,0.186564
2.06378,0.0949241,2.27271,0.136589,2.5015,0.187975
2.10695,0.0952402,2.32257,0.137321,2.55632,0.189456
2.14411,0.0955131,2.37562,0.138104,2.61114,0.190953
2.18277,0.0957978,2.41251,0.138652,2.66596,0.192468
2.2258,0.0961157,2.45562,0.139296,2.72077,0.194
2.27081,0.0964493,2.51068,0.140125,2.77559,0.195549
2.30434,0.0966984,2.55337,0.140771,2.83041,0.197117
2.34208,0.0969796,2.60138,0.141502,2.88522,0.198702
2.3892,0.0973318,2.65438,0.142315,2.94004,0.200306
2.42743,0.0976185,2.69588,0.142955,2.99486,0.201929
2.46993,0.0979381,2.74137,0.143661,3.04968,0.20357
2.51548,0.0982817,2.79412,0.144485,3.10449,0.205232
2.55029,0.0985451,2.84076,0.145219,3.16167,0.206986
2.58894,0.0988383,2.88741,0.145958,3.21885,0.208761
2.63567,0.099194,2.93675,0.146744,3.27603,0.210559
2.67454,0.0994906,2.9861,0.147536,3.33321,0.21238
2.71682,0.0998143,3.03544,0.148333,3.39039,0.214224
2.76176,0.10016,3.08479,0.149136,3.44757,0.216091
2.79883,0.100445,3.13414,0.149944,3.50475,0.217982
2.83832,0.10075,3.17809,0.150668,3.56193,0.219898
2.88328,0.101099,3.22204,0.151397,3.61911,0.221838
2.92455,0.101419,3.27294,0.152247,3.67629,0.223803
2.96582,0.101741,3.32857,0.153182,3.73347,0.225795
3.00709,0.102064,3.36805,0.15385,3.79065,0.227812
3.05001,0.102401,3.41369,0.154628,3.84783,0.229857
3.09294,0.102738,3.47059,0.155604,3.90751,0.232019
3.13586,0.103077,3.51634,0.156394,3.96718,0.234212
3.17395,0.103379,3.56579,0.157254,4.02685,0.236436
3.21204,0.103681,3.61912,0.158189,4.08652,0.238691
3.25597,0.104031,3.666,0.159016,4.1462,0.240979
3.30433,0.104417,3.71287,0.159848,4.20587,0.243299
3.33728,0.104681,3.76462,0.160774,4.26554,0.245653
3.37622,0.104994,3.81897,0.161754,4.32522,0.248041
3.42681,0.105402,3.86276,0.162549,4.38489,0.250464
3.46393,0.105702,3.91,0.163412,4.44456,0.252922
3.50728,0.106054,3.9648,0.164421,4.50423,0.255418
3.5569,0.106458,4.0142,0.165337,4.56391,0.25795
3.59041,0.106731,4.06529,0.166291,4.62563,0.26061
3.63021,0.107057,4.11637,0.167252,4.68736,0.263311
3.68137,0.107477,4.16746,0.168221,4.74909,0.266055
3.71927,0.107789,4.21854,0.169196,4.81082,0.268842
3.7621,0.108143,4.26963,0.17018,4.87255,0.271674
3.81062,0.108546,4.32071,0.17117,4.93428,0.274552
3.84726,0.10885,4.37179,0.172168,4.99601,0.277476
3.88821,0.109192,4.42288,0.173173,5.05774,0.280448
3.93685,0.109599,4.47396,0.174187,5.11946,0.283468
3.97713,0.109937,4.52505,0.175207,5.18119,0.286539
4.01996,0.110297,4.57613,0.176236,5.24507,0.289771
4.06575,0.110684,4.62722,0.177272,5.30894,0.293059
4.11153,0.111072,4.6783,0.178317,5.37281,0.296404
4.14735,0.111377,4.72938,0.179369,5.43669,0.299809
4.18661,0.111711,4.7823,0.180468,5.50056,0.303274
4.2351,0.112126,4.83521,0.181576,5.56443,0.306801
4.27715,0.112487,4.88812,0.182692,5.6283,0.310393
4.3227,0.112879,4.94104,0.183817,5.69218,0.31405
4.36825,0.113272,4.99395,0.184952,5.75605,0.317774
4.40782,0.113615,5.04686,0.186096,5.81992,0.321567
4.44878,0.113971,5.09978,0.187249,5.88604,0.325569
4.49449,0.114369,5.15269,0.188411,5.95215,0.329648
4.54267,0.114791,5.2056,0.189583,6.01827,0.333808
4.57845,0.115104,5.25851,0.190765,6.08438,0.338051
4.61879,0.115459,5.31143,0.191956,6.1505,0.342379
4.6691,0.115903,5.36434,0.193157,6.21661,0.346794
4.7097,0.116263,5.41725,0.194369,6.28273,0.3513
4.75488,0.116664,5.47017,0.19559,6.34884,0.355899
4.80354,0.117098,5.52308,0.196821,6.41496,0.360593
4.8407,0.11743,5.57599,0.198063,6.48107,0.365386
4.88198,0.1178,5.62891,0.199315,6.54955,0.370457
4.9318,0.118248,5.68366,0.200622,6.61803,0.375641
4.97315,0.118622,5.73842,0.201941,6.68651,0.380941
5.01811,0.119029,5.79318,0.20327,6.75499,0.386361
5.06603,0.119464,5.84793,0.204612,6.82347,0.391904
5.10564,0.119825,5.90269,0.205966,6.89194,0.397576
5.14778,0.12021,5.95745,0.207331,6.96042,0.40338
5.19562,0.120649,6.0122,0.208709,7.0289,0.409321
5.23962,0.121054,6.06696,0.210099,7.09738,0.415403
5.28362,0.12146,6.12172,0.211501,7.16586,0.421632
5.32762,0.121868,6.17647,0.212916,7.2368,0.428244
5.37322,0.122292,6.23123,0.214344,7.30773,0.435025
5.41882,0.122717,6.28599,0.215785,7.37867,0.441981
5.46442,0.123143,6.34075,0.217239,7.44961,0.449118
5.51002,0.123571,6.3955,0.218706,7.52055,0.456443
5.54908,0.123939,6.45026,0.220186,7.59148,0.463964
5.58983,0.124324,6.50502,0.221681,7.66242,0.471688
5.63772,0.124778,6.56251,0.223264,7.73336,0.479623
5.68448,0.125222,6.62,0.224863,7.8043,0.487778
5.73124,0.125668,6.67749,0.226478,7.87523,0.49616
5.77801,0.126116,6.73498,0.228108,7.94877,0.505101
5.81672,0.126487,6.78653,0.229584,8.02231,0.514308
5.85786,0.126883,6.83808,0.231072,8.09585,0.523792
5.90699,0.127358,6.8968,0.232784,8.16939,0.533566
5.95276,0.127802,6.96025,0.234653,8.24292,0.543643
6.0005,0.128266,7.00802,0.236074,8.31646,0.554036
6.04334,0.128684,7.0615,0.237679,8.39,0.564759
6.08618,0.129104,7.12568,0.239624,8.46354,0.575827
6.13279,0.129561,7.18059,0.241306,8.53708,0.587257
6.18203,0.130047,7.23795,0.24308,8.61061,0.599066
6.22229,0.130445,7.29777,0.24495,8.68684,0.611726
6.26537,0.130872,7.35759,0.24684,8.76308,0.624833
6.31498,0.131366,7.41137,0.248556,8.83931,0.638411
6.35998,0.131815,7.46516,0.250288,8.91554,0.652483
6.40658,0.132282,7.52495,0.252234,8.99177,0.667075
6.45318,0.132751,7.58861,0.25433,9.068,0.682215
6.49978,0.133221,7.63981,0.256032,9.14423,0.697932
6.54638,0.133693,7.69511,0.257888,9.22047,0.714257
6.58816,0.134117,7.75879,0.26005,9.2967,0.731223
6.62994,0.134542,7.82248,0.262236,9.37293,0.748867
6.67772,0.135031,7.87222,0.263962,9.45201,0.767926
6.73028,0.13557,7.9268,0.265874,9.53108,0.787801
6.76713,0.135949,7.99213,0.268189,9.61016,0.808541
6.81,0.136392,8.04929,0.270236,9.68924,0.830199
6.86467,0.136958,8.10954,0.272419,9.76831,0.852831
6.90581,0.137385,8.16978,0.274626,9.84739,0.876499
6.95309,0.137878,8.23003,0.276858,9.92647,0.901268
7.00652,0.138438,8.29028,0.279116,10.0055,0.927209
7.04428,0.138834,8.35052,0.2814,10.0846,0.9544
7.08803,0.139295,8.41077,0.283711,10.1637,0.982921
7.14282,0.139874,8.47102,0.286048,10.2457,1.014
7.1853,0.140325,8.53126,0.288413,10.3277,1.04672
7.23213,0.140823,8.59151,0.290805,10.4097,1.08119
7.28378,0.141375,8.65176,0.293226,10.4917,1.11753
7.32553,0.141822,8.712,0.295675,10.5738,1.15588
7.37049,0.142306,8.77225,0.298154,10.6558,1.1964
7.4216,0.142857,8.83249,0.300662,10.7378,1.23923
7.4727,0.14341,8.89274,0.303201,10.8198,1.28456
7.51074,0.143824,8.95299,0.30577,10.9018,1.33256
7.55357,0.14429,9.01323,0.30837,10.9838,1.38344
7.6077,0.144882,9.0764,0.311131,11.0689,1.43948
7.65185,0.145367,9.13957,0.313928,11.154,1.49912
7.70111,0.145909,9.20274,0.31676,11.239,1.56263
7.75343,0.146488,9.26591,0.31963,11.3241,1.6303
7.79244,0.14692,9.32908,0.322537,11.4091,1.70247
7.83633,0.147408,9.38499,0.325141,11.4942,1.77948
7.8907,0.148015,9.44089,0.327776,11.5793,1.8617
7.93467,0.148508,9.50625,0.330896,11.6643,1.9495
7.98345,0.149056,9.57745,0.334344,11.7494,2.04329
8.03602,0.149649,9.62779,0.336813,11.8345,2.14349
8.07664,0.150109,9.68612,0.339707,11.9226,2.25451
8.12148,0.150619,9.75853,0.343351,12.0107,2.37336
8.17506,0.151229,9.81699,0.346334,12.0988,2.50053
8.22013,0.151745,9.88005,0.349594,12.187,2.6365
8.26874,0.152303,9.94807,0.353162,12.2751,2.78172
8.32015,0.152895,10.0089,0.356394,12.3632,2.93663
8.36371,0.153399,10.0696,0.359671,12.4513,3.10161
8.40944,0.153929,10.1351,0.36325,12.5395,3.277
8.46042,0.154522,10.2032,0.367024,12.6276,3.46304
8.51334,0.155141,10.2628,0.37038,12.7157,3.65991
8.55207,0.155595,10.3224,0.373782,12.8038,3.86769
8.59609,0.156112,10.3896,0.377668,12.8953,4.09484
8.65197,0.156772,10.4608,0.381849,12.9868,4.33355
8.69655,0.1573,10.516,0.385142,13.0782,4.58353
8.74676,0.157896,10.5768,0.388817,13.1697,4.84439
8.80095,0.158543,10.6487,0.393228,13.2612,5.11562
8.84053,0.159017,10.7126,0.397215,13.3526,5.39663
8.88557,0.159558,10.7766,0.401263,13.4441,5.68678
8.94181,0.160235,10.8433,0.405553,13.5355,5.98536
8.98611,0.160771,10.9101,0.409911,13.627,6.29167
9.03585,0.161375,10.9768,0.414339,13.7185,6.60499
9.09045,0.16204,11.0436,0.418839,13.8099,6.92463
9.13142,0.162541,11.1103,0.423412,13.9014,7.24994
9.17737,0.163105,11.177,0.42806,13.9929,7.58032
9.23309,0.163791,11.2438,0.432785,14.0876,7.92735
9.27818,0.164348,11.3105,0.437588,14.1824,8.27866
9.32773,0.164963,11.3773,0.442472,14.2772,8.63375
9.38155,0.165633,11.444,0.447438,14.3719,8.99219
9.42495,0.166175,11.5108,0.452488,14.4667,9.35359
9.47175,0.166761,11.5775,0.457625,14.5614,9.71761
9.52549,0.167437,11.6442,0.46285,14.6562,10.084
9.57924,0.168116,11.711,0.468166,14.751,10.4524
9.61908,0.168621,11.7777,0.473575,14.8457,10.8227
9.66405,0.169192,11.8445,0.479078,14.9405,11.1946
9.72089,0.169917,11.9112,0.484679,15.0352,11.5681
9.76697,0.170507,11.9779,0.49038,15.13,11.9428
9.8185,0.17117,12.0475,0.496427,15.2248,12.3188
9.87349,0.171879,12.117,0.502589,15.3195,12.6959
9.91426,0.172407,12.1865,0.508867,15.4143,13.074
9.96028,0.173005,12.256,0.515266,15.509,13.4529
10.0174,0.173749,12.3256,0.521788,15.6038,13.8327
10.0632,0.174349,12.3951,0.528437,15.6985,14.2132
10.1143,0.17502,12.4646,0.535216,15.7933,14.5944
10.1696,0.175749,12.5341,0.542129,15.8881,14.9762
10.2119,0.176308,12.6037,0.54918,15.9828,15.3586
10.2589,0.176932,12.6732,0.556372,16.0776,15.7415
10.3153,0.177683,12.7427,0.56371,16.1723,16.1249
10.3621,0.17831,12.8122,0.571198,16.2671,16.5087
10.4129,0.178992,12.8817,0.578839,16.3619,16.893
10.4672,0.179723,12.9513,0.586638,16.4566,17.2776
10.5123,0.180333,13.0208,0.594601,16.5514,17.6625
10.5601,0.180982,13.0903,0.602731,16.6461,18.0478
10.6142,0.181718,13.1598,0.611033,16.7409,18.4334
10.6641,0.1824,13.2294,0.619514,16.8357,18.8192
10.7141,0.183086,13.3015,0.628504,16.9304,19.2053
10.764,0.183773,13.3736,0.637697,17.0252,19.5916
10.8139,0.184464,13.4457,0.6471,17.1199,19.9782
10.8639,0.185157,13.5178,0.656719,17.2147,20.3649
10.9156,0.185877,13.5899,0.666561,17.3095,20.7518
10.9674,0.1866,13.662,0.676633,17.4042,21.1389
11.0191,0.187326,13.7342,0.686942,17.499,21.5262
11.0655,0.187978,13.8063,0.697497,17.5937,21.9135
11.1118,0.188633,13.8784,0.708306,17.6885,22.3011
11.1645,0.18938,13.9505,0.719376,17.7833,22.6887
11.2222,0.190201,14.0226,0.730717,17.878,23.0765
11.2631,0.190786,14.0947,0.742337,17.9728,23.4643
11.3104,0.191464,14.1669,0.754247,18.0675,23.8523
11.3704,0.192327,14.239,0.766455,18.1623,24.2403
11.4161,0.192986,14.3111,0.778973,18.2571,24.6285
11.4682,0.193743,14.3832,0.79181,18.3518,25.0167
11.5268,0.194594,14.458,0.805474,18.4466,25.4049
11.5687,0.195206,14.5328,0.819507,18.5413,25.7932
11.6169,0.195913,14.6076,0.833922,18.6361,26.1816
11.6769,0.196796,14.6824,0.848733,18.7309,26.57
11.7227,0.197472,14.7572,0.863955,18.8256,26.9585
11.7746,0.198242,14.832,0.879603,18.9204,27.347
11.8331,0.199113,14.9068,0.895694,19.0151,27.7355
11.8765,0.199761,14.9815,0.912244,19.1099,28.1241
11.9255,0.200496,15.0563,0.929269,19.2047,28.5126
11.9848,0.201387,15.1311,0.946789,19.2994,28.9012
12.0328,0.202113,15.2059,0.964823,19.3942,29.2898
12.0845,0.202897,15.2807,0.983389,19.4889,29.6784
12.1402,0.203744,15.3555,1.00251,19.5739,30.0267
12.1887,0.204485,15.4303,1.0222,19.6588,30.3749
12.2389,0.205254,15.5051,1.0425,19.7437,30.7232
12.2929,0.206086,15.5799,1.06341,19.8286,31.0715
12.3469,0.20692,15.6547,1.08497,19.9136,31.4197
12.4009,0.207758,15.7328,1.1082,19.9985,31.768
12.4458,0.208458,15.8109,1.13219,20.0834,32.1162
12.4935,0.209202,15.889,1.15698,20.1683,32.4644
12.55,0.210088,15.9671,1.18259,20.2533,32.8126
12.6029,0.210922,16.0452,1.20906,20.3382,33.1608
12.658,0.211792,16.1234,1.23642,20.4231,33.5089
12.7071,0.212571,16.2015,1.26472,20.508,33.8571
12.7562,0.213354,16.2796,1.29399,20.593,34.2052
12.8102,0.214217,16.3577,1.32427,20.6779,34.5532
12.8675,0.215136,16.4358,1.3556,20.7628,34.9012
12.9128,0.215866,16.5139,1.38802,20.8477,35.2492
12.9622,0.216664,16.592,1.42159,20.9327,35.5972
13.0206,0.217611,16.6702,1.45634,21.0176,35.9451
13.0711,0.218435,16.7483,1.49232,21.1025,36.293
13.1249,0.219315,16.8264,1.52958,21.1874,36.6408
13.1806,0.22023,16.9045,1.56818,21.2724,36.9885
13.2294,0.221034,16.9826,1.60816,21.3573,37.3363
13.2782,0.221841,17.0607,1.64958,21.4422,37.6839
13.3335,0.222759,17.1388,1.69249,21.5271,38.0315
13.3932,0.223754,17.2169,1.73694,21.6121,38.3791
13.4355,0.224463,17.298,1.78475,21.697,38.7266
13.4844,0.225284,17.379,1.83435,21.7819,39.074
13.5469,0.226337,17.46,1.88581,21.8668,39.4214
13.5946,0.227145,17.5411,1.93918,21.9518,39.7687
13.6493,0.228073,17.6221,1.99453,22.0367,40.1159
13.7102,0.229113,17.7031,2.05193,22.1216,40.463
13.7531,0.229848,17.7842,2.11143,22.2066,40.8101
13.803,0.230705,17.8652,2.17312,22.2915,41.1571
13.8659,0.231791,17.9462,2.23703,22.3764,41.504
13.9132,0.232611,18.0273,2.30324,22.4613,41.8508
13.9675,0.233554,18.1083,2.3718,22.5373,42.1609
14.029,0.234629,18.1893,2.44276,22.6132,42.471
14.073,0.235399,18.2704,2.51617,22.6935,42.7987
14.1236,0.23629,18.3514,2.59209,22.7738,43.1263
14.1865,0.2374,18.4324,2.67054,22.8541,43.4538
14.2354,0.238268,18.5135,2.75158,22.9344,43.7812
14.2892,0.239226,18.5945,2.83522,23.0147,44.1085
14.3486,0.240288,18.6794,2.92574,23.095,44.4358
14.3969,0.241153,18.7644,3.01917,23.1753,44.7629
14.4487,0.242087,18.8493,3.11553,23.2556,45.0899
14.5073,0.243147,18.9343,3.21481,23.3359,45.4168
14.566,0.244212,19.0192,3.31703,23.4162,45.7436
14.6099,0.245013,19.0948,3.41046,23.4965,46.0702
14.6592,0.245915,19.1704,3.50617,23.5768,46.3968
14.7213,0.247055,19.2578,3.61963,23.6571,46.7232
14.7722,0.247994,19.3522,3.74546,23.7285,47.0133
14.8289,0.249043,19.422,3.84086,23.7999,47.3033
14.8888,0.250157,19.5009,3.95086,23.8772,47.6171
14.9336,0.250993,19.596,4.08635,23.9544,47.9306
14.9839,0.251935,19.6764,4.2035,24.0317,48.2441
15.0463,0.253109,19.7609,4.32912,24.109,48.5574
15.0969,0.254063,19.8499,4.46404,24.1862,48.8706
15.153,0.255127,19.9389,4.60156,24.2635,49.1836
15.2134,0.256275,20.0177,4.72544,24.3407,49.4964
15.2596,0.257158,20.0966,4.8512,24.418,49.8092
15.3108,0.258141,20.1858,4.99567,24.4865,50.0863
15.3726,0.259331,20.2805,5.15158,24.555,50.3632
15.424,0.260324,20.3547,5.27524,24.6301,50.6671
15.4798,0.261408,20.436,5.41243,24.7053,50.9708
15.5393,0.262567,20.5309,5.57457,24.7805,51.2743
15.5881,0.263522,20.6161,5.72191,24.8557,51.5776
15.6402,0.264546,20.7013,5.87082,24.9309,51.8807
15.6998,0.26572,20.7897,6.02697,24.998,52.1514
15.754,0.266793,20.8782,6.18463,25.0652,52.422
15.8081,0.26787,20.9666,6.34373,25.1386,52.7176
15.8647,0.268999,21.055,6.50417,25.2121,53.0129
15.9213,0.270133,21.1435,6.66589,25.2855,53.308
15.9779,0.271271,21.2319,6.8288,25.3589,53.6029
16.0277,0.272277,21.3204,6.99284,25.4323,53.8976
16.0774,0.273286,21.4088,7.15794,25.4971,54.1572
16.1356,0.274469,21.4973,7.32404,25.5618,54.4167
16.2,0.275786,21.5857,7.49108,25.6342,54.7064
16.2417,0.276643,21.6741,7.65901,25.7065,54.9959
16.2924,0.277687,21.7626,7.82777,25.7788,55.2852
16.3603,0.27909,21.851,7.99732,25.8439,55.5449
16.4079,0.28008,21.9395,8.16761,25.9089,55.8043
16.4652,0.281274,22.0279,8.33859,25.9795,56.0858
16.5323,0.282678,22.1163,8.51023,26.05,56.367
16.5735,0.283545,22.2087,8.69014,26.1206,56.6479
16.6251,0.284633,22.3011,8.87069,26.1912,56.9285
16.6947,0.286107,22.3934,9.05183,26.2542,57.1788
16.7408,0.287088,22.4858,9.23354,26.3173,57.429
16.7975,0.288298,22.5781,9.41578,26.3869,57.7048
16.8665,0.28978,22.6705,9.59852,26.4565,57.9804
16.9076,0.290665,22.7629,9.78174,26.5261,58.2556
16.9599,0.291795,22.8552,9.96541,26.5957,58.5305
17.0308,0.293333,22.9476,10.1495,26.6556,58.7667
17.0771,0.294343,23.0399,10.334,26.718,59.0124
17.1332,0.29557,23.1323,10.5189,26.7873,59.285
17.2017,0.297076,23.2247,10.7041,26.8566,59.5571
17.2451,0.298033,23.317,10.8897,26.9188,59.8011
17.2984,0.299215,23.4094,11.0755,26.981,60.0448
17.3683,0.300768,23.5017,11.2617,27.0481,60.3076
17.4149,0.301811,23.5941,11.4482,27.1153,60.5699
17.4707,0.303061,23.6864,11.635,27.1825,60.8318
17.5389,0.304596,23.7788,11.822,27.2497,61.0933
17.584,0.305616,23.8712,12.0093,27.3081,61.3204
17.6382,0.306846,23.9635,12.1968,27.3686,61.5551
17.7069,0.308414,24.06,12.3928,27.4357,61.8149
17.7544,0.3095,24.1564,12.589,27.5028,62.0742
17.8101,0.310781,24.2528,12.7855,27.5699,62.3329
17.8775,0.312337,24.3493,12.9822,27.6259,62.5482
17.9244,0.313424,24.4457,13.179,27.6851,62.7759
17.9793,0.3147,24.5421,13.3761,27.7525,63.0343
18.0466,0.316274,24.6385,13.5733,27.82,63.2921
18.0956,0.317422,24.735,13.7707,27.8762,63.5066
18.1515,0.318738,24.8314,13.9683,27.9357,63.7334
18.2173,0.320295,24.9278,14.166,28.0023,63.9861
18.2667,0.321469,25.0243,14.3639,28.0688,64.2382
18.3222,0.322791,25.1207,14.5619,28.124,64.4469
18.387,0.324344,25.2171,14.7601,28.1827,64.6681
18.4389,0.325592,25.3136,14.9584,28.2488,64.9165
18.4951,0.32695,25.41,15.1568,28.3148,65.1641
18.5575,0.328462,25.5064,15.3553,28.3688,65.3661
18.6117,0.329781,25.6029,15.5539,28.4267,65.5818
18.6678,0.331152,25.6993,15.7527,28.4926,65.8267
18.7274,0.332615,25.7993,15.9588,28.5584,66.0707
18.787,0.334083,25.8992,16.1651,28.6105,66.263
18.8404,0.335407,25.9992,16.3714,28.6673,66.4723
18.8939,0.336736,26.0992,16.5779,28.7336,66.7154
18.9532,0.338214,26.1992,16.7844,28.7925,66.931
19.0167,0.339806,26.2991,16.9911,28.8514,67.1459
19.0656,0.341036,26.3991,17.1978,28.913,67.3697
19.1196,0.342401,26.4991,17.4046,28.9746,67.5927
19.1847,0.344052,26.599,17.6114,29.0362,67.8148
19.239,0.345434,26.699,17.8184,29.0916,68.014
19.2979,0.346942,26.799,18.0254,29.147,68.2124
19.3605,0.34855,26.899,18.2324,29.2084,68.4311
19.412,0.349876,26.9989,18.4396,29.2727,68.6598
19.4669,0.351298,27.0989,18.6468,29.3244,68.8425
19.5296,0.35293,27.1989,18.854,29.3802,69.0395
19.5868,0.354422,27.3025,19.0689,29.4443,69.2644
19.6439,0.35592,27.4061,19.2838,29.5015,69.4645
19.7035,0.357489,27.5097,19.4987,29.5588,69.6639
19.7631,0.359065,27.6133,19.7137,29.6185,69.8708
19.8227,0.360648,27.7169,19.9288,29.6781,70.0767
19.8749,0.36204,27.8205,20.1439,29.7378,70.2818
19.9271,0.363437,27.9241,20.3591,29.7975,70.4859
19.9885,0.365088,28.0277,20.5743,29.8486,70.66
20.0569,0.366934,28.1313,20.7895,29.9019,70.841
20.1,0.3681,28.2349,21.0048,29.9631,71.0476
20.1531,0.369544,28.3385,21.2201,30.0274,71.2636
20.2252,0.371515,28.4421,21.4354,30.0728,71.4156
20.2749,0.372878,28.5457,21.6508,30.1255,71.5911
20.3354,0.374545,28.6493,21.8662,30.1914,71.8098
20.407,0.376526,28.7529,22.0817,30.2436,71.9818
20.449,0.377695,28.8606,22.3055,30.3005,72.1688
20.5029,0.379197,28.9682,22.5294,30.3622,72.3705
20.577,0.381274,29.0759,22.7534,30.4137,72.5383
20.6249,0.382622,29.1835,22.9773,30.4683,72.7151
20.6848,0.384313,29.2911,23.2013,30.5284,72.9088
20.7586,0.386409,29.3988,23.4253,30.5885,73.1015
20.8003,0.387596,29.5064,23.6494,30.6367,73.2552
20.8548,0.389155,29.6141,23.8734,30.6888,73.4208
20.9303,0.391324,29.7217,24.0975,30.7502,73.615
20.9772,0.392675,29.8294,24.3216,30.8041,73.7843
21.0366,0.394398,29.937,24.5457,30.8607,73.9617
21.1118,0.396586,30.0446,24.7698,30.9174,74.1381
21.1536,0.397807,30.1523,24.994,30.974,74.3137
21.2088,0.399425,30.2599,25.2181,31.0307,74.4883
21.2851,0.401673,30.3676,25.4423,31.0813,74.6435
21.3325,0.403077,30.479,25.6743,31.1319,74.7981
21.3915,0.404829,30.5904,25.9064,31.1891,74.972
21.4657,0.407044,30.7018,26.1384,31.2505,75.1577
21.5098,0.408365,30.8132,26.3705,31.2953,75.2923
21.5659,0.410054,30.9246,26.6026,31.3463,75.4451
21.6414,0.412334,31.036,26.8346,31.4092,75.6322
21.6889,0.413777,31.1474,27.0667,31.4595,75.7815
21.7476,0.415566,31.2588,27.2988,31.5141,75.9424
21.8217,0.417832,31.3702,27.5309,31.5729,76.1149
21.8671,0.419229,31.4816,27.763,31.6226,76.2599
21.924,0.420984,31.593,27.9952,31.6748,76.4117
21.9989,0.423307,31.7044,28.2273,31.7322,76.5775
22.0467,0.424793,31.8158,28.4594,31.7895,76.7423
22.1053,0.426624,31.9272,28.6915,31.8365,76.8766
22.1792,0.428946,32.0387,28.9237,31.8867,77.0197
22.2257,0.430411,32.1501,29.1558,31.9451,77.185
22.2831,0.432229,32.2615,29.3879,31.9976,77.3329
22.3577,0.434599,32.3729,29.6201,32.0522,77.4861
22.4057,0.436134,32.4843,29.8522,32.1068,77.6384
22.4643,0.438012,32.5957,30.0844,32.1615,77.79
22.5382,0.440389,32.7071,30.3165,32.2104,77.9252
22.5855,0.441921,32.8185,30.5486,32.2594,78.0598
22.6434,0.4438,32.9299,30.7808,32.3144,78.21
22.7176,0.446218,33.0413,31.0129,32.3733,78.3704
22.7661,0.447809,33.1527,31.245,32.4169,78.4883
22.8248,0.449738,33.2641,31.4771,32.4662,78.6211
22.8984,0.452167,33.3755,31.7093,32.5266,78.7831
22.9467,0.45377,33.4869,31.9414,32.5758,78.9142
23.0049,0.45571,33.5869,32.1497,32.6287,79.0544
23.0785,0.458172,33.6869,32.358,32.6849,79.2029
23.1278,0.459828,33.7925,32.578,32.7332,79.3296
23.1867,0.461813,33.8981,32.7979,32.7836,79.4612
23.2597,0.464286,34.0036,33.0179,32.8385,79.604
23.3091,0.465967,34.1092,33.2378,32.8935,79.7461
23.3677,0.46797,34.2148,33.4577,32.9403,79.8667
23.4405,0.470466,34.3204,33.6777,32.9894,79.9923
23.4909,0.472203,34.426,33.8976,33.0445,80.1327
23.5499,0.474246,34.5315,34.1175,33.1019,80.2783
23.6219,0.476747,34.6371,34.3374,33.1429,80.3816
23.6728,0.478525,34.7427,34.5573,33.1901,80.5002
23.7318,0.480592,34.8483,34.7772,33.2504,80.6509
23.8031,0.483102,34.9538,34.997,33.2967,80.7659
23.8553,0.484946,35.0594,35.2169,33.3495,80.8965
23.9147,0.487053,35.165,35.4368,33.408,81.0402
23.9847,0.489549,35.2591,35.6326,33.4494,81.1417
24.0381,0.491462,35.3531,35.8284,33.4974,81.2585
24.0975,0.493598,35.4548,36.0401,33.5573,81.4039
24.1661,0.496071,35.5564,36.2518,33.6035,81.5152
24.2217,0.498087,35.6581,36.4634,33.6546,81.6379
24.2814,0.500263,35.7598,36.6751,33.7112,81.7729
24.3475,0.502677,35.8614,36.8867,33.7558,81.879
24.406,0.504828,35.9631,37.0983,33.8046,81.9942
24.4646,0.506988,36.0647,37.3099,33.8607,82.1262
24.5274,0.509312,36.1664,37.5215,33.9091,82.2396
24.5924,0.51173,36.2681,37.7331,33.9595,82.3568
24.6474,0.513787,36.3581,37.9204,34.0119,82.4784
24.7053,0.515955,36.4481,38.1077,34.0644,82.5993
24.7705,0.51841,36.5471,38.3137,34.1094,82.7026
24.8388,0.520996,36.6461,38.5197,34.1564,82.8097
24.8866,0.52281,36.7451,38.7257,34.2097,82.931
24.9423,0.524932,36.8441,38.9317,34.2662,83.0586
25.0151,0.527721,36.9431,39.1376,34.3049,83.1457
25.0704,0.529845,37.0421,39.3436,34.3505,83.2479
25.1346,0.532325,37.1293,39.525,34.4101,83.3806
25.2059,0.535094,37.2165,39.7064,34.4541,83.4782
25.2527,0.536915,37.3136,39.9083,34.5055,83.5915
25.3092,0.539122,37.4107,40.1103,34.5637,83.7192
25.3843,0.542072,37.5078,40.3122,34.602,83.8029
25.4371,0.544157,37.605,40.5142,34.6482,83.9034
25.5006,0.54667,37.6913,40.6938,34.7084,84.0337
25.575,0.549628,37.7777,40.8734,34.7517,84.1268
25.6206,0.551451,37.8728,41.0711,34.8015,84.2333
25.6776,0.553739,37.968,41.2689,34.8587,84.3552
25.755,0.556853,38.0631,41.4667,34.8992,84.4412
25.8058,0.55891,38.1582,41.6644,34.9461,84.5403
25.8687,0.561463,38.2432,41.8409,35.0041,84.6619
25.9456,0.564604,38.3281,42.0174,35.0476,84.7529
25.9903,0.566434,38.4215,42.2116,35.0965,84.8545
26.0479,0.568804,38.515,42.4057,35.1519,84.9693
26.127,0.572069,38.6084,42.5999,35.1947,85.0573
26.1764,0.57412,38.7018,42.794,35.242,85.1542
26.2388,0.57672,38.7847,42.966,35.2969,85.2662
26.3177,0.580019,38.8675,43.1381,35.3423,85.3585
26.3619,0.581878,38.9597,43.3296,35.3907,85.4561
26.42,0.584329,39.0519,43.5211,35.4428,85.5608
26.5002,0.587725,39.1441,43.7127,35.4894,85.6541
26.55,0.589843,39.227,43.8847,35.5361,85.747
26.6119,0.59249,39.3098,44.0568,35.5859,85.8456
26.69,0.595841,39.4001,44.2442,35.6375,85.9473
26.7362,0.597832,39.4904,44.4316,35.6814,86.0334
26.7952,0.600383,39.5806,44.6189,35.7274,86.1232
26.8746,0.603836,39.6709,44.8063,35.7789,86.2232
26.9244,0.606007,39.7507,44.972,35.8324,86.3267
26.986,0.608707,39.8306,45.1377,35.8706,86.4002
27.064,0.612141,39.9202,45.3237,35.9146,86.4846
27.1114,0.614234,40.0098,45.5096,35.9713,86.5927
27.171,0.616879,40.0994,45.6956,36.0148,86.6751
27.2501,0.620402,40.1782,45.8589,36.0647,86.7694
27.2998,0.622629,40.2569,46.0223,36.12,86.8731
27.3613,0.62539,40.3455,46.2061,36.1575,86.9433
27.4394,0.628914,40.4341,46.3899,36.2019,87.026
27.4875,0.631097,40.5228,46.5737,36.2595,87.1327
27.5477,0.633833,40.5991,46.7321,36.301,87.2091
27.6265,0.637435,40.6786,46.8969,36.3497,87.2985
27.6763,0.639722,40.7664,47.0789,36.4063,87.4017
27.7377,0.64255,40.8542,47.261,36.4432,87.4688
27.8158,0.646167,40.9329,47.424,36.4879,87.5496
27.8647,0.648436,41.0116,47.5871,36.5462,87.6545
27.9252,0.651259,41.097,47.7641,36.5871,87.7278
28.0038,0.654945,41.1824,47.941,36.6347,87.8127
28.0538,0.657297,41.2678,48.118,36.6906,87.9118
28.1152,0.660198,41.3532,48.295,36.729,87.9795
28.1934,0.663907,41.4265,48.4468,36.7742,88.0589
28.2428,0.66626,41.5029,48.6051,36.8308,88.1581
28.3037,0.669171,41.5888,48.7831,36.8718,88.2293
28.3821,0.672941,41.6747,48.961,36.9187,88.3106
28.4324,0.675366,41.7503,49.1176,36.9735,88.405
28.4939,0.678343,41.8259,49.2742,37.0132,88.4732
28.572,0.682143,41.9099,49.448,37.0587,88.5508
28.6219,0.684582,41.9939,49.6218,37.1134,88.6439
28.6831,0.68758,42.0778,49.7956,37.1552,88.7146
28.7613,0.691435,42.1498,49.9447,37.2017,88.7928
28.812,0.693938,42.225,50.1001,37.2545,88.8813
28.8736,0.696996,42.3089,50.2737,37.2964,88.9512
28.9515,0.700884,42.3927,50.4473,37.342,89.0269
29.002,0.703413,42.4661,50.5991,37.3937,89.1122
29.0634,0.706498,42.5395,50.7509,37.4381,89.1853
29.1414,0.710436,42.6219,50.9213,37.4844,89.261
29.1925,0.713025,42.7075,51.0984,37.5333,89.3405
29.2542,0.716167,42.7751,51.2381,37.5821,89.4197
29.3319,0.720136,42.8489,51.3907,37.6237,89.4867
29.3831,0.722762,42.934,51.5667,37.6672,89.5566
29.4447,0.725937,43.0093,51.7223,37.717,89.6362
29.5223,0.72995,43.0845,51.8779,37.7644,89.7116
29.574,0.732638,43.1642,52.0426,37.8118,89.7866
29.6359,0.735866,43.2439,52.2073,37.8591,89.8613
29.7131,0.739907,43.3236,52.372,37.9065,89.9356
29.7651,0.742642,43.394,52.5175,37.9483,90.0009
29.827,0.745909,43.4645,52.663,37.9901,90.0658
29.9038,0.749983,43.5443,52.8278,38.0389,90.1413
29.9565,0.752787,43.6283,53.0014,38.0929,90.2244
30.0186,0.756105,43.6924,53.1336,38.1274,90.2774
30.0949,0.760198,43.7636,53.2809,38.1697,90.3419
30.1481,0.763066,43.8477,53.4544,38.2266,90.4283
30.2102,0.766426,43.9191,53.6017,38.2658,90.4876
30.2859,0.770535,43.994,53.7564,38.3134,90.5593
30.34,0.773487,44.0727,53.9187,38.3698,90.6437
30.4023,0.776899,44.1513,54.081,38.403,90.6931
30.477,0.781004,44.218,54.2187,38.4455,90.7562
30.5322,0.78405,44.2881,54.3631,38.5038,90.8423
30.5946,0.787509,44.3671,54.5262,38.541,90.8971
30.668,0.791592,44.4462,54.6892,38.5877,90.9655
30.7248,0.794765,44.5129,54.8268,38.6457,91.0499
30.7875,0.798278,44.5831,54.9716,38.678,91.0967
30.8589,0.802302,44.6614,55.1331,38.7206,91.1583
30.918,0.80564,44.7397,55.2945,38.7797,91.2431
30.9808,0.809206,44.8049,55.4289,38.8167,91.2961
31.0495,0.813123,44.8741,55.5714,38.8626,91.3614
31.1183,0.817055,44.9523,55.7325,38.9198,91.4423
31.1711,0.820092,45.0305,55.8936,38.9534,91.4897
31.2296,0.823463,45.0936,56.0236,38.9965,91.5502
31.3025,0.827678,45.1617,56.1638,39.0547,91.6315
31.364,0.831253,45.2404,56.326,39.0912,91.6823
31.4316,0.835198,45.3192,56.4882,39.1364,91.7448
31.5016,0.839298,45.3784,56.6101,39.1934,91.8233
31.5549,0.842435,45.4448,56.7467,39.2275,91.8702
31.6142,0.845934,45.5254,56.9127,39.2708,91.9293
31.6875,0.850274,45.5934,57.0526,39.3286,92.0078
31.7483,0.853889,45.6651,57.2001,39.3645,92.0564
31.8152,0.857887,45.7398,57.3538,39.4092,92.1166
31.8858,0.862121,45.8146,57.5076,39.4662,92.1929
31.9401,0.865385,45.876,57.6339,39.5005,92.2387
32.0001,0.869012,45.9416,57.7687,39.5439,92.2963
32.0731,0.873439,46.018,57.9259,39.6014,92.3724
32.134,0.877145,46.0872,58.0682,39.6369,92.419
32.2005,0.881207,46.1589,58.2155,39.6812,92.477
32.2707,0.885518,46.2305,58.3627,39.7382,92.5514
32.3267,0.888966,46.3022,58.5099,39.7725,92.5958
32.3875,0.892721,46.3738,58.6571,39.8159,92.6519
32.459,0.897161,46.4357,58.7842,39.8733,92.7257
32.5214,0.901048,46.5,58.9162,39.9082,92.7705
32.5876,0.905189,46.5734,59.0669,39.9522,92.8265
32.6539,0.909346,46.6507,59.2256,40.0093,92.8989
32.7201,0.913519,46.7058,59.3388,40.0434,92.942
32.7863,0.917708,46.7694,59.4693,40.0868,92.9965
32.8438,0.921362,46.8487,59.6319,40.1441,93.0682
32.9034,0.925157,46.9117,59.7612,40.1787,93.1113
32.9719,0.929539,46.9803,59.9019,40.2224,93.1655
33.0462,0.934311,47.0544,60.054,40.2795,93.2359
33.0956,0.93749,47.1168,60.1818,40.3135,93.2777
33.1547,0.941312,47.1825,60.3166,40.3568,93.3306
33.2336,0.946432,47.2547,60.4646,40.414,93.4003
33.2901,0.950118,47.3269,60.6125,40.4483,93.4418
33.3577,0.954539,47.3856,60.7328,40.4918,93.4943
33.4357,0.959659,47.4486,60.862,40.5489,93.5628
33.4832,0.962792,47.522,61.0122,40.5827,93.6032
33.5429,0.966736,47.5875,61.1464,40.6258,93.6546
33.6245,0.972152,47.6557,61.286,40.683,93.7223
33.6784,0.975744,47.7239,61.4255,40.717,93.7624
33.7453,0.980216,47.7921,61.5651,40.7603,93.8132
33.8267,0.985679,47.8602,61.7046,40.8174,93.8799
33.8726,0.988771,47.921,61.8288,40.851,93.919
33.9327,0.992833,47.9817,61.953,40.894,93.9688
34.0164,0.998509,48.0508,62.0943,40.9512,94.0347
34.0685,1.00206,48.125,62.2461,40.9849,94.0734
34.1349,1.0066,48.1784,62.3552,41.028,94.1226
34.2185,1.01234,48.2397,62.4806,41.0851,94.1875
34.2636,1.01544,48.3156,62.6356,41.1185,94.2253
34.3241,1.01962,48.3757,62.7584,41.1614,94.2737
34.4089,1.0255,48.4412,62.8923,41.2185,94.3378
34.4601,1.02906,48.5124,63.0377,41.2519,94.3751
34.5262,1.03367,48.5718,63.1589,41.2949,94.4229
34.611,1.03962,48.6347,63.2873,41.3519,94.486
34.6559,1.04278,48.7041,63.4291,41.3852,94.5226
34.7168,1.04707,48.7736,63.5709,41.428,94.5696
34.8022,1.05312,48.8286,63.6831,41.485,94.6318
34.8545,1.05684,48.8885,63.8053,41.5183,94.6679
34.9201,1.06152,48.96,63.9509,41.5611,94.7143
35.003,1.06746,49.0216,64.0766,41.618,94.7756
35.0506,1.07088,49.0872,64.2103,41.6511,94.8111
35.1124,1.07533,49.1528,64.344,41.6938,94.8567
35.1968,1.08144,49.2184,64.4776,41.7507,94.9172
35.249,1.08524,49.284,64.6112,41.7838,94.9522
35.3142,1.08998,49.3415,64.7283,41.8265,94.9971
35.3968,1.09603,49.399,64.8453,41.8834,95.0567
35.4457,1.09961,49.466,64.9817,41.9163,95.0911
35.5081,1.10421,49.5387,65.1298,41.9589,95.1354
35.5921,1.11041,49.5871,65.2281,42.0157,95.1942
35.6442,1.11427,49.6451,65.346,42.0486,95.228
35.709,1.11909,49.7203,65.499,42.0912,95.2717
35.7918,1.12527,49.7761,65.6126,42.1479,95.3296
35.8414,1.12899,49.8393,65.7408,42.1808,95.3629
35.9044,1.13371,49.9101,65.8847,42.2232,95.4059
35.9881,1.14003,49.9635,65.9932,42.2799,95.463
36.04,1.14395,50,66.0674,42.3127,95.4959
36.1046,1.14886,,,42.3552,95.5383
36.1876,1.15518,,,42.4118,95.5945
36.2378,1.15901,,,42.4445,95.6269
36.3011,1.16387,,,42.4869,95.6686
36.3848,1.17031,,,42.5435,95.7241
36.4365,1.1743,,,42.5762,95.756
36.5011,1.17929,,,42.6185,95.7971
36.5842,1.18575,,,42.675,95.8518
36.6348,1.18969,,,42.7076,95.8832
36.6984,1.19467,,,42.7498,95.9237
36.7821,1.20124,,,42.8063,95.9776
36.8338,1.2053,,,42.8389,96.0085
36.8983,1.21039,,,42.8811,96.0484
36.9816,1.217,,,42.9375,96.1016
37.0324,1.22103,,,42.97,96.132
37.0963,1.22612,,,43.0122,96.1714
37.1801,1.23283,,,43.0685,96.2238
37.2317,1.23696,,,43.101,96.2538
37.2962,1.24215,,,43.1431,96.2926
37.3798,1.2489,,,43.1994,96.3442
37.4308,1.25303,,,43.2318,96.3738
37.4948,1.25823,,,43.2738,96.412
37.5788,1.26507,,,43.3301,96.4629
37.6303,1.26928,,,43.3625,96.4921
37.6948,1.27457,,,43.4044,96.5297
37.7786,1.28147,,,43.4606,96.5799
37.8298,1.28569,,,43.493,96.6086
37.894,1.291,,,43.5349,96.6458
37.9781,1.29798,,,43.591,96.6952
38.0296,1.30227,,,43.6233,96.7235
38.0942,1.30766,,,43.6652,96.7601
38.1782,1.31469,,,43.7213,96.8089
38.2294,1.319,,,43.7535,96.8368
38.2938,1.32442,,,43.7953,96.8729
38.378,1.33154,,,43.8514,96.9209
38.4295,1.3359,,,43.8836,96.9484
38.4942,1.3414,,,43.9254,96.984
38.5784,1.34858,,,43.9813,97.0314
38.6297,1.35296,,,44.0135,97.0585
38.6942,1.35849,,,44.0552,97.0935
38.7786,1.36575,,,44.1111,97.1402
38.8301,1.37019,,,44.1433,97.167
38.8948,1.37579,,,44.185,97.2015
38.9793,1.38311,,,44.2408,97.2476
39.0307,1.38758,,,44.2729,97.2739
39.0953,1.39321,,,44.3145,97.308
39.1799,1.40061,,,44.3703,97.3534
39.2314,1.40513,,,44.4024,97.3793
39.2962,1.41083,,,44.444,97.4129
39.3808,1.41829,,,44.4997,97.4577
39.4322,1.42284,,,44.5317,97.4833
39.497,1.42858,,,44.5733,97.5164
39.5817,1.43612,,,44.629,97.5605
39.6333,1.44071,,,44.661,97.5857
39.6981,1.44651,,,44.7025,97.6184
39.783,1.45412,,,44.7581,97.6619
39.8344,1.45874,,,44.7901,97.6868
39.8992,1.46458,,,44.8315,97.719
39.9842,1.47227,,,44.8871,97.7619
40.0357,1.47693,,,44.919,97.7864
40.1007,1.48283,,,44.9605,97.8181
40.1857,1.49058,,,45.016,97.8604
40.2372,1.49528,,,45.0479,97.8846
40.3021,1.50122,,,45.0893,97.9159
40.3873,1.50904,,,45.1448,97.9576
40.4388,1.51378,,,45.1766,97.9815
40.5039,1.51978,,,45.218,98.0123
40.5891,1.52766,,,45.2734,98.0534
40.6406,1.53243,,,45.3052,98.0769
40.7056,1.53848,,,45.3465,98.1074
40.791,1.54643,,,45.4019,98.1479
40.8425,1.55125,,,45.4337,98.1711
40.9076,1.55734,,,45.4749,98.2011
40.9931,1.56537,,,45.5303,98.2411
41.0446,1.57021,,,45.562,98.2639
41.1097,1.57635,,,45.6033,98.2935
41.1953,1.58444,,,45.6585,98.333
41.2468,1.58933,,,45.6903,98.3555
41.312,1.59552,,,45.7315,98.3847
41.3977,1.60368,,,45.7867,98.4236
41.4492,1.60859,,,45.8184,98.4458
41.5144,1.61483,,,45.8595,98.4745
41.6002,1.62305,,,45.9147,98.5129
41.6517,1.628,,,45.9464,98.5348
41.7169,1.63429,,,45.9875,98.5632
41.8028,1.64258,,,46.0426,98.601
41.8543,1.64757,,,46.0743,98.6226
41.9196,1.6539,,,46.1154,98.6506
42.0056,1.66226,,,46.1705,98.6879
42.0571,1.66727,,,46.2021,98.7092
42.1224,1.67365,,,46.2431,98.7368
42.2085,1.68207,,,46.2982,98.7736
42.26,1.68712,,,46.3297,98.7946
42.3254,1.69355,,,46.3708,98.8218
42.4116,1.70203,,,46.4258,98.8581
42.4631,1.70712,,,46.4573,98.8788
42.5285,1.71359,,,46.4983,98.9057
42.6148,1.72214,,,46.5533,98.9414
42.6663,1.72725,,,46.5848,98.9619
42.7317,1.73377,,,46.6257,98.9883
42.8181,1.74238,,,46.6806,99.0237
42.8696,1.74753,,,46.7121,99.0438
42.9351,1.75409,,,46.7531,99.0699
43.0216,1.76276,,,46.8079,99.1047
43.0731,1.76794,,,46.8394,99.1246
43.1386,1.77454,,,46.8803,99.1504
43.2252,1.78328,,,46.9351,99.1847
43.2767,1.78849,,,46.9666,99.2043
43.3423,1.79513,,,47.0074,99.2297
43.4289,1.80393,,,47.0622,99.2636
43.4804,1.80917,,,47.0936,99.2829
43.546,1.81586,,,47.1344,99.308
43.6328,1.82471,,,47.1892,99.3414
43.6843,1.82998,,,47.2206,99.3605
43.75,1.83671,,,47.2614,99.3852
43.8368,1.84562,,,47.3161,99.4181
43.8883,1.85092,,,47.3474,99.4369
43.954,1.85769,,,47.3882,99.4613
44.0409,1.86667,,,47.4429,99.4938
44.0924,1.872,,,47.4742,99.5124
44.1582,1.87881,,,47.5149,99.5364
44.2451,1.88783,,,47.5696,99.5685
44.2967,1.89319,,,47.6009,99.5868
44.3625,1.90004,,,47.6416,99.6105
44.4495,1.90913,,,47.6962,99.6421
44.5011,1.91451,,,47.7275,99.6602
44.5669,1.9214,,,47.7681,99.6836
44.654,1.93054,,,47.8227,99.7148
44.7056,1.93596,,,47.854,99.7326
44.7714,1.94289,,,47.8946,99.7557
44.8586,1.95208,,,47.9491,99.7865
44.9102,1.95752,,,47.9804,99.804
44.9761,1.96449,,,48.021,99.8268
45.0634,1.97373,,,48.0754,99.8572
45.115,1.9792,,,48.1067,99.8745
45.1809,1.9862,,,48.1473,99.897
45.2682,1.9955,,,48.2017,99.9269
45.3198,2.001,,,48.2329,99.944
45.3858,2.00804,,,48.2735,99.9662
45.4732,2.01738,,,48.3278,99.9957
45.5248,2.02291,,,48.359,100.013
45.5908,2.02998,,,48.3996,100.034
45.6783,2.03938,,,48.4539,100.064
45.73,2.04493,,,48.4851,100.08
45.796,2.05204,,,48.5256,100.102
45.8836,2.06148,,,48.5799,100.131
45.9352,2.06706,,,48.6111,100.147
46.0013,2.0742,,,48.6516,100.168
46.0889,2.08369,,,48.7058,100.197
46.1405,2.08929,,,48.737,100.213
46.2067,2.09647,,,48.7774,100.234
46.2944,2.10601,,,48.8317,100.262
46.346,2.11163,,,48.8628,100.278
46.4122,2.11884,,,48.9032,100.299
46.4999,2.12843,,,48.9574,100.326
46.5516,2.13407,,,48.9885,100.342
46.6178,2.14132,,,49.0289,100.362
46.7056,2.15095,,,49.0831,100.39
46.7573,2.15662,,,49.1142,100.405
46.8235,2.16389,,,49.1545,100.425
46.9114,2.17356,,,49.2087,100.452
46.9631,2.17926,,,49.2397,100.468
47.0294,2.18656,,,49.2801,100.487
47.1174,2.19628,,,49.3342,100.514
47.1691,2.20199,,,49.3652,100.529
47.2354,2.20933,,,49.4056,100.549
47.3234,2.21908,,,49.4596,100.575
47.3751,2.22482,,,49.4907,100.59
47.4414,2.23219,,,49.531,100.609
47.5295,2.24198,,,49.585,100.635
47.5813,2.24774,,,49.616,100.65
47.6476,2.25513,,,49.6563,100.669
47.7358,2.26497,,,49.7103,100.694
47.7875,2.27075,,,49.7413,100.709
47.8539,2.27817,,,49.7816,100.728
47.9421,2.28804,,,49.8355,100.753
47.9939,2.29384,,,49.8665,100.767
48.0603,2.30129,,,49.9067,100.786
48.1486,2.3112,,,49.9607,100.811
48.2004,2.31702,,,50,100.829
48.2669,2.32449,,,,
48.3552,2.33444,,,,
48.407,2.34028,,,,
48.4735,2.34778,,,,
48.5619,2.35776,,,,
48.6137,2.36362,,,,
48.6802,2.37114,,,,
48.7686,2.38116,,,,
48.8205,2.38703,,,,
48.8871,2.39458,,,,
48.9755,2.40463,,,,
49.0274,2.41053,,,,
49.094,2.4181,,,,
49.1825,2.42818,,,,
49.2344,2.43409,,,,
49.301,2.44169,,,,
49.3896,2.4518,,,,
49.4415,2.45772,,,,
49.5082,2.46534,,,,
49.5968,2.47548,,,,
49.6488,2.48143,,,,
49.7155,2.48907,,,,
49.8041,2.49924,,,,
49.8561,2.5052,,,,
49.9228,2.51286,,,,
50,2.52173,,,,
