pCD3z(),pSLP76(),pErk(),pS6()10.8209,63.3774,5.01665,1.99715
9.42588,54.1634,4.16794,1.62405
9.2301,52.8702,4.04882,1.57169
9.36633,53.77,4.1317,1.60813
9.55512,55.0169,4.24656,1.65862
9.26804,53.1208,4.07191,1.58184
9.01668,51.4606,3.91899,1.51462
9.42876,54.1824,4.16969,1.62483
9.41233,54.0739,4.15969,1.62043
9.72751,56.1556,4.35144,1.70472
9.15022,52.3426,4.00023,1.55033
9.11743,52.126,3.98028,1.54156
9.33758,53.5801,4.11421,1.60044
9.2192,52.7983,4.0422,1.56878
8.96129,51.0947,3.88528,1.4998
9.36538,53.7637,4.13113,1.60787
9.27009,53.1344,4.07316,1.58239
9.64473,55.6088,4.30108,1.68258
9.41453,54.0884,4.16103,1.62102
73.3335,476.271,43.0494,18.7167
9.18899,52.5987,4.02382,1.5607
9.23796,52.9222,4.05361,1.5738
9.42619,54.1654,4.16812,1.62414
9.31262,53.4152,4.09903,1.59377
9.09017,51.946,3.9637,1.53427
9.12067,52.1474,3.98225,1.54243
9.69732,55.9562,4.33307,1.69665
9.62824,55.4999,4.29104,1.67817
9.10445,52.0403,3.97238,1.53809
9.31553,53.4345,4.1008,1.59454
9.17278,52.4916,4.01395,1.55636
9.62441,55.4746,4.28872,1.67715
9.32408,53.491,4.106,1.59683
8.98368,51.2426,3.8989,1.50579
9.33569,53.5676,4.11306,1.59993
9.03166,51.5595,3.9281,1.51862
9.39656,53.9697,4.1501,1.61621
9.24843,52.9913,4.05998,1.5766
9.78807,56.5556,4.38829,1.72092
9.68417,55.8693,4.32507,1.69313
9.15749,52.3907,4.00465,1.55228
9.22203,52.8169,4.04391,1.56954
9.57725,55.1632,4.26003,1.66454
9.51825,54.7735,4.22413,1.64875
9.30528,53.3668,4.09456,1.5918
9.09019,51.9461,3.9637,1.53427
8.94294,50.9735,3.87412,1.49489
9.04384,51.64,3.9355,1.52188
9.00174,51.3619,3.90989,1.51062
9.2182,52.7916,4.04158,1.56851
9.1108,52.0822,3.97624,1.53979
9.32589,53.5029,4.1071,1.59731
9.11601,52.1166,3.97941,1.54118
10.0859,58.5226,4.56947,1.80057
9.19588,52.6442,4.028,1.56254
9.22006,52.8039,4.04271,1.569
9.36616,53.7689,4.1316,1.60808
9.22831,52.8584,4.04773,1.57121
9.2141,52.7646,4.03909,1.56742
9.14201,52.2884,3.99523,1.54813
8.99968,51.3483,3.90864,1.51007
9.10954,52.0739,3.97547,1.53945
8.95952,51.0831,3.88421,1.49933
9.1912,52.6133,4.02516,1.56129
9.12615,52.1836,3.98558,1.54389
8.95485,51.0522,3.88137,1.49808
9.1144,52.106,3.97843,1.54075
9.2827,53.2177,4.08083,1.58576
9.501,54.6595,4.21363,1.64414
9.50996,54.7187,4.21909,1.64654
9.03146,51.5582,3.92797,1.51857
9.16141,52.4165,4.00704,1.55333
9.0252,51.5169,3.92417,1.51689
9.22979,52.8682,4.04864,1.57161
9.11109,52.0842,3.97642,1.53987
9.15208,52.3549,4.00136,1.55083
10.3494,60.2631,4.72978,1.87104
9.85584,57.0032,4.42952,1.73905
9.36965,53.792,4.13373,1.60902
9.05765,51.7312,3.94391,1.52557
8.9795,51.215,3.89636,1.50467
9.87642,57.1392,4.44204,1.74455
9.22906,52.8634,4.04819,1.57142
9.11521,52.1114,3.97893,1.54097
9.77414,56.4636,4.37981,1.7172
9.15218,52.3555,4.00142,1.55085
9.541,54.9237,4.23797,1.65484
9.09516,51.9789,3.96673,1.5356
9.31059,53.4019,4.09779,1.59322
9.39071,53.931,4.14654,1.61465
9.22317,52.8245,4.04461,1.56984
9.24084,52.9411,4.05536,1.57457
9.40524,54.027,4.15538,1.61854
9.49809,54.6403,4.21187,1.64337
9.24466,52.9664,4.05768,1.57559
9.93122,57.5011,4.47538,1.75921
9.10254,52.0277,3.97122,1.53758
9.31251,53.4146,4.09896,1.59374
9.26706,53.1144,4.07131,1.58158
9.02679,51.5274,3.92513,1.51732
9.28621,53.2408,4.08296,1.5867
9.45342,54.3452,4.18469,1.63142
9.11376,52.1018,3.97804,1.54058
9.4449,54.289,4.17951,1.62914
9.05006,51.6811,3.93929,1.52354
9.26602,53.1075,4.07068,1.5813
9.20132,52.6801,4.03132,1.564
10.6236,62.0745,4.89664,1.94439
9.09915,52.0053,3.96916,1.53667
9.60013,55.3143,4.27395,1.67066
9.35523,53.6967,4.12496,1.60517
9.32209,53.4778,4.10479,1.5963
9.4269,54.1701,4.16856,1.62433
9.18842,52.5949,4.02347,1.56055
9.05701,51.727,3.94352,1.5254
9.12737,52.1917,3.98633,1.54422
9.29044,53.2688,4.08553,1.58783
9.27847,53.1897,4.07825,1.58463
9.34559,53.633,4.11909,1.60258
9.13463,52.2396,3.99074,1.54616
9.5314,54.8603,4.23213,1.65227
9.1247,52.174,3.9847,1.5435
9.25551,53.038,4.06428,1.57849
9.05958,51.7439,3.94508,1.52609
9.20634,52.7133,4.03437,1.56534
9.41603,54.0983,4.16194,1.62142
9.35703,53.7086,4.12605,1.60564
9.46401,54.4152,4.19113,1.63425
9.19916,52.6659,4.03,1.56342
9.12407,52.1699,3.98432,1.54334
9.45994,54.3883,4.18866,1.63317
9.52372,54.8096,4.22747,1.65023
9.58204,55.1948,4.26294,1.66582
9.17137,52.4823,4.0131,1.55599
9.36982,53.7931,4.13383,1.60906
9.33983,53.595,4.11558,1.60104
9.43429,54.2189,4.17305,1.6263
9.5429,54.9363,4.23913,1.65535
9.6501,55.6443,4.30435,1.68402
9.44039,54.2592,4.17676,1.62793
9.08676,51.9235,3.96162,1.53336
9.15865,52.3983,4.00535,1.55258
9.36345,53.751,4.12996,1.60736
9.40779,54.0438,4.15693,1.61922
8.99058,51.2882,3.9031,1.50764
9.09739,51.9937,3.96809,1.5362
9.48319,54.5419,4.2028,1.63938
9.29603,53.3057,4.08893,1.58933
9.19414,52.6327,4.02695,1.56208
9.01169,51.4276,3.91595,1.51328
9.28334,53.2219,4.08122,1.58593
9.02804,51.5356,3.92589,1.51765
9.38948,53.9229,4.14579,1.61432
9.58315,55.2021,4.2636,1.66611
9.24831,52.9905,4.05991,1.57657
9.16685,52.4524,4.01034,1.55478
10.0157,58.0593,4.52679,1.7818
9.14345,52.2979,3.99611,1.54852
9.16575,52.4452,4.00968,1.55448
9.21586,52.7762,4.04016,1.56789
9.27917,53.1943,4.07868,1.58482
8.98652,51.2614,3.90064,1.50655
9.00771,51.4013,3.91353,1.51222
9.56892,55.1081,4.25496,1.66231
9.47748,54.5042,4.19933,1.63785
9.95332,57.647,4.48882,1.76512
9.16215,52.4214,4.00749,1.55352
8.99792,51.3367,3.90757,1.5096
10.1089,58.6744,4.58346,1.80672
9.28525,53.2345,4.08238,1.58644
9.49187,54.5992,4.20808,1.6417
8.9822,51.2328,3.89801,1.50539
9.31972,53.4621,4.10335,1.59566
9.36918,53.7888,4.13344,1.60889
9.64782,55.6292,4.30296,1.68341
9.97014,57.7582,4.49906,1.76962
9.25599,53.0412,4.06457,1.57862
9.49022,54.5883,4.20708,1.64126
9.47545,54.4907,4.19809,1.63731
9.54792,54.9694,4.24218,1.65669
9.37697,53.8403,4.13817,1.61097
9.26194,53.0805,4.0682,1.58021
9.26233,53.0831,4.06843,1.58031
9.35841,53.7177,4.12688,1.60601
9.13772,52.2601,3.99262,1.54699
9.08896,51.938,3.96296,1.53395
9.47863,54.5117,4.20003,1.63816
9.12148,52.1528,3.98274,1.54264
9.24806,52.9888,4.05975,1.5765
9.56323,55.0705,4.2515,1.66079
8.94793,51.0065,3.87715,1.49623
9.00259,51.3675,3.91041,1.51085
9.43316,54.2114,4.17237,1.626
9.26608,53.1079,4.07072,1.58132
9.14318,52.2961,3.99594,1.54845
9.49963,54.6504,4.2128,1.64378
9.00103,51.3572,3.90946,1.51043
9.05798,51.7333,3.94411,1.52566
9.24937,52.9975,4.06056,1.57686
9.21677,52.7822,4.04071,1.56813
9.19459,52.6357,4.02722,1.5622
9.14076,52.2801,3.99447,1.5478
9.16122,52.4153,4.00692,1.55327
9.61285,55.3983,4.28168,1.67406
9.31685,53.4432,4.1016,1.5949
9.39355,53.9498,4.14827,1.61541
9.38095,53.8666,4.1406,1.61204
9.57101,55.1219,4.25623,1.66287
9.36919,53.7889,4.13344,1.60889
9.5949,55.2797,4.27076,1.66926
9.11655,52.1202,3.97974,1.54132
9.2368,52.9145,4.0529,1.57349
9.35041,53.6649,4.12202,1.60387
9.14035,52.2774,3.99422,1.54769
9.25202,53.015,4.06216,1.57756
9.15141,52.3504,4.00095,1.55065
9.29964,53.3295,4.09113,1.59029
9.04876,51.6725,3.9385,1.52319
9.00313,51.3711,3.91074,1.51099
9.28463,53.2304,4.082,1.58628
9.36555,53.7649,4.13123,1.60792
9.21834,52.7925,4.04167,1.56855
9.12256,52.1599,3.9834,1.54293
9.26371,53.0922,4.06927,1.58068
9.4849,54.5532,4.20384,1.63984
9.35441,53.6913,4.12445,1.60494
9.40398,54.0187,4.15461,1.6182
9.31917,53.4585,4.10301,1.59552
9.20052,52.6748,4.03082,1.56378
9.19289,52.6245,4.02619,1.56174
9.39275,53.9445,4.14778,1.61519
9.13715,52.2563,3.99228,1.54683
9.61729,55.4276,4.28439,1.67525
9.22421,52.8313,4.04524,1.57012
9.0886,51.9356,3.96274,1.53385
9.77731,56.4845,4.38174,1.71804
9.10872,52.0685,3.97498,1.53923
8.97408,51.1792,3.89307,1.50322
9.11419,52.1046,3.9783,1.54069
9.23788,52.9216,4.05356,1.57377
9.68293,55.8611,4.32432,1.6928
9.1227,52.1609,3.98348,1.54297
9.4264,54.1668,4.16825,1.6242
9.4367,54.2348,4.17451,1.62694
9.34226,53.611,4.11706,1.60169
9.39969,53.9903,4.152,1.61705
9.54872,54.9747,4.24266,1.6569
9.14105,52.2821,3.99465,1.54788
9.82598,56.806,4.41135,1.73106
9.23479,52.9012,4.05168,1.57295
9.17636,52.5153,4.01613,1.55732
9.19149,52.6152,4.02534,1.56137
9.12297,52.1626,3.98365,1.54304
9.25793,53.054,4.06575,1.57914
9.45156,54.333,4.18356,1.63092
9.31084,53.4035,4.09795,1.59329
9.19537,52.6408,4.0277,1.56241
9.03984,51.6135,3.93307,1.52081
9.17545,52.5093,4.01558,1.55708
9.75135,56.313,4.36594,1.7111
9.09844,52.0006,3.96873,1.53648
9.01501,51.4496,3.91797,1.51417
9.14989,52.3404,4.00003,1.55024
9.18453,52.5692,4.0211,1.55951
9.16641,52.4496,4.01008,1.55466
9.47065,54.4591,4.19517,1.63603
9.09626,51.9862,3.9674,1.5359
9.71276,56.0582,4.34247,1.70078
9.26469,53.0987,4.06987,1.58095
9.20482,52.7032,4.03344,1.56493
9.04015,51.6156,3.93326,1.52089
8.99539,51.32,3.90603,1.50892
9.35178,53.6739,4.12286,1.60424
9.17998,52.5392,4.01833,1.55829
9.09959,52.0082,3.96942,1.53679
9.494,54.6133,4.20938,1.64227
9.1379,52.2613,3.99273,1.54704
9.15769,52.392,4.00477,1.55233
9.54685,54.9623,4.24153,1.65641
9.28329,53.2215,4.08118,1.58592
9.59048,55.2505,4.26807,1.66807
9.35789,53.7143,4.12657,1.60587
9.13252,52.2257,3.98946,1.5456
9.21828,52.7922,4.04164,1.56854
9.16696,52.4532,4.01041,1.55481
9.5362,54.892,4.23505,1.65356
9.20202,52.6848,4.03174,1.56418
9.34445,53.6255,4.11839,1.60228
9.18372,52.5639,4.02061,1.55929
9.13766,52.2597,3.99259,1.54697
9.30778,53.3833,4.09609,1.59247
9.25422,53.0295,4.0635,1.57814
9.25946,53.0641,4.06669,1.57955
9.06482,51.7785,3.94827,1.52749
9.68679,55.8866,4.32667,1.69384
9.18118,52.5471,4.01906,1.55861
9.13265,52.2266,3.98954,1.54563
9.28668,53.2439,4.08324,1.58682
9.42583,54.163,4.1679,1.62404
9.43176,54.2022,4.17151,1.62563
9.17551,52.5097,4.01561,1.55709
9.35652,53.7052,4.12574,1.6055
9.3545,53.6918,4.1245,1.60496
9.48588,54.5596,4.20444,1.6401
9.01819,51.4706,3.9199,1.51502
9.33545,53.5661,4.11292,1.59987
9.28887,53.2584,4.08458,1.58741
9.5949,55.2797,4.27076,1.66926
9.06839,51.8021,3.95044,1.52845
8.97635,51.1942,3.89444,1.50383
9.26002,53.0678,4.06703,1.5797
9.39475,53.9578,4.149,1.61573
9.20131,52.6801,4.03131,1.56399
9.91652,57.404,4.46643,1.75527
9.08489,51.9111,3.96048,1.53286
9.34844,53.6519,4.12082,1.60334
9.4003,53.9944,4.15237,1.61721
9.31795,53.4505,4.10227,1.59519
10.2535,59.6298,4.67145,1.8454
9.10928,52.0722,3.97532,1.53938
9.24192,52.9483,4.05601,1.57485
9.7704,56.4389,4.37754,1.7162
9.05473,51.7119,3.94213,1.52479
9.30362,53.3558,4.09355,1.59136
9.00387,51.376,3.91119,1.51119
9.23062,52.8736,4.04914,1.57183
9.54093,54.9232,4.23793,1.65482
9.08494,51.9114,3.96051,1.53287
9.19441,52.6345,4.02711,1.56215
9.0958,51.9832,3.96712,1.53578
9.03634,51.5905,3.93095,1.51987
9.44175,54.2682,4.17759,1.6283
9.56857,55.1058,4.25475,1.66222
9.40637,54.0345,4.15606,1.61884
9.01799,51.4692,3.91978,1.51497
9.03632,51.5903,3.93093,1.51987
9.04852,51.6709,3.93835,1.52313
9.20412,52.6986,4.03302,1.56474
9.27897,53.193,4.07856,1.58476
9.23189,52.882,4.04992,1.57218
9.2704,53.1364,4.07334,1.58247
9.16323,52.4286,4.00814,1.55381
9.00272,51.3684,3.91049,1.51088
9.13902,52.2686,3.99341,1.54733
9.42066,54.1289,4.16476,1.62266
9.02082,51.488,3.9215,1.51572
8.94508,50.9876,3.87543,1.49547
9.39114,53.9339,4.1468,1.61476
9.63138,55.5207,4.29296,1.67902
9.07633,51.8546,3.95527,1.53057
9.12215,52.1572,3.98315,1.54282
9.0504,51.6833,3.9395,1.52363
9.35969,53.7262,4.12767,1.60635
9.07663,51.8565,3.95545,1.53065
9.40086,53.9981,4.15271,1.61736
9.23854,52.926,4.05396,1.57395
9.00142,51.3598,3.9097,1.51054
9.32042,53.4668,4.10377,1.59585
9.00122,51.3585,3.90958,1.51048
9.43192,54.2032,4.17161,1.62567
10.1608,59.0171,4.61502,1.82059
8.95731,51.0684,3.88286,1.49874
9.18648,52.5821,4.02229,1.56003
9.04924,51.6756,3.93879,1.52332
8.9835,51.2414,3.8988,1.50574
9.1721,52.4871,4.01354,1.55618
9.64115,55.5852,4.2989,1.68163
9.21681,52.7824,4.04074,1.56814
9.24716,52.9829,4.0592,1.57626
10.3625,60.3496,4.73776,1.87455
9.13209,52.2229,3.9892,1.54548
9.29426,53.294,4.08786,1.58885
9.12655,52.1863,3.98583,1.544
9.12898,52.2023,3.98731,1.54465
9.44702,54.303,4.18079,1.6297
9.31214,53.4121,4.09874,1.59364
9.09561,51.9819,3.967,1.53573
9.88774,57.2139,4.44892,1.74758
9.7102,56.0413,4.34091,1.7001
9.33569,53.5676,4.11306,1.59993
9.30105,53.3388,4.09199,1.59067
8.98944,51.2807,3.90241,1.50733
9.12234,52.1585,3.98327,1.54287
9.06984,51.8117,3.95133,1.52883
9.45074,54.3275,4.18306,1.6307
9.22748,52.8529,4.04723,1.57099
9.74674,56.2826,4.36314,1.70987
9.53775,54.9023,4.236,1.65398
9.22025,52.8052,4.04283,1.56906
9.34502,53.6293,4.11874,1.60243
8.95707,51.0668,3.88271,1.49867
9.34172,53.6075,4.11673,1.60155
8.9814,51.2276,3.89752,1.50518
9.09324,51.9663,3.96556,1.53509
9.10388,52.0365,3.97203,1.53794
9.44771,54.3075,4.18122,1.62989
9.44898,54.3159,4.18199,1.63023
8.9253,50.857,3.86339,1.49018
9.24509,52.9693,4.05795,1.5757
9.20957,52.7346,4.03633,1.5662
9.0494,51.6767,3.93889,1.52337
9.07952,51.8757,3.95721,1.53142
9.04723,51.6624,3.93757,1.52279
9.11203,52.0904,3.97699,1.54012
9.36481,53.76,4.13078,1.60772
9.25871,53.0592,4.06622,1.57934
9.42884,54.1829,4.16974,1.62485
9.17465,52.504,4.01509,1.55686
9.11445,52.1064,3.97847,1.54077
9.28584,53.2384,4.08273,1.5866
10.5819,61.7989,4.87125,1.93323
9.51868,54.7762,4.22439,1.64887
9.12544,52.1789,3.98515,1.5437
9.40571,54.0301,4.15567,1.61866
9.4031,54.0128,4.15407,1.61796
9.25629,53.0432,4.06476,1.5787
9.59314,55.2681,4.26969,1.66879
9.14037,52.2775,3.99423,1.5477
9.03361,51.5724,3.92929,1.51914
9.25888,53.0603,4.06633,1.57939
9.53289,54.8701,4.23304,1.65267
9.21858,52.7941,4.04182,1.56861
9.42008,54.1251,4.16441,1.6225
9.17357,52.4969,4.01443,1.55658
9.19096,52.6117,4.02501,1.56123
9.04881,51.6728,3.93853,1.52321
9.33815,53.5839,4.11456,1.60059
9.29154,53.2761,4.0862,1.58812
9.28362,53.2237,4.08139,1.58601
9.16518,52.4414,4.00933,1.55433
9.04485,51.6466,3.93612,1.52215
9.22222,52.8181,4.04403,1.56959
9.39024,53.9279,4.14625,1.61452
9.16274,52.4253,4.00784,1.55368
9.09433,51.9734,3.96622,1.53538
9.4195,54.1212,4.16405,1.62235
9.22405,52.8303,4.04514,1.57008
8.97539,51.1879,3.89386,1.50357
9.18005,52.5396,4.01838,1.55831
9.05617,51.7214,3.94301,1.52518
9.10411,52.0381,3.97218,1.538
9.14545,52.3111,3.99732,1.54905
9.03018,51.5497,3.92719,1.51823
9.15325,52.3626,4.00207,1.55114
9.31878,53.456,4.10278,1.59541
9.32113,53.4715,4.10421,1.59604
9.30626,53.3732,4.09516,1.59206
9.22938,52.8655,4.04839,1.5715
9.10023,52.0124,3.96981,1.53696
9.09462,51.9754,3.9664,1.53546
9.20004,52.6717,4.03054,1.56366
9.05015,51.6816,3.93934,1.52357
9.01029,51.4184,3.9151,1.51291
9.31211,53.4119,4.09872,1.59363
9.48977,54.5853,4.2068,1.64114
9.13765,52.2596,3.99258,1.54697
9.07299,51.8325,3.95325,1.52968
9.30414,53.3593,4.09387,1.5915
9.17271,52.4912,4.01391,1.55635
9.34588,53.635,4.11926,1.60266
9.18022,52.5407,4.01847,1.55835
9.85902,57.0242,4.43147,1.73991
9.40871,54.0499,4.15749,1.61947
9.03915,51.609,3.93265,1.52062
9.17489,52.5056,4.01524,1.55693
9.55796,55.0357,4.24829,1.65938
9.89435,57.2576,4.45295,1.74935
9.75127,56.3125,4.36589,1.71108
10.2387,59.5321,4.66246,1.84145
9.47587,54.4935,4.19835,1.63742
9.27803,53.1868,4.07799,1.58452
9.17375,52.498,4.01454,1.55662
9.33823,53.5844,4.11461,1.60061
9.12885,52.2015,3.98723,1.54462
8.96735,51.1347,3.88897,1.50142
9.31803,53.451,4.10232,1.59521
9.48649,54.5636,4.20481,1.64026
9.58833,55.2363,4.26677,1.6675
9.30868,53.3892,4.09663,1.59271
9.19273,52.6234,4.02609,1.5617
9.00231,51.3657,3.91024,1.51077
9.41456,54.0886,4.16105,1.62103
9.51609,54.7592,4.22282,1.64818
9.48385,54.5463,4.20321,1.63956
9.17604,52.5131,4.01593,1.55723
9.32231,53.4793,4.10492,1.59635
9.33386,53.5556,4.11195,1.59944
9.06479,51.7783,3.94825,1.52748
9.36991,53.7937,4.13388,1.60909
9.44133,54.2654,4.17733,1.62819
9.46343,54.4113,4.19078,1.6341
9.37438,53.8232,4.1366,1.61028
9.17464,52.5039,4.01508,1.55686
9.38464,53.8909,4.14284,1.61302
9.10025,52.0125,3.96982,1.53696
9.57355,55.1387,4.25778,1.66355
9.20672,52.7158,4.0346,1.56544
9.68681,55.8868,4.32668,1.69384
9.33466,53.5609,4.11244,1.59966
9.01203,51.4299,3.91616,1.51337
9.19925,52.6665,4.03006,1.56344
9.14299,52.2949,3.99583,1.5484
9.40842,54.048,4.15731,1.61939
9.28628,53.2413,4.08301,1.58672
9.27162,53.1444,4.07408,1.5828
9.32119,53.4719,4.10424,1.59606
9.68531,55.8768,4.32577,1.69344
9.3356,53.5671,4.11301,1.59991
9.12396,52.1692,3.98425,1.54331
9.05057,51.6844,3.9396,1.52368
9.45128,54.3311,4.18339,1.63085
9.18304,52.5594,4.02019,1.55911
9.33054,53.5336,4.10993,1.59856
9.24203,52.949,4.05609,1.57489
9.08632,51.9205,3.96135,1.53324
9.01861,51.4733,3.92016,1.51513
9.09453,51.9748,3.96634,1.53544
9.30548,53.3681,4.09469,1.59185
9.54513,54.951,4.24048,1.65595
9.09389,51.9706,3.96596,1.53527
9.0439,51.6404,3.93554,1.52189
9.14619,52.316,3.99777,1.54925
9.51056,54.7226,4.21945,1.6467
10.0356,58.1908,4.5389,1.78713
9.40387,54.018,4.15455,1.61817
9.01021,51.4178,3.91504,1.51288
9.1243,52.1714,3.98446,1.5434
9.15935,52.4029,4.00578,1.55277
9.74072,56.2429,4.35948,1.70826
9.0323,51.5637,3.92848,1.51879
9.30579,53.3701,4.09487,1.59194
9.62624,55.4867,4.28983,1.67764
9.27007,53.1342,4.07314,1.58238
9.53615,54.8917,4.23502,1.65355
9.10997,52.0768,3.97574,1.53957
9.22925,52.8646,4.04831,1.57147
9.4413,54.2652,4.17731,1.62818
9.57656,55.1586,4.25961,1.66435
9.23536,52.905,4.05203,1.5731
9.16511,52.441,4.00929,1.55431
9.1431,52.2956,3.9959,1.54843
9.11871,52.1345,3.98105,1.5419
9.70354,55.9973,4.33686,1.69831
9.62959,55.5088,4.29187,1.67854
9.29927,53.3271,4.09091,1.59019
9.4119,54.071,4.15943,1.62032
9.6883,55.8966,4.32759,1.69424
9.56484,55.0811,4.25247,1.66122
9.05054,51.6842,3.93958,1.52367
9.23663,52.9134,4.0528,1.57344
9.10479,52.0426,3.97259,1.53818
9.47197,54.4678,4.19597,1.63638
9.04372,51.6392,3.93543,1.52185
9.31412,53.4252,4.09994,1.59416
9.23162,52.8802,4.04975,1.5721
9.04437,51.6435,3.93583,1.52202
9.04272,51.6326,3.93482,1.52158
9.32891,53.5229,4.10894,1.59812
10.2242,59.4363,4.65362,1.83756
8.9432,50.9753,3.87428,1.49497
9.33814,53.5838,4.11455,1.60059
9.19302,52.6253,4.02626,1.56178
9.3241,53.4911,4.10602,1.59684
9.06196,51.7597,3.94653,1.52673
9.146,52.3147,3.99766,1.5492
9.06769,51.7975,3.95002,1.52826
9.06827,51.8013,3.95037,1.52841
9.72455,56.1361,4.34965,1.70394
9.15643,52.3837,4.00401,1.55199
9.41744,54.1076,4.1628,1.6218
9.2338,52.8947,4.05108,1.57269
9.32084,53.4695,4.10403,1.59596
9.283,53.2196,4.08101,1.58584
9.12202,52.1563,3.98307,1.54279
9.19276,52.6236,4.0261,1.56171
9.33763,53.5804,4.11424,1.60045
9.33361,53.5539,4.1118,1.59938
9.09225,51.9597,3.96496,1.53483
9.10708,52.0577,3.97398,1.53879
9.14704,52.3216,3.99829,1.54948
9.22414,52.8308,4.0452,1.5701
9.25991,53.0671,4.06696,1.57967
9.04964,51.6783,3.93904,1.52343
9.67517,55.8099,4.3196,1.69073
9.21188,52.7499,4.03774,1.56682
9.25161,53.0123,4.06191,1.57745
9.32193,53.4767,4.10469,1.59625
10.3101,60.0033,4.70585,1.86052
9.44021,54.258,4.17665,1.62789
9.19101,52.612,4.02504,1.56124
9.20781,52.723,4.03527,1.56573
9.17067,52.4777,4.01267,1.5558
9.32558,53.5009,4.10692,1.59723
9.29786,53.3178,4.09005,1.58982
9.97876,57.8151,4.5043,1.77192
9.01562,51.4536,3.91834,1.51433
9.54598,54.9566,4.241,1.65618
9.54559,54.954,4.24076,1.65607
9.16495,52.4399,4.00919,1.55427
9.61974,55.4438,4.28588,1.6759
9.39883,53.9846,4.15148,1.61682
9.37196,53.8072,4.13513,1.60963
9.10288,52.0299,3.97143,1.53767
9.4331,54.211,4.17232,1.62598
9.53069,54.8556,4.2317,1.65209
9.11579,52.1152,3.97928,1.54112
9.30049,53.3352,4.09165,1.59052
8.98899,51.2777,3.90214,1.50721
9.11059,52.0808,3.97612,1.53973
9.15628,52.3827,4.00392,1.55195
9.79015,56.5693,4.38955,1.72148
9.1556,52.3782,4.0035,1.55177
9.22719,52.851,4.04705,1.57092
9.13068,52.2136,3.98834,1.54511
9.10715,52.0582,3.97403,1.53881
9.16512,52.441,4.00929,1.55431
9.2093,52.7329,4.03617,1.56613
9.50315,54.6737,4.21494,1.64472
9.47334,54.4768,4.19681,1.63675
9.39354,53.9497,4.14826,1.6154
9.89248,57.2452,4.45181,1.74885
9.41756,54.1084,4.16287,1.62183
9.35855,53.7186,4.12697,1.60605
9.21756,52.7874,4.04119,1.56834
9.25749,53.0512,4.06549,1.57902
9.7024,55.9897,4.33616,1.69801
9.2486,52.9924,4.06008,1.57664
8.95534,51.0554,3.88167,1.49821
9.13807,52.2623,3.99283,1.54708
9.10323,52.0322,3.97164,1.53776
8.95559,51.0571,3.88181,1.49828
9.38426,53.8884,4.14261,1.61292
9.37522,53.8287,4.13711,1.6105
10.0116,58.0321,4.52429,1.78071
9.58048,55.1845,4.26199,1.6654
9.31867,53.4553,4.10271,1.59538
9.09468,51.9758,3.96644,1.53548
9.16667,52.4513,4.01023,1.55473
9.29955,53.3289,4.09108,1.59027
9.54048,54.9203,4.23765,1.6547
9.25091,53.0077,4.06149,1.57726
9.13489,52.2414,3.9909,1.54623
9.18798,52.592,4.0232,1.56043
9.37834,53.8493,4.13901,1.61134
9.21307,52.7577,4.03846,1.56714
9.2369,52.9151,4.05296,1.57351
9.35546,53.6982,4.12509,1.60522
9.71287,56.0589,4.34253,1.70081
9.32476,53.4954,4.10641,1.59701
9.73119,56.1799,4.35369,1.70571
9.09309,51.9653,3.96547,1.53505
9.46504,54.422,4.19176,1.63453
9.3099,53.3973,4.09737,1.59304
9.22843,52.8592,4.04781,1.57125
9.31291,53.4172,4.09921,1.59384
9.19931,52.6669,4.03009,1.56346
9.51283,54.7376,4.22083,1.6473
9.73094,56.1783,4.35353,1.70564
9.43102,54.1973,4.17106,1.62543
9.25752,53.0514,4.06551,1.57903
9.39913,53.9867,4.15166,1.6169
10.1653,59.0475,4.61781,1.82182
9.22995,52.8692,4.04873,1.57165
9.68023,55.8433,4.32268,1.69208
9.15309,52.3616,4.00197,1.5511
9.23904,52.9293,4.05426,1.57408
9.30017,53.3331,4.09146,1.59043
9.35169,53.6733,4.1228,1.60421
9.15617,52.3819,4.00385,1.55192
9.21949,52.8001,4.04237,1.56886
8.99905,51.3442,3.90826,1.5099
8.98922,51.2792,3.90228,1.50727
9.19254,52.6221,4.02597,1.56165
9.21632,52.7792,4.04044,1.56801
9.25873,53.0593,4.06625,1.57936
9.1534,52.3636,4.00216,1.55118
9.57506,55.1487,4.25869,1.66395
9.29299,53.2856,4.08709,1.58852
9.11246,52.0932,3.97725,1.54023
9.17411,52.5004,4.01476,1.55672
9.19239,52.6212,4.02588,1.56161
8.94259,50.9713,3.87391,1.4948
9.53906,54.9109,4.23679,1.65432
9.22128,52.8119,4.04346,1.56933
9.71798,56.0926,4.34564,1.70217
9.2191,52.7976,4.04213,1.56875
9.39228,53.9414,4.14749,1.61507
9.29331,53.2877,4.08727,1.58859
9.49029,54.5888,4.20712,1.64128
9.33744,53.5792,4.11413,1.6004
9.33351,53.5533,4.11174,1.59935
9.65739,55.6924,4.30878,1.68597
9.01502,51.4496,3.91797,1.51417
9.36239,53.744,4.12931,1.60707
9.24878,52.9936,4.06019,1.57669
9.29258,53.2829,4.08684,1.5884
9.32785,53.5159,4.1083,1.59784
8.97921,51.2131,3.89619,1.50459
9.01449,51.4461,3.91765,1.51403
9.17682,52.5183,4.01641,1.55745
9.43543,54.2264,4.17374,1.62661
9.33956,53.5932,4.11542,1.60097
9.24076,52.9406,4.05531,1.57455
9.18985,52.6044,4.02434,1.56093
9.59482,55.2792,4.27071,1.66924
9.20319,52.6925,4.03245,1.56449
9.16106,52.4142,4.00682,1.55323
9.13565,52.2464,3.99136,1.54643
9.00931,51.4119,3.9145,1.51265
9.01907,51.4764,3.92044,1.51525
9.29457,53.2961,4.08805,1.58894
9.03115,51.5562,3.92779,1.51849
9.36983,53.7931,4.13384,1.60907
9.15998,52.4071,4.00617,1.55294
9.25694,53.0475,4.06515,1.57887
9.05415,51.7081,3.94178,1.52464
9.19872,52.6629,4.02973,1.5633
9.0702,51.8141,3.95154,1.52893
9.58056,55.185,4.26204,1.66542
9.18196,52.5522,4.01954,1.55882
9.14132,52.2838,3.99481,1.54795
9.4336,54.2143,4.17263,1.62612
9.30625,53.3732,4.09516,1.59206
9.15448,52.3708,4.00282,1.55147
9.21571,52.7752,4.04007,1.56785
9.1159,52.116,3.97935,1.54115
9.0443,51.643,3.93578,1.522
9.12912,52.2032,3.98738,1.54468
9.4594,54.3848,4.18833,1.63302
9.01854,51.4729,3.92011,1.51511
9.30299,53.3516,4.09317,1.59119
9.26718,53.1151,4.07138,1.58161
9.07189,51.8252,3.95257,1.52938
9.13713,52.2561,3.99226,1.54683
9.30612,53.3723,4.09507,1.59203
9.12419,52.1707,3.98439,1.54337
9.08849,51.9349,3.96267,1.53382
9.09614,51.9854,3.96732,1.53587
9.43673,54.235,4.17454,1.62696
9.18882,52.5976,4.02371,1.56065
9.3207,53.4686,4.10394,1.59593
9.21567,52.7749,4.04005,1.56783
9.35292,53.6814,4.12355,1.60454
9.39589,53.9652,4.14969,1.61603
9.30556,53.3686,4.09473,1.59187
8.94229,50.9692,3.87372,1.49472
9.23106,52.8766,4.04941,1.57195
9.13936,52.2709,3.99362,1.54743
9.22219,52.818,4.04401,1.56958
9.49522,54.6213,4.21012,1.6426
9.30147,53.3416,4.09225,1.59078
9.52813,54.8387,4.23014,1.6514
9.16471,52.4383,4.00905,1.55421
9.41277,54.0767,4.15995,1.62054
9.24285,52.9545,4.05658,1.57511
9.43392,54.2164,4.17282,1.6262
9.30561,53.369,4.09476,1.59189
9.09396,51.971,3.966,1.53528
9.16799,52.46,4.01104,1.55508
9.25873,53.0593,4.06625,1.57935
9.27047,53.1368,4.07338,1.58249
9.25616,53.0424,4.06468,1.57866
9.28232,53.2151,4.08059,1.58565
9.54867,54.9744,4.24264,1.65689
9.00447,51.3799,3.91155,1.51135
9.49952,54.6497,4.21274,1.64375
9.51353,54.7423,4.22127,1.6475
8.9542,51.0479,3.88097,1.49791
9.18104,52.5462,4.01898,1.55857
9.21754,52.7873,4.04119,1.56834
9.07182,51.8248,3.95253,1.52936
8.99003,51.2846,3.90277,1.50749
9.14391,52.301,3.99639,1.54864
9.10234,52.0264,3.9711,1.53753
9.5836,55.2051,4.26389,1.66624
9.26513,53.1016,4.07013,1.58106
9.25354,53.0251,4.06309,1.57796
9.03088,51.5544,3.92762,1.51841
9.20437,52.7003,4.03317,1.56481
9.21906,52.7973,4.04211,1.56874
9.34852,53.6524,4.12087,1.60337
9.18503,52.5725,4.0214,1.55964
9.12849,52.1991,3.987,1.54452
9.67669,55.8199,4.32053,1.69113
9.21962,52.801,4.04245,1.56889
9.34429,53.6244,4.1183,1.60223
9.32288,53.483,4.10527,1.59651
9.29276,53.2841,4.08695,1.58845
9.20701,52.7177,4.03478,1.56552
9.24788,52.9876,4.05964,1.57645
9.28007,53.2003,4.07923,1.58506
9.35486,53.6943,4.12473,1.60506
9.31891,53.4568,4.10286,1.59545
9.1044,52.0399,3.97235,1.53808
9.15324,52.3626,4.00207,1.55114
9.43399,54.2169,4.17287,1.62622
9.44222,54.2713,4.17788,1.62843
9.19761,52.6556,4.02906,1.56301
9.14174,52.2866,3.99507,1.54806
9.09484,51.9768,3.96653,1.53552
9.30005,53.3323,4.09139,1.5904
9.60171,55.3247,4.27491,1.67108
9.3322,53.5446,4.11094,1.599
9.41484,54.0904,4.16121,1.6211
9.24197,52.9486,4.05605,1.57487
9.16612,52.4477,4.0099,1.55458
9.02159,51.493,3.92196,1.51592
9.07254,51.8295,3.95296,1.52955
9.13451,52.2389,3.99067,1.54613
9.14228,52.2902,3.9954,1.54821
9.22341,52.8261,4.04476,1.56991
9.73575,56.21,4.35646,1.70693
8.98184,51.2305,3.89779,1.5053
9.17607,52.5133,4.01595,1.55724
9.01717,51.4638,3.91928,1.51475
9.42896,54.1837,4.16981,1.62488
9.40644,54.0349,4.15611,1.61885
9.12881,52.2012,3.9872,1.5446
9.38811,53.9139,4.14495,1.61395
9.16035,52.4095,4.00639,1.55304
9.14967,52.339,3.99989,1.55018
9.35223,53.6769,4.12313,1.60436
9.08037,51.8813,3.95773,1.53165
9.29395,53.292,4.08768,1.58878
9.49291,54.6061,4.20872,1.64198
9.27525,53.1685,4.0763,1.58377
9.07374,51.8375,3.9537,1.52988
8.90276,50.7082,3.84968,1.48415
9.28244,53.2159,4.08067,1.58569
9.16783,52.4589,4.01094,1.55504
9.84929,56.9599,4.42553,1.73729
9.47389,54.4805,4.19714,1.63689
9.63809,55.565,4.29704,1.68081
9.16698,52.4533,4.01043,1.55482
9.22143,52.813,4.04355,1.56938
9.14072,52.2799,3.99445,1.54779
9.2984,53.3214,4.09038,1.58996
9.30653,53.3751,4.09533,1.59214
9.46885,54.4472,4.19408,1.63555
9.25023,53.0031,4.06107,1.57708
9.0793,51.8742,3.95708,1.53136
9.20304,52.6915,4.03236,1.56446
9.23689,52.9151,4.05296,1.57351
9.35975,53.7266,4.1277,1.60637
9.09102,51.9516,3.96421,1.5345
9.26317,53.0887,4.06894,1.58054
9.54567,54.9545,4.24081,1.65609
9.59813,55.3011,4.27273,1.67012
9.25065,53.006,4.06133,1.57719
9.09662,51.9886,3.96762,1.53599
9.41536,54.0939,4.16154,1.62124
9.0419,51.6272,3.93433,1.52136
9.33264,53.5475,4.1112,1.59911
9.72867,56.1633,4.35215,1.70503
9.12025,52.1447,3.982,1.54232
9.11774,52.1281,3.98047,1.54164
9.0481,51.6681,3.9381,1.52302
9.53038,54.8535,4.23151,1.652
8.95071,51.0249,3.87885,1.49697
9.36519,53.7625,4.13101,1.60782
9.43939,54.2526,4.17615,1.62767
9.33055,53.5337,4.10994,1.59856
9.45431,54.3511,4.18523,1.63166
8.94585,50.9928,3.87589,1.49567
9.26699,53.1139,4.07127,1.58156
9.23698,52.9157,4.05301,1.57353
9.05816,51.7345,3.94422,1.52571
9.312,53.4112,4.09865,1.5936
9.22072,52.8083,4.04313,1.56919
9.47091,54.4607,4.19533,1.6361
9.10714,52.0581,3.97402,1.53881
9.41303,54.0785,4.16012,1.62062
9.40742,54.0414,4.1567,1.61912
9.16635,52.4492,4.01004,1.55464
9.31888,53.4566,4.10284,1.59544
9.27594,53.173,4.07671,1.58395
9.14278,52.2935,3.9957,1.54834
9.46437,54.4176,4.19135,1.63435
9.23807,52.9229,4.05367,1.57383
9.15209,52.3549,4.00136,1.55083
9.32474,53.4953,4.1064,1.59701
9.46709,54.4356,4.19301,1.63508
9.16759,52.4573,4.0108,1.55498
9.12527,52.1778,3.98505,1.54366
9.52842,54.8406,4.23032,1.65148
8.97793,51.2047,3.89541,1.50425
8.99385,51.3098,3.90509,1.50851
9.21599,52.777,4.04024,1.56792
9.78265,56.5198,4.38499,1.71947
9.15663,52.3849,4.00413,1.55204
9.08956,51.942,3.96332,1.53411
9.02916,51.543,3.92657,1.51795
9.08803,51.9319,3.96239,1.5337
9.45705,54.3692,4.18689,1.63239
9.08333,51.9008,3.95953,1.53244
9.03518,51.5828,3.93024,1.51956
9.19573,52.6432,4.02791,1.5625
9.02012,51.4833,3.92108,1.51554
9.01059,51.4204,3.91528,1.51299
10.7517,62.9201,4.97453,1.97863
9.11415,52.1043,3.97828,1.54068
9.02086,51.4882,3.92153,1.51573
9.4349,54.2229,4.17342,1.62646
9.39137,53.9354,4.14695,1.61483
9.2952,53.3002,4.08843,1.58911
9.61064,55.3837,4.28034,1.67347
9.36852,53.7845,4.13304,1.60871
9.56287,55.0682,4.25128,1.66069
9.58466,55.212,4.26453,1.66652
9.02131,51.4911,3.9218,1.51586
9.45749,54.3721,4.18716,1.63251
9.29526,53.3006,4.08846,1.58912
8.98878,51.2763,3.90201,1.50715
9.17146,52.4829,4.01315,1.55601
9.06232,51.7621,3.94675,1.52682
9.28905,53.2596,4.08469,1.58746
9.19127,52.6138,4.0252,1.56131
9.50877,54.7108,4.21836,1.64622
9.0269,51.5281,3.9252,1.51735
8.87962,50.5553,3.8356,1.47796
9.12094,52.1493,3.98242,1.5425
9.12668,52.1871,3.98591,1.54404
9.02319,51.5036,3.92294,1.51636
9.09579,51.9831,3.96711,1.53577
9.13941,52.2712,3.99365,1.54744
9.21238,52.7532,4.03804,1.56696
9.56635,55.0911,4.25339,1.66162
9.2093,52.7328,4.03617,1.56613
9.7115,56.0498,4.3417,1.70044
9.29236,53.2814,4.0867,1.58834
9.32072,53.4688,4.10396,1.59593
9.32072,53.4687,4.10396,1.59593
9.24628,52.9771,4.05867,1.57602
9.46774,54.4398,4.1934,1.63525
9.15668,52.3853,4.00416,1.55206
9.15841,52.3967,4.00521,1.55252
9.15331,52.363,4.0021,1.55116
9.15772,52.3922,4.00479,1.55234
9.52347,54.8079,4.22731,1.65015
9.3321,53.5439,4.11088,1.59897
9.10893,52.0699,3.97511,1.53929
9.24954,52.9986,4.06065,1.57689
9.27411,53.1609,4.0756,1.58347
9.2154,52.7731,4.03988,1.56776
9.42398,54.1508,4.16678,1.62355
10.0848,58.5156,4.56885,1.80031
9.15468,52.3721,4.00294,1.55152
9.15488,52.3734,4.00306,1.55158
9.49954,54.6499,4.21275,1.64375
9.55545,55.0191,4.24676,1.65871
9.33786,53.582,4.11439,1.60052
9.06924,51.8078,3.95096,1.52867
9.2335,52.8927,4.0509,1.5726
9.21796,52.79,4.04144,1.56845
9.40084,53.998,4.1527,1.61736
9.41738,54.1072,4.16277,1.62178
9.17874,52.531,4.01758,1.55796
9.1261,52.1833,3.98555,1.54388
8.91526,50.7907,3.85728,1.48749
9.26656,53.111,4.07101,1.58144
9.16911,52.4674,4.01171,1.55538
9.11892,52.1359,3.98119,1.54196
9.14687,52.3205,3.99819,1.54943
9.31115,53.4055,4.09813,1.59337
9.14394,52.3012,3.99641,1.54865
9.09423,51.9728,3.96616,1.53535
9.13551,52.2455,3.99128,1.5464
9.57018,55.1164,4.25573,1.66265
9.42853,54.1808,4.16955,1.62476
9.23007,52.87,4.04881,1.57169
9.03007,51.549,3.92713,1.5182
9.38374,53.885,4.1423,1.61278
9.06389,51.7724,3.94771,1.52724
9.16784,52.459,4.01095,1.55504
9.68254,55.8586,4.32408,1.6927
9.08846,51.9347,3.96266,1.53381
9.2402,52.9369,4.05497,1.57439
9.18126,52.5476,4.01911,1.55863
9.45285,54.3415,4.18434,1.63127
9.14616,52.3158,3.99776,1.54924
9.12295,52.1625,3.98364,1.54304
9.29622,53.307,4.08905,1.58938
8.97689,51.1978,3.89478,1.50397
9.16185,52.4195,4.00731,1.55344
9.16096,52.4136,4.00676,1.5532
9.29449,53.2955,4.088,1.58891
9.03174,51.56,3.92814,1.51864
9.8247,56.7975,4.41058,1.73072
8.93971,50.9522,3.87216,1.49403
9.6558,55.682,4.30782,1.68555
9.3437,53.6205,4.11794,1.60207
9.47149,54.4646,4.19569,1.63625
10.1789,59.137,4.62606,1.82544
9.11679,52.1218,3.97989,1.54139
9.56422,55.0771,4.2521,1.66105
9.20701,52.7177,4.03478,1.56552
9.24211,52.9495,4.05613,1.57491
9.12192,52.1557,3.98301,1.54276
9.09251,51.9614,3.96512,1.5349
9.12065,52.1473,3.98224,1.54242
9.2894,53.2619,4.0849,1.58755
9.49056,54.5906,4.20729,1.64135
8.96304,51.1063,3.88635,1.50027
9.43307,54.2108,4.17231,1.62598
9.67003,55.776,4.31649,1.68936
9.22098,52.81,4.04328,1.56926
8.98193,51.231,3.89784,1.50532
9.76167,56.3812,4.37223,1.71386
9.30994,53.3976,4.0974,1.59305
9.36721,53.7758,4.13224,1.60836
9.20354,52.6948,4.03266,1.56459
9.2041,52.6985,4.03301,1.56474
10.1327,58.832,4.59797,1.8131
9.20862,52.7283,4.03576,1.56595
9.39858,53.983,4.15132,1.61675
9.15072,52.3459,4.00053,1.55046
9.46277,54.407,4.19038,1.63392
9.24041,52.9383,4.0551,1.57445
9.66548,55.7459,4.3137,1.68813
9.83114,56.8401,4.41449,1.73244
9.32646,53.5067,4.10745,1.59746
9.0055,51.3868,3.91218,1.51163
9.18698,52.5854,4.02259,1.56016
9.0877,51.9297,3.9622,1.53361
9.17522,52.5077,4.01544,1.55702
9.26487,53.0999,4.06998,1.58099
9.36019,53.7295,4.12797,1.60649
9.08525,51.9135,3.9607,1.53296
9.07435,51.8415,3.95407,1.53004
9.22296,52.8231,4.04448,1.56978
9.41087,54.0642,4.1588,1.62004
9.39201,53.9397,4.14733,1.615
9.21055,52.7411,4.03693,1.56646
9.06084,51.7522,3.94585,1.52642
9.29463,53.2965,4.08809,1.58895
9.43891,54.2494,4.17586,1.62754
9.47707,54.5014,4.19908,1.63774
9.37527,53.829,4.13714,1.61052
9.46503,54.4219,4.19175,1.63452
9.49116,54.5945,4.20765,1.64151
9.27375,53.1585,4.07538,1.58337
9.47923,54.5157,4.20039,1.63832
9.37367,53.8185,4.13617,1.61009
9.13425,52.2372,3.99051,1.54606
9.25279,53.0201,4.06263,1.57776
9.41517,54.0926,4.16142,1.62119
9.86522,57.0652,4.43522,1.74155
9.00045,51.3534,3.90911,1.51028
9.49673,54.6313,4.21104,1.643
9.17244,52.4894,4.01375,1.55627
9.06443,51.776,3.94803,1.52739
9.12826,52.1976,3.98687,1.54446
9.50764,54.7034,4.21768,1.64592
9.12011,52.1438,3.98191,1.54228
9.23211,52.8835,4.05005,1.57223
9.00222,51.3651,3.91019,1.51075
9.5245,54.8147,4.22794,1.65043
9.21106,52.7445,4.03724,1.5666
9.12787,52.195,3.98663,1.54435
9.26981,53.1325,4.07298,1.58231
9.34666,53.6401,4.11974,1.60287
9.68564,55.879,4.32597,1.69353
9.36753,53.7779,4.13244,1.60845
9.15257,52.3581,4.00166,1.55096
9.31571,53.4357,4.10091,1.59459
9.47954,54.5177,4.20058,1.6384
9.40677,54.0371,4.15631,1.61895
9.03399,51.5749,3.92951,1.51924
9.18856,52.5958,4.02355,1.56058
9.52179,54.7968,4.22628,1.6497
9.53193,54.8638,4.23245,1.65242
9.40386,54.0179,4.15454,1.61817
9.08896,51.938,3.96295,1.53394
9.15871,52.3987,4.00539,1.5526
9.21702,52.7838,4.04087,1.5682
9.11826,52.1315,3.98078,1.54178
9.36026,53.7299,4.12801,1.60651
8.93944,50.9504,3.87199,1.49396
9.14841,52.3306,3.99912,1.54985
9.74707,56.2848,4.36334,1.70996
9.10217,52.0253,3.971,1.53748
9.0486,51.6714,3.9384,1.52315
8.9319,50.9006,3.86741,1.49194
9.14572,52.3129,3.99749,1.54913
9.06494,51.7794,3.94834,1.52752
9.29915,53.3263,4.09084,1.59016
9.53259,54.8681,4.23285,1.65259
8.98729,51.2665,3.9011,1.50676
9.16838,52.4626,4.01128,1.55519
9.29053,53.2693,4.08558,1.58785
8.98945,51.2807,3.90241,1.50733
9.26677,53.1124,4.07114,1.5815
9.79532,56.6035,4.39269,1.72286
9.32951,53.5268,4.1093,1.59828
9.10339,52.0333,3.97174,1.53781
9.16382,52.4324,4.0085,1.55397
9.3111,53.4052,4.0981,1.59336
9.25303,53.0217,4.06278,1.57783
9.1442,52.3029,3.99657,1.54872
9.31411,53.4251,4.09993,1.59416
9.49439,54.6159,4.20962,1.64238
8.97026,51.154,3.89074,1.5022
9.26556,53.1044,4.0704,1.58118
9.0391,51.6087,3.93262,1.52061
9.42242,54.1405,4.16583,1.62313
9.43316,54.2114,4.17237,1.62601
9.12236,52.1586,3.98328,1.54288
9.75627,56.3456,4.36894,1.71242
9.29342,53.2884,4.08734,1.58862
9.61541,55.4152,4.28325,1.67474
9.40824,54.0468,4.1572,1.61934
9.29924,53.3269,4.09089,1.59019
9.22324,52.8249,4.04465,1.56986
8.92445,50.8514,3.86287,1.48995
9.10768,52.0616,3.97435,1.53895
9.16081,52.4126,4.00667,1.55316
9.01255,51.4333,3.91647,1.51351
9.37538,53.8298,4.13721,1.61055
9.23966,52.9333,4.05465,1.57426
9.63391,55.5374,4.2945,1.67969
9.44743,54.3057,4.18105,1.62982
9.14618,52.3159,3.99777,1.54925
9.221,52.8101,4.04329,1.56926
9.13152,52.2191,3.98885,1.54533
9.48287,54.5398,4.20261,1.6393
9.22071,52.8082,4.04311,1.56918
9.02038,51.4851,3.92124,1.51561
8.98777,51.2696,3.90139,1.50688
9.74934,56.2997,4.36472,1.71056
9.42393,54.1504,4.16674,1.62353
9.41219,54.0729,4.15961,1.62039
9.24601,52.9753,4.0585,1.57595
9.46214,54.4029,4.19,1.63375
9.60054,55.317,4.2742,1.67077
9.30207,53.3456,4.0926,1.59094
9.3309,53.536,4.11015,1.59865
8.90044,50.6929,3.84827,1.48353
9.32648,53.5068,4.10746,1.59747
9.10966,52.0747,3.97555,1.53948
9.27653,53.1769,4.07707,1.58411
9.08158,51.8893,3.95847,1.53198
9.11893,52.1359,3.98119,1.54196
9.10863,52.0679,3.97492,1.53921
9.47542,54.4905,4.19807,1.6373
9.74379,56.2631,4.36135,1.70908
9.27268,53.1514,4.07473,1.58308
9.48238,54.5365,4.20231,1.63917
9.28825,53.2543,4.0842,1.58725
9.18758,52.5894,4.02296,1.56032
9.40763,54.0428,4.15683,1.61917
9.25027,53.0034,4.06109,1.57709
9.09326,51.9664,3.96557,1.5351
9.24453,52.9655,4.0576,1.57555
9.23242,52.8856,4.05024,1.57232
9.98369,57.8476,4.5073,1.77324
9.25696,53.0476,4.06516,1.57888
9.04594,51.6538,3.93678,1.52244
8.95691,51.0658,3.88262,1.49863
9.16437,52.4361,4.00883,1.55411
9.15737,52.3898,4.00458,1.55224
9.10331,52.0327,3.97168,1.53778
9.04593,51.6538,3.93678,1.52244
9.38237,53.8759,4.14146,1.61242
9.12834,52.1981,3.98692,1.54448
9.12931,52.2045,3.9875,1.54474
9.15129,52.3497,4.00088,1.55062
9.23207,52.8832,4.05002,1.57222
9.05061,51.6847,3.93962,1.52369
9.04012,51.6154,3.93324,1.52088
9.26727,53.1157,4.07144,1.58163
9.03683,51.5936,3.93124,1.52
9.11652,52.12,3.97973,1.54132
9.20608,52.7116,4.03421,1.56527
9.1572,52.3887,4.00447,1.5522
9.29792,53.3182,4.09009,1.58983
9.29731,53.3141,4.08971,1.58967
9.65498,55.6765,4.30733,1.68534
8.96598,51.1257,3.88814,1.50106
9.26972,53.1319,4.07293,1.58229
9.83823,56.8869,4.4188,1.73433
9.73158,56.1825,4.35392,1.70582
9.10962,52.0744,3.97552,1.53947
9.26092,53.0738,4.06757,1.57993
9.23051,52.8729,4.04908,1.5718
9.32805,53.5172,4.10841,1.59789
8.95036,51.0225,3.87863,1.49688
9.10665,52.0548,3.97372,1.53868
9.31585,53.4366,4.10099,1.59463
9.08107,51.8859,3.95816,1.53184
9.38009,53.8609,4.14007,1.6118
9.4504,54.3253,4.18285,1.63061
9.65745,55.6928,4.30881,1.68598
9.1238,52.1681,3.98415,1.54326
9.13062,52.2132,3.9883,1.54509
9.06755,51.7966,3.94993,1.52822
9.39644,53.9689,4.15002,1.61618
9.04043,51.6175,3.93343,1.52097
9.22889,52.8623,4.04809,1.57137
9.27067,53.1382,4.0735,1.58254
9.22663,52.8473,4.04671,1.57077
9.42322,54.1458,4.16632,1.62334
9.33798,53.5828,4.11446,1.60055
9.3187,53.4554,4.10273,1.59539
9.31373,53.4226,4.09971,1.59406
9.37983,53.8592,4.13992,1.61174
9.31228,53.413,4.09882,1.59367
9.24042,52.9384,4.0551,1.57445
9.5472,54.9647,4.24174,1.6565
9.54101,54.9238,4.23798,1.65485
9.09722,51.9926,3.96798,1.53616
9.06697,51.7928,3.94958,1.52807
9.47623,54.4959,4.19857,1.63752
9.20904,52.7311,4.03601,1.56606
9.18103,52.5461,4.01897,1.55857
9.4133,54.0802,4.16028,1.62069
9.07735,51.8613,3.9559,1.53084
9.19638,52.6475,4.02831,1.56268
9.20067,52.6758,4.03092,1.56382
9.64864,55.6347,4.30346,1.68363
9.09875,52.0026,3.96891,1.53656
9.10309,52.0313,3.97155,1.53773
9.12234,52.1585,3.98327,1.54288
9.02196,51.4955,3.92219,1.51603
9.41882,54.1167,4.16364,1.62217
8.97292,51.1715,3.89236,1.50291
9.10092,52.017,3.97023,1.53714
9.24193,52.9483,4.05602,1.57486
9.34253,53.6128,4.11722,1.60176
8.92479,50.8537,3.86308,1.49004
9.50155,54.6631,4.21397,1.64429
8.96357,51.1098,3.88667,1.50041
9.43883,54.2489,4.17581,1.62752
9.10068,52.0154,3.97008,1.53708
9.55083,54.9886,4.24395,1.65747
9.15827,52.3958,4.00512,1.55248
9.47373,54.4794,4.19704,1.63685
9.13009,52.2097,3.98798,1.54495
9.34412,53.6233,4.1182,1.60219
9.39263,53.9438,4.14771,1.61516
9.0211,51.4898,3.92167,1.5158
9.22147,52.8132,4.04357,1.56939
8.9585,51.0763,3.88359,1.49906
9.44866,54.3138,4.1818,1.63015
9.33371,53.5545,4.11186,1.5994
9.35223,53.6769,4.12313,1.60436
9.44251,54.2732,4.17805,1.6285
8.99431,51.3128,3.90537,1.50863
9.07553,51.8493,3.95479,1.53036
9.2288,52.8616,4.04803,1.57135
9.796,56.608,4.39311,1.72304
9.02321,51.5037,3.92295,1.51636
9.37242,53.8102,4.13541,1.60976
9.18592,52.5784,4.02194,1.55988
8.96346,51.109,3.8866,1.50038
9.10813,52.0646,3.97462,1.53907
9.17141,52.4825,4.01312,1.556
9.15999,52.4071,4.00617,1.55294
9.56067,55.0536,4.24994,1.66011
9.471,54.4614,4.19538,1.63612
9.24068,52.9401,4.05527,1.57453
9.51825,54.7734,4.22413,1.64876
9.20198,52.6845,4.03172,1.56417
9.28467,53.2306,4.08202,1.58629
9.47827,54.5094,4.19981,1.63806
9.18036,52.5417,4.01856,1.55839
9.33907,53.59,4.11512,1.60084
9.11715,52.1242,3.98011,1.54149
9.2755,53.1701,4.07644,1.58384
9.41346,54.0813,4.16038,1.62073
9.25319,53.0227,4.06287,1.57787
9.15161,52.3518,4.00108,1.55071
9.35767,53.7128,4.12643,1.60581
10.2238,59.4338,4.6534,1.83746
9.78139,56.5115,4.38422,1.71914
9.416,54.0981,4.16192,1.62141
9.41244,54.0746,4.15976,1.62046
9.43957,54.2537,4.17626,1.62772
9.66364,55.7337,4.31258,1.68764
9.10626,52.0523,3.97348,1.53857
9.18291,52.5585,4.02012,1.55907
8.93199,50.9012,3.86746,1.49197
9.24553,52.9722,4.05821,1.57582
9.23576,52.9076,4.05227,1.57321
9.50571,54.6906,4.2165,1.64541
9.15087,52.3469,4.00062,1.5505
9.19354,52.6288,4.02658,1.56192
9.1665,52.4501,4.01013,1.55468
9.39121,53.9343,4.14684,1.61478
9.20911,52.7316,4.03605,1.56608
9.37264,53.8117,4.13554,1.60982
9.12748,52.1924,3.98639,1.54425
9.0244,51.5116,3.92368,1.51668
9.12819,52.1971,3.98682,1.54444
8.97111,51.1596,3.89126,1.50243
9.41823,54.1128,4.16328,1.62201
9.22255,52.8203,4.04423,1.56967
9.23013,52.8704,4.04885,1.5717
9.31468,53.4289,4.10028,1.59431
9.57825,55.1697,4.26063,1.6648
9.23335,52.8917,4.05081,1.57257
9.04389,51.6403,3.93554,1.52189
8.89012,50.6247,3.84199,1.48077
8.85549,50.3959,3.82091,1.4715
9.06058,51.7506,3.9457,1.52636
10.8289,63.4301,5.02152,1.9993
9.28626,53.2412,4.08299,1.58671
10.0791,58.4781,4.56537,1.79877
9.52284,54.8038,4.22693,1.64999
9.39888,53.985,4.15151,1.61683
9.54531,54.9522,4.2406,1.656
9.42768,54.1753,4.16903,1.62454
10.1846,59.1743,4.6295,1.82696
9.41049,54.0617,4.15857,1.61994
9.44575,54.2946,4.18002,1.62936
9.21147,52.7472,4.03749,1.56671
8.97974,51.2166,3.89651,1.50474
9.75515,56.3381,4.36826,1.71212
9.10653,52.054,3.97365,1.53865
9.71804,56.093,4.34567,1.70219
9.01307,51.4367,3.91679,1.51365
9.35698,53.7083,4.12602,1.60563
9.45376,54.3475,4.1849,1.63151
9.12049,52.1462,3.98214,1.54238
37.9756,242.733,21.5376,9.25989
9.17381,52.4984,4.01458,1.55664
9.76439,56.3992,4.37388,1.71459
9.1657,52.4448,4.00964,1.55447
8.9549,51.0526,3.8814,1.4981
9.37363,53.8183,4.13615,1.61008
10.4293,60.7907,4.77839,1.89241
9.24004,52.9359,4.05487,1.57435
9.11774,52.1281,3.98047,1.54165
9.01731,51.4647,3.91936,1.51478
9.54417,54.9446,4.2399,1.65569
9.40033,53.9946,4.15239,1.61722
9.13486,52.2412,3.99088,1.54622
9.44134,54.2655,4.17734,1.62819
9.25796,53.0542,4.06577,1.57914
9.26148,53.0775,4.06791,1.58009
9.49593,54.626,4.21055,1.64279
9.60371,55.3379,4.27612,1.67161
8.91103,50.7628,3.85471,1.48636
9.11742,52.1259,3.98027,1.54156
9.52141,54.7943,4.22605,1.6496
9.04547,51.6508,3.9365,1.52232
9.42939,54.1865,4.17007,1.62499
9.32231,53.4793,4.10492,1.59635
9.4389,54.2493,4.17586,1.62754
9.32168,53.4751,4.10454,1.59619
9.13407,52.2359,3.9904,1.54601
9.35028,53.664,4.12194,1.60384
9.24824,52.99,4.05986,1.57655
9.79353,56.5916,4.3916,1.72237
9.06239,51.7625,3.94679,1.52684
9.37697,53.8403,4.13818,1.61097
9.56012,55.05,4.2496,1.65995
9.01362,51.4404,3.91712,1.5138
9.20809,52.7248,4.03543,1.56581
9.16148,52.417,4.00708,1.55334
9.27826,53.1883,4.07812,1.58457
9.32586,53.5027,4.10708,1.5973
9.43693,54.2363,4.17466,1.62701
9.9158,57.3992,4.46599,1.75508
8.9792,51.213,3.89618,1.50459
9.12477,52.1745,3.98474,1.54352
9.448,54.3094,4.18139,1.62997
9.03586,51.5873,3.93065,1.51975
9.36753,53.778,4.13244,1.60845
9.55711,55.0301,4.24778,1.65915
9.25962,53.0652,4.06679,1.57959
9.18009,52.5399,4.0184,1.55832
9.11514,52.1109,3.97888,1.54095
9.10554,52.0475,3.97304,1.53838
9.38084,53.8658,4.14053,1.61201
9.24912,52.9958,4.06039,1.57678
9.33049,53.5333,4.1099,1.59854
9.32998,53.5299,4.10959,1.5984
9.20682,52.7164,4.03466,1.56547
9.82613,56.8069,4.41144,1.7311
9.25568,53.0392,4.06439,1.57854
9.29314,53.2866,4.08718,1.58855
9.57732,55.1636,4.26007,1.66456
9.23466,52.9003,4.0516,1.57291
9.24644,52.9781,4.05877,1.57607
9.46735,54.4372,4.19316,1.63514
9.14289,52.2942,3.99577,1.54837
9.75992,56.3697,4.37116,1.71339
9.07468,51.8437,3.95427,1.53013
9.14659,52.3187,3.99802,1.54936
9.43473,54.2218,4.17332,1.62642
9.57592,55.1544,4.25922,1.66418
9.38448,53.8899,4.14275,1.61298
9.29462,53.2964,4.08808,1.58895
9.15664,52.385,4.00413,1.55205
9.27647,53.1765,4.07703,1.5841
9.14037,52.2776,3.99424,1.5477
9.19394,52.6314,4.02682,1.56202
9.41632,54.1002,4.16212,1.6215
9.10496,52.0437,3.97269,1.53823
8.87341,50.5143,3.83182,1.4763
9.19809,52.6588,4.02935,1.56313
9.59773,55.2984,4.27249,1.67002
9.08412,51.906,3.96001,1.53265
9.05794,51.7331,3.94408,1.52565
9.72174,56.1175,4.34794,1.70319
9.23624,52.9108,4.05256,1.57334
9.07499,51.8457,3.95446,1.53021
9.30801,53.3848,4.09621,1.59252
9.3513,53.6707,4.12256,1.60411
9.3281,53.5175,4.10844,1.5979
9.13803,52.2621,3.99281,1.54707
9.21221,52.7521,4.03794,1.56691
9.87102,57.1035,4.43875,1.74311
9.38789,53.9124,4.14482,1.61389
9.29427,53.2941,4.08786,1.58886
9.27222,53.1484,4.07445,1.58296
9.29186,53.2782,4.0864,1.58821
11.8037,69.8687,5.61464,2.26005
9.62573,55.4833,4.28952,1.6775
9.21225,52.7523,4.03796,1.56692
9.18324,52.5607,4.02032,1.55916
9.17731,52.5216,4.01671,1.55758
9.42548,54.1607,4.16769,1.62395
9.05289,51.6997,3.94101,1.5243
9.52068,54.7895,4.22562,1.64941
9.02145,51.4921,3.92189,1.51589
9.13148,52.2188,3.98883,1.54532
9.4935,54.6099,4.20907,1.64214
9.1975,52.6549,4.02899,1.56298
9.36293,53.7476,4.12964,1.60722
9.38236,53.8759,4.14146,1.61242
9.22432,52.832,4.04531,1.57015
9.27297,53.1534,4.07491,1.58316
9.20895,52.7305,4.03596,1.56604
9.07456,51.8429,3.9542,1.53009
9.13299,52.2288,3.98974,1.54572
9.10588,52.0498,3.97325,1.53847
9.25639,53.0439,4.06482,1.57873
9.29944,53.3282,4.09101,1.59024
9.61274,55.3976,4.28162,1.67403
9.28188,53.2122,4.08032,1.58554
9.47065,54.459,4.19517,1.63603
9.50965,54.7166,4.2189,1.64646
9.13581,52.2475,3.99146,1.54648
9.07584,51.8514,3.95498,1.53044
9.45235,54.3382,4.18404,1.63113
9.15475,52.3726,4.00298,1.55154
9.43403,54.2172,4.17289,1.62623
9.20387,52.697,4.03287,1.56468
9.28038,53.2023,4.07942,1.58514
9.53989,54.9164,4.2373,1.65455
8.97052,51.1557,3.8909,1.50227
9.62139,55.4546,4.28688,1.67634
9.49393,54.6128,4.20934,1.64225
9.12971,52.2072,3.98775,1.54485
9.59206,55.2609,4.26904,1.6685
9.20428,52.6997,4.03312,1.56479
9.1959,52.6443,4.02802,1.56255
9.14462,52.3056,3.99682,1.54883
9.10628,52.0524,3.97349,1.53858
9.49993,54.6524,4.21299,1.64386
9.30401,53.3584,4.09379,1.59146
9.59396,55.2735,4.27019,1.66901
9.83927,56.8938,4.41943,1.73461
9.23033,52.8718,4.04896,1.57175
9.48486,54.5529,4.20382,1.63983
9.43897,54.2498,4.1759,1.62756
9.18811,52.5928,4.02328,1.56046
9.17322,52.4945,4.01422,1.55648
9.25926,53.0628,4.06656,1.57949
9.1468,52.32,3.99815,1.54942
9.05408,51.7076,3.94174,1.52462
8.89921,50.6847,3.84752,1.4832
9.27285,53.1526,4.07483,1.58313
9.61473,55.4107,4.28283,1.67456
10.0521,58.2992,4.54891,1.79154
9.22603,52.8433,4.04635,1.5706
8.86268,50.4434,3.82529,1.47343
9.25842,53.0573,4.06605,1.57927
9.14369,52.2995,3.99626,1.54859
9.78048,56.5055,4.38367,1.71889
9.22259,52.8206,4.04426,1.56969
9.30858,53.3886,4.09658,1.59269
9.49165,54.5978,4.20795,1.64165
9.11397,52.1032,3.97817,1.54064
9.31134,53.4068,4.09825,1.59342
9.40661,54.0361,4.15621,1.6189
9.28637,53.2419,4.08306,1.58674
9.12561,52.18,3.98525,1.54375
9.4496,54.32,4.18237,1.6304
9.07417,51.8403,3.95396,1.52999
9.04819,51.6687,3.93816,1.52304
9.04183,51.6267,3.93428,1.52134
9.49455,54.6169,4.20971,1.64241
10.0442,58.2472,4.5441,1.78942
9.56528,55.0841,4.25274,1.66134
9.09858,52.0015,3.9688,1.53651
9.14926,52.3363,3.99965,1.55007
9.14737,52.3238,3.99849,1.54957
9.02699,51.5287,3.92525,1.51737
9.1332,52.2302,3.98987,1.54578
9.02855,51.539,3.9262,1.51779
9.61657,55.4229,4.28395,1.67505
9.18566,52.5767,4.02179,1.55981
10.172,59.0913,4.62188,1.82362
12.9154,77.2116,6.29102,2.5574
9.32689,53.5095,4.10771,1.59758
9.0927,51.9627,3.96524,1.53495
9.3111,53.4052,4.09811,1.59336
9.5482,54.9712,4.24235,1.65677
9.45321,54.3439,4.18456,1.63136
9.20411,52.6985,4.03301,1.56474
9.19146,52.615,4.02532,1.56136
9.55589,55.0221,4.24703,1.65883
9.14459,52.3054,3.9968,1.54882
9.15372,52.3658,4.00236,1.55127
9.36323,53.7495,4.12982,1.6073
9.07369,51.8372,3.95367,1.52986
9.96064,57.6954,4.49327,1.76707
9.02161,51.4931,3.92198,1.51593
9.23008,52.8701,4.04882,1.57169
9.48881,54.579,4.20622,1.64088
8.8176,50.1457,3.79786,1.46137
9.2918,53.2777,4.08636,1.5882
9.11376,52.1018,3.97804,1.54058
9.17042,52.4761,4.01252,1.55573
9.2611,53.075,4.06769,1.57999
9.28896,53.259,4.08463,1.58744
9.08813,51.9325,3.96245,1.53372
9.12691,52.1886,3.98604,1.5441
9.46721,54.4363,4.19308,1.63511
9.35403,53.6888,4.12423,1.60484
9.11542,52.1127,3.97905,1.54102
9.66284,55.7285,4.3121,1.68743
9.34257,53.6131,4.11725,1.60177
9.03424,51.5766,3.92967,1.51931
9.18156,52.5496,4.01929,1.55871
9.36392,53.7541,4.13024,1.60748
9.38262,53.8776,4.14162,1.61249
9.21211,52.7514,4.03788,1.56688
9.13937,52.271,3.99363,1.54743
9.18398,52.5656,4.02077,1.55936
9.64998,55.6435,4.30427,1.68399
9.06681,51.7917,3.94948,1.52802
9.27268,53.1515,4.07473,1.58308
10.204,59.303,4.64135,1.83217
9.1624,52.423,4.00763,1.55359
9.00761,51.4007,3.91347,1.51219
9.33596,53.5694,4.11323,1.60001
9.27056,53.1375,4.07344,1.58251
9.22397,52.8297,4.04509,1.57005
9.15005,52.3415,4.00013,1.55029
9.31588,53.4368,4.10101,1.59464
9.22539,52.8391,4.04596,1.57043
9.49065,54.5911,4.20734,1.64138
9.16065,52.4115,4.00657,1.55312
9.13462,52.2396,3.99074,1.54616
9.17867,52.5305,4.01754,1.55794
9.57881,55.1734,4.26097,1.66495
9.71975,56.1043,4.34672,1.70265
9.25119,53.0095,4.06165,1.57733
9.59876,55.3052,4.27311,1.67029
9.09689,51.9904,3.96778,1.53607
9.61401,55.4059,4.28239,1.67437
9.43231,54.2058,4.17185,1.62577
9.34662,53.6398,4.11971,1.60286
9.04501,51.6477,3.93622,1.52219
9.13515,52.2431,3.99106,1.5463
9.41429,54.0868,4.16088,1.62095
9.26786,53.1197,4.0718,1.58179
9.09545,51.9809,3.96691,1.53568
9.07484,51.8448,3.95437,1.53017
8.92806,50.8753,3.86507,1.49092
9.31439,53.427,4.10011,1.59424
9.2895,53.2626,4.08496,1.58758
9.09676,51.9895,3.9677,1.53603
9.22321,52.8247,4.04463,1.56985
9.08604,51.9187,3.96118,1.53317
9.33734,53.5785,4.11407,1.60037
9.45633,54.3645,4.18646,1.6322
9.34573,53.6339,4.11917,1.60262
9.45448,54.3522,4.18534,1.6317
9.05378,51.7056,3.94155,1.52454
9.54915,54.9775,4.24292,1.65702
9.18282,52.558,4.02006,1.55905
8.9849,51.2507,3.89965,1.50612
9.33748,53.5794,4.11415,1.60041
9.08851,51.935,3.96268,1.53383
9.06783,51.7984,3.9501,1.5283
9.16217,52.4216,4.0075,1.55353
9.08059,51.8827,3.95786,1.53171
9.20059,52.6753,4.03087,1.5638
9.27036,53.1361,4.07332,1.58246
9.16578,52.4454,4.00969,1.55449
9.24493,52.9682,4.05785,1.57566
9.5106,54.7229,4.21948,1.64671
9.18438,52.5682,4.02101,1.55946
9.84238,56.9143,4.42133,1.73545
9.42281,54.1431,4.16607,1.62323
9.39721,53.974,4.15049,1.61639
9.35313,53.6828,4.12367,1.6046
9.15884,52.3996,4.00547,1.55264
9.18271,52.5572,4.01999,1.55902
9.63737,55.5602,4.2966,1.68062
9.18503,52.5726,4.02141,1.55964
9.54324,54.9385,4.23933,1.65544
8.88205,50.5713,3.83708,1.47861
9.00354,51.3738,3.91099,1.5111
9.51233,54.7343,4.22053,1.64718
9.0023,51.3656,3.91023,1.51077
9.16045,52.4102,4.00645,1.55307
9.14572,52.3129,3.99749,1.54913
9.04463,51.6452,3.93599,1.52209
9.08623,51.92,3.9613,1.53322
9.00114,51.358,3.90953,1.51046
9.44418,54.2842,4.17907,1.62895
9.27322,53.155,4.07506,1.58323
9.20531,52.7065,4.03375,1.56507
9.37186,53.8065,4.13507,1.60961
9.76144,56.3797,4.37209,1.7138
9.63442,55.5407,4.29481,1.67983
9.14787,52.3271,3.9988,1.54971
9.30096,53.3382,4.09193,1.59064
9.0981,51.9984,3.96852,1.53639
9.26708,53.1145,4.07132,1.58158
9.29106,53.2728,4.08591,1.588
9.31927,53.4592,4.10307,1.59554
9.14869,52.3325,3.9993,1.54992
9.16822,52.4615,4.01118,1.55514
9.05818,51.7347,3.94423,1.52571
9.18762,52.5897,4.02298,1.56033
9.21966,52.8013,4.04247,1.5689
10.7229,62.7299,4.957,1.97093
9.15224,52.3559,4.00145,1.55087
9.42028,54.1264,4.16453,1.62256
8.88072,50.5626,3.83627,1.47825
9.17263,52.4906,4.01386,1.55632
9.29519,53.3002,4.08843,1.5891
9.72361,56.1298,4.34907,1.70368
9.22434,52.8322,4.04532,1.57015
9.08089,51.8847,3.95805,1.53179
9.14714,52.3223,3.99835,1.54951
9.06746,51.796,3.94988,1.5282
9.80546,56.6705,4.39887,1.72557
9.28243,53.2158,4.08066,1.58569
9.32361,53.4879,4.10572,1.5967
9.41004,54.0587,4.1583,1.61982
9.46814,54.4425,4.19364,1.63536
9.13481,52.2408,3.99085,1.54621
9.23165,52.8804,4.04977,1.57211
9.29536,53.3013,4.08853,1.58915
9.13085,52.2146,3.98844,1.54515
9.02516,51.5166,3.92414,1.51688
9.23732,52.9179,4.05321,1.57362
8.96812,51.1398,3.88944,1.50163
9.19567,52.6428,4.02788,1.56249
9.3822,53.8748,4.14136,1.61237
9.43886,54.2491,4.17584,1.62753
9.47528,54.4896,4.19799,1.63727
9.33517,53.5642,4.11275,1.59979
9.14437,52.304,3.99667,1.54877
9.77108,56.4434,4.37795,1.71637
9.34948,53.6587,4.12146,1.60362
9.16488,52.4394,4.00915,1.55425
9.18166,52.5503,4.01936,1.55874
9.16726,52.4552,4.0106,1.55489
9.23963,52.9332,4.05463,1.57424
9.16743,52.4563,4.0107,1.55493
9.08023,51.8804,3.95765,1.53161
9.51417,54.7465,4.22165,1.64767
9.35638,53.7043,4.12565,1.60547
9.35278,53.6805,4.12345,1.6045
9.30212,53.3459,4.09264,1.59096
9.60961,55.3769,4.27971,1.67319
9.34776,53.6474,4.12041,1.60316
9.27879,53.1918,4.07845,1.58472
9.18794,52.5917,4.02317,1.56041
9.22392,52.8294,4.04507,1.57004
9.35158,53.6726,4.12273,1.60418
9.46195,54.4016,4.18988,1.6337
9.23884,52.9279,4.05414,1.57403
9.28832,53.2548,4.08424,1.58726
9.13353,52.2324,3.99007,1.54587
9.23515,52.9036,4.0519,1.57304
9.54326,54.9386,4.23935,1.65545
9.15222,52.3558,4.00144,1.55086
9.02099,51.4891,3.92161,1.51577
9.39603,53.9662,4.14977,1.61607
9.18008,52.5398,4.01839,1.55832
9.25451,53.0314,4.06367,1.57822
9.03176,51.5602,3.92816,1.51865
9.26828,53.1224,4.07205,1.58191
9.07194,51.8256,3.95261,1.5294
9.07762,51.8631,3.95606,1.53091
9.35446,53.6916,4.12448,1.60495
9.28401,53.2263,4.08162,1.58611
9.19006,52.6058,4.02447,1.56099
9.7576,56.3543,4.36975,1.71278
9.57428,55.1435,4.25822,1.66374
9.35433,53.6908,4.12441,1.60492
9.51912,54.7792,4.22466,1.64899
9.19388,52.631,4.02679,1.56201
9.20171,52.6827,4.03156,1.5641
9.48252,54.5374,4.20239,1.6392
9.38526,53.8951,4.14322,1.61319
8.98208,51.2321,3.89793,1.50536
9.03014,51.5495,3.92717,1.51822
9.10554,52.0475,3.97305,1.53838
9.06192,51.7594,3.94651,1.52672
8.94052,50.9576,3.87265,1.49425
9.45628,54.3641,4.18643,1.63219
9.11864,52.134,3.98101,1.54188
9.04457,51.6448,3.93595,1.52207
9.0332,51.5697,3.92903,1.51903
9.4424,54.2725,4.17799,1.62847
9.24032,52.9377,4.05505,1.57443
9.24176,52.9472,4.05592,1.57481
9.48436,54.5496,4.20351,1.63969
9.4403,54.2586,4.17671,1.62791
9.23926,52.9307,4.0544,1.57414
9.37447,53.8238,4.13666,1.6103
9.04984,51.6796,3.93915,1.52348
9.27878,53.1917,4.07844,1.58471
9.15221,52.3558,4.00144,1.55086
9.33387,53.5556,4.11196,1.59945
9.03769,51.5994,3.93177,1.52024
9.47762,54.5051,4.19941,1.63789
9.20053,52.6749,4.03083,1.56379
9.21307,52.7578,4.03847,1.56714
9.21286,52.7564,4.03834,1.56708
9.85781,57.0162,4.43071,1.73957
10.1274,58.7969,4.59474,1.81168
9.14129,52.2836,3.99479,1.54794
9.08554,51.9154,3.96088,1.53303
9.06959,51.81,3.95117,1.52877
9.21091,52.7435,4.03715,1.56656
9.056,51.7203,3.9429,1.52513
9.07603,51.8526,3.95509,1.53049
9.31083,53.4035,4.09794,1.59329
8.96523,51.1207,3.88768,1.50085
9.17096,52.4796,4.01284,1.55588
9.44508,54.2902,4.17962,1.62919
9.23231,52.8848,4.05017,1.57228
10.0054,57.9908,4.52048,1.77903
9.241,52.9422,4.05546,1.57461
9.38946,53.9228,4.14577,1.61431
9.04749,51.6641,3.93773,1.52286
9.36635,53.7701,4.13172,1.60813
9.20092,52.6775,4.03107,1.56389
8.96953,51.1492,3.8903,1.50201
9.11836,52.1322,3.98085,1.54181
9.45779,54.3741,4.18735,1.63259
9.09138,51.954,3.96443,1.53459
9.33093,53.5362,4.11017,1.59866
9.42499,54.1575,4.16739,1.62382
9.80585,56.673,4.3991,1.72568
9.08378,51.9038,3.9598,1.53256
9.3738,53.8194,4.13625,1.61013
9.49987,54.652,4.21295,1.64384
9.29889,53.3246,4.09068,1.59009
9.31135,53.4069,4.09826,1.59343
9.74904,56.2978,4.36454,1.71048
8.94384,50.9795,3.87467,1.49514
9.15679,52.386,4.00423,1.55209
9.35488,53.6944,4.12474,1.60506
9.03884,51.6069,3.93246,1.52054
9.17649,52.5161,4.01621,1.55736
9.19653,52.6485,4.02841,1.56272
9.36474,53.7595,4.13074,1.6077
9.11748,52.1264,3.98031,1.54157
9.07094,51.819,3.95199,1.52913
9.07006,51.8132,3.95146,1.52889
9.28989,53.2651,4.0852,1.58769
9.89801,57.2817,4.45517,1.75032
8.94955,51.0172,3.87814,1.49666
9.54891,54.9759,4.24278,1.65696
9.48152,54.5308,4.20178,1.63893
9.19223,52.6201,4.02578,1.56156
9.6965,55.9508,4.33257,1.69643
9.12289,52.1621,3.9836,1.54302
9.38692,53.906,4.14423,1.61363
9.16354,52.4306,4.00833,1.55389
8.95306,51.0404,3.88028,1.4976
9.35105,53.6691,4.12241,1.60404
9.2443,52.964,4.05747,1.57549
8.92779,50.8735,3.86491,1.49084
8.93438,50.917,3.86891,1.49261
9.41385,54.0839,4.16062,1.62084
9.69937,55.9697,4.33433,1.6972
9.24677,52.9803,4.05897,1.57615
8.9802,51.2196,3.89679,1.50486
9.45169,54.3338,4.18364,1.63096
9.77444,56.4656,4.37999,1.71728
9.72453,56.1359,4.34963,1.70393
9.21225,52.7523,4.03796,1.56692
9.09576,51.9829,3.9671,1.53577
9.35793,53.7145,4.12659,1.60588
10.1872,59.1921,4.63114,1.82768
9.15099,52.3477,4.0007,1.55054
9.18914,52.5997,4.02391,1.56074
9.60318,55.3344,4.2758,1.67147
9.41031,54.0605,4.15846,1.61989
9.16646,52.4499,4.01011,1.55467
8.98602,51.2581,3.90033,1.50641
9.07468,51.8436,3.95427,1.53013
9.80603,56.6742,4.39922,1.72573
9.25539,53.0373,4.06421,1.57846
9.73931,56.2335,4.35862,1.70788
9.09232,51.9602,3.965,1.53485
9.20201,52.6847,4.03174,1.56418
9.42152,54.1345,4.16528,1.62289
9.32715,53.5112,4.10787,1.59765
9.59934,55.309,4.27346,1.67044
9.57522,55.1497,4.25879,1.66399
9.09061,51.9489,3.96396,1.53439
9.32063,53.4682,4.1039,1.59591
9.92597,57.4664,4.47218,1.7578
9.03514,51.5825,3.93021,1.51955
9.11105,52.0839,3.9764,1.53986
9.17171,52.4846,4.0133,1.55608
9.12637,52.1851,3.98572,1.54395
9.06445,51.7761,3.94804,1.52739
9.32199,53.4772,4.10473,1.59627
9.19791,52.6576,4.02924,1.56309
8.9989,51.3431,3.90816,1.50986
9.44647,54.2994,4.18046,1.62956
9.47861,54.5116,4.20001,1.63816
9.02316,51.5034,3.92292,1.51635
9.22762,52.8538,4.04731,1.57103
9.42265,54.142,4.16597,1.62319
8.94984,51.0191,3.87832,1.49674
9.55549,55.0194,4.24678,1.65871
9.31781,53.4495,4.10219,1.59515
9.43646,54.2332,4.17437,1.62688
9.12643,52.1855,3.98576,1.54397
9.12242,52.159,3.98331,1.5429
9.66025,55.7113,4.31052,1.68674
9.55914,55.0435,4.24901,1.6597
9.60175,55.3249,4.27493,1.67109
9.3127,53.4158,4.09908,1.59378
9.17515,52.5073,4.01539,1.557
9.24753,52.9853,4.05943,1.57636
9.23178,52.8813,4.04985,1.57214
9.2556,53.0387,4.06434,1.57852
8.92977,50.8866,3.86611,1.49137
9.32511,53.4977,4.10662,1.5971
9.98646,57.8659,4.50898,1.77398
9.10143,52.0204,3.97054,1.53728
9.07185,51.825,3.95255,1.52937
9.25442,53.0309,4.06362,1.5782
9.23793,52.9219,4.05359,1.57379
9.0654,51.7824,3.94862,1.52765
9.30084,53.3375,4.09186,1.59061
9.28139,53.209,4.08003,1.58541
9.52955,54.8481,4.23101,1.65178
9.48754,54.5706,4.20545,1.64054
9.30416,53.3594,4.09388,1.5915
9.33355,53.5535,4.11176,1.59936
9.32183,53.4761,4.10463,1.59623
9.13103,52.2159,3.98855,1.5452
9.17602,52.513,4.01592,1.55723
9.2941,53.2929,4.08776,1.58881
9.00647,51.3931,3.91277,1.51188
9.16655,52.4505,4.01016,1.5547
9.22168,52.8146,4.0437,1.56944
9.09619,51.9858,3.96736,1.53588
9.23836,52.9248,4.05385,1.5739
9.15423,52.3691,4.00266,1.5514
9.00082,51.3559,3.90934,1.51037
9.21202,52.7508,4.03782,1.56686
9.05446,51.7101,3.94197,1.52472
9.24334,52.9577,4.05688,1.57524
9.26549,53.104,4.07036,1.58116
9.17816,52.5272,4.01722,1.5578
9.32668,53.5081,4.10758,1.59752
9.41641,54.1008,4.16217,1.62152
9.76318,56.3912,4.37314,1.71426
9.02785,51.5344,3.92578,1.5176
9.13256,52.226,3.98949,1.54561
9.31221,53.4126,4.09878,1.59366
9.24649,52.9785,4.0588,1.57608
9.31065,53.4022,4.09783,1.59324
9.32058,53.4679,4.10387,1.59589
9.49177,54.5986,4.20802,1.64168
9.291,53.2725,4.08588,1.58798
9.25155,53.0119,4.06187,1.57743
9.43755,54.2404,4.17504,1.62718
9.38848,53.9163,4.14518,1.61405
9.54088,54.9229,4.2379,1.65482
9.00416,51.3779,3.91137,1.51127
9.09426,51.973,3.96618,1.53536
