pCD3z(),pSLP76(),pErk(),pS6()0.0235958,86.5657,0.0458635,5.63731
0.00754049,27.6874,0.0220809,2.71288
0.00602494,22.2116,0.0455138,5.58886
0.0068058,24.9882,0.0194438,2.38893
0.00863189,31.6577,0.013638,1.67683
0.005376,19.7134,0.00749514,0.921744
0.00289312,10.6525,0.0176768,2.1708
0.00770058,28.3096,0.0332949,4.08947
0.00833493,30.7127,0.0582825,7.15699
0.0108682,39.8728,0.0213689,2.62651
0.00427123,15.6893,0.0144052,1.76962
0.00370895,13.6078,0.00746769,0.917849
0.00733935,27.0398,0.0499404,6.13265
0.00473747,17.365,0.00441609,0.543579
0.00226621,8.35309,0.0166296,2.04205
0.00677498,24.873,0.0187221,2.30032
0.00650397,23.9642,0.0449184,5.51593
0.00964919,35.3785,0.0120665,1.48423
0.00720127,26.4212,0.0146329,1.7985
0.599796,2197.76,0.318652,39.3042
0.00464175,17.0409,0.0127127,1.56198
0.00547552,20.1289,0.0234347,2.8784
0.00709582,26.0124,0.00755126,0.929174
0.00577828,21.2013,0.0120441,1.48027
0.00368811,13.5604,0.0165069,2.02744
0.00368965,13.5285,0.00476956,0.586639
0.0112214,41.2465,0.0464052,5.69991
0.00969836,35.5837,0.0199084,2.44687
0.0038151,14.0291,0.0176584,2.16883
0.00599614,22.0084,0.0149013,1.83106
0.00449301,16.4956,0.0125174,1.53796
0.00987791,36.2691,0.028633,3.5179
0.00630392,23.1499,0.0193673,2.37937
0.00213892,7.85297,0.00601393,0.738902
0.00635331,23.3293,0.0188987,2.32187
0.00330587,12.1892,0.0255133,3.13288
0.00697252,25.5807,0.0137686,1.69234
0.00513849,18.8444,0.00776828,0.955197
0.011247,41.2315,0.0124349,1.52997
0.00998586,36.6184,0.0142185,1.74851
0.00425297,15.6142,0.0118291,1.4534
0.00577027,21.2568,0.0385888,4.73871
0.00941002,34.5591,0.0297681,3.65709
0.00882646,32.4259,0.0310214,3.81075
0.0058382,21.4125,0.00944254,1.16094
0.00348448,12.7926,0.00963536,1.18387
0.00162798,5.96952,0.00221636,0.272578
0.00341898,12.5989,0.0240938,2.95866
0.00243334,8.93292,0.00653196,0.802584
0.00518835,19.0661,0.0199968,2.4563
0.00386273,14.196,0.0152646,1.875
0.00665729,24.4803,0.0307234,3.77349
0.00376029,13.802,0.00940372,1.15552
0.0145034,53.1582,0.0124905,1.53781
0.00509596,18.7433,0.0248713,3.05464
0.00553434,20.3744,0.0328558,4.0349
0.00665379,24.4141,0.0140003,1.72068
0.00487541,17.8731,0.00531737,0.654257
0.00495632,18.2067,0.0169707,2.08476
0.00402347,14.7673,0.00984965,1.21034
0.00247192,9.08913,0.0111929,1.37474
0.00345207,12.6562,0.00408914,0.503041
0.00207016,7.62549,0.0136369,1.67463
0.00457501,16.7867,0.00964374,1.18524
0.00441486,16.2606,0.0285849,3.51028
0.00191304,7.03857,0.0100435,1.23347
0.00394898,14.518,0.0171891,2.11126
0.00590206,21.6892,0.0228477,2.80648
0.00833673,30.6018,0.0215008,2.64191
0.00869807,31.9531,0.030245,3.7154
0.00261915,9.60021,0.00238912,0.294097
0.00459378,16.8934,0.0215374,2.64523
0.00314128,11.5752,0.022007,2.70241
0.00581501,21.4197,0.0382884,4.70185
0.00379376,13.9424,0.0149862,1.8408
0.00397255,14.5595,0.00316328,0.389552
0.0184281,67.6436,0.0473324,5.816
0.0120342,44.1336,0.0183235,2.25305
0.00644575,23.648,0.0126791,1.55842
0.00332572,12.2352,0.0171606,2.10756
0.00217208,7.97733,0.00692534,0.85079
0.0124346,45.6114,0.0218467,2.68566
0.00513259,18.8459,0.0149963,1.84246
0.00430331,15.8513,0.0283505,3.48147
0.011008,40.3701,0.0168051,2.06635
0.00409007,15.0023,0.00704709,0.86634
0.00877371,32.2055,0.0225176,2.76686
0.00357188,13.1157,0.010563,1.29777
0.00652865,24.0099,0.0309433,3.80044
0.00728735,26.7747,0.0265736,3.26429
0.0053482,19.6672,0.0249059,3.05896
0.00550478,20.2316,0.0220622,2.70993
0.00752319,27.6638,0.0345062,4.23812
0.00820788,30.1247,0.0198652,2.4411
0.0052371,19.2157,0.0109435,1.345
0.0132413,48.6129,0.0366522,4.50334
0.0041131,15.1564,0.028877,3.54604
0.00643155,23.6523,0.0303273,3.7248
0.00569229,20.9098,0.0193694,2.37945
0.00287631,10.5778,0.0135844,1.66844
0.00588536,21.6129,0.0181087,2.22475
0.00792018,29.1133,0.0331148,4.06744
0.00391785,14.3993,0.0157393,1.93328
0.00731464,26.8518,0.0194167,2.38577
0.0030261,11.1101,0.00846086,1.03955
0.00565335,20.7641,0.0183969,2.26005
0.00469393,17.221,0.00924736,1.13662
0.0215863,79.2522,0.0603713,7.41756
0.00336132,12.3164,0.00174828,0.215664
0.0100065,36.7868,0.0432367,5.31059
0.00661572,24.3504,0.0377082,4.63089
0.00652408,23.9809,0.0271002,3.32868
0.00745214,27.376,0.0258762,3.17873
0.00452441,16.5959,0.00793122,0.975006
0.00289153,10.6091,0.00593338,0.72925
0.00378641,13.8863,0.00582621,0.716377
0.0056198,20.6057,0.00730412,0.898372
0.00570094,20.9429,0.019815,2.43415
0.00738476,27.2047,0.0495045,6.07916
0.00383417,14.0607,0.00567873,0.698288
0.00827181,30.324,0.00897009,1.10371
0.0039566,14.5312,0.0125832,1.54587
0.00608613,22.4082,0.0368912,4.53043
0.00337813,12.4356,0.0198142,2.43332
0.00489205,17.967,0.0156269,1.91978
0.00715489,26.2594,0.0171424,2.10654
0.00724915,26.6759,0.039456,4.84563
0.00795967,29.2242,0.022554,2.77107
0.00549924,20.2648,0.038802,4.7648
0.00398496,14.6491,0.01699,2.08683
0.0077092,28.3148,0.0250399,3.07616
0.007806,28.6304,0.0128411,1.57875
0.00907798,33.2962,0.0151227,1.85922
0.00495043,18.2389,0.0338119,4.15207
0.00692637,25.4368,0.021643,2.65892
0.00651566,23.9243,0.0190437,2.33973
0.00729461,26.7462,0.00933717,1.14846
0.00935322,34.3936,0.0430587,5.28853
0.0104127,38.2533,0.0365956,4.49551
0.00750929,27.557,0.0170094,2.09032
0.00346644,12.7321,0.0113797,1.39799
0.00421657,15.4743,0.00976555,1.20008
0.00658717,24.1745,0.0153822,1.89029
0.00708585,25.9927,0.0127983,1.57326
0.00218682,8.018,0.00275671,0.339083
0.00378327,13.9345,0.0245172,3.01075
0.00887466,32.6519,0.046515,5.71266
0.00606898,22.2989,0.0223495,2.74538
0.00519321,19.1135,0.029264,3.59388
0.00251593,9.23444,0.00622285,0.764667
0.00571607,20.9761,0.0128669,1.58125
0.00323239,11.9152,0.0239797,2.9446
0.00781457,28.7691,0.0464398,5.70309
0.00891157,32.6679,0.00922152,1.13477
0.00536693,19.7069,0.0158403,1.94614
0.00426399,15.6392,0.00702329,0.863472
0.0138104,50.632,0.0161822,1.99076
0.00392849,14.4016,0.00424644,0.5225
0.0043933,16.1299,0.0123732,1.52024
0.00618268,22.825,0.056665,6.95776
0.00543147,19.9136,0.00656409,0.807471
0.00220958,8.11285,0.00635174,0.780392
0.00268343,9.86825,0.0125939,1.54679
0.00908716,33.3484,0.0209214,2.57103
0.00794339,29.141,0.0151876,1.86682
0.0139234,51.1287,0.042101,5.17241
0.00424637,15.5771,0.0077747,0.955705
0.0021759,7.97612,0.00216604,0.266573
0.0152462,55.9341,0.0298181,3.66507
0.00575031,21.1027,0.0132296,1.62579
0.00816838,29.9908,0.023243,2.85572
0.00244459,9.00402,0.0158839,1.95057
0.0065561,24.1068,0.0298053,3.66076
0.00671045,24.6285,0.0161554,1.98524
0.0106066,38.9853,0.0434979,5.34285
0.0131066,48.0234,0.00651532,0.8039
0.0055401,20.3477,0.0178893,2.19771
0.00884514,32.5372,0.0444625,5.4607
0.00775703,28.4407,0.00960861,1.18193
0.00945101,34.7483,0.0420009,5.15871
0.00662228,24.2842,0.00946332,1.16374
0.00574165,21.1073,0.024613,3.02313
0.00572889,21.0573,0.0235868,2.89716
0.00659312,24.1939,0.0146415,1.79936
0.00423221,15.5544,0.0169125,2.0774
0.00333878,12.2536,0.00793112,0.974621
0.00802019,29.4355,0.0193003,2.37169
0.00414236,15.2531,0.0256146,3.14558
0.00547829,20.1233,0.0185143,2.27441
0.00867598,31.8165,0.0128131,1.57558
0.00177312,6.51697,0.00718398,0.882415
0.0027,9.94156,0.0165446,2.03175
0.0074213,27.239,0.0183464,2.25442
0.00544489,19.9851,0.0135388,1.66364
0.00410036,15.0496,0.0100453,1.23439
0.00804502,29.5048,0.0125309,1.54074
0.00238219,8.74002,0.00479206,0.58899
0.00318106,11.6846,0.0106628,1.30989
0.00490797,18.0144,0.0122153,1.501
0.00484501,17.7681,0.00731534,0.899505
0.00551798,20.338,0.0402139,4.93812
0.00437245,16.0778,0.0199597,2.45149
0.0043208,15.8655,0.012713,1.56192
0.0102404,37.6447,0.0436171,5.35736
0.00656879,24.1563,0.030766,3.77869
0.00699582,25.6751,0.0165966,2.03949
0.00683825,25.0898,0.0140388,1.72545
0.0089817,32.9492,0.016872,2.07392
0.00694444,25.5073,0.0229832,2.82345
0.0091917,33.7137,0.0154308,1.89707
0.00436521,16.0805,0.0291273,3.57685
0.00580847,21.3854,0.0350624,4.30585
0.00651306,23.9006,0.0146039,1.79473
0.00387766,14.2157,0.00434206,0.534221
0.00530719,19.4738,0.0113694,1.3973
0.00418731,15.3794,0.0136058,1.67147
0.00606083,22.258,0.0188816,2.31968
0.00329071,12.1147,0.0195822,2.40481
0.00253266,9.30512,0.00917038,1.12649
0.00645717,23.7736,0.038912,4.7786
0.00671956,24.6667,0.0176744,2.17171
0.00504521,18.526,0.0150223,1.84563
0.00362327,13.2932,0.00720396,0.885449
0.00585252,21.5224,0.027448,3.37117
0.00836416,30.7226,0.0278645,3.42309
0.00639955,23.473,0.0108792,1.33747
0.00709295,26.0252,0.0148231,1.82182
0.00627202,23.0285,0.0179449,2.20476
0.0045721,16.7619,0.00520541,0.640419
0.00483421,17.7627,0.0180041,2.21158
0.00789068,29.0492,0.0468771,5.75679
0.00413646,15.1947,0.0140733,1.72884
0.00931209,34.1429,0.0117483,1.44508
0.00495579,18.1801,0.00927791,1.14045
0.00333459,12.2274,0.00456578,0.561513
0.0118972,43.7116,0.0432417,5.31179
0.00353819,12.971,0.00390155,0.48004
0.00243531,8.97498,0.0174332,2.14075
0.00403812,14.8529,0.0198383,2.43649
0.00512529,18.8049,0.010518,1.29273
0.0121131,44.6371,0.0854288,10.4905
0.00378544,13.8894,0.00791124,0.972321
0.00783663,28.8318,0.0407723,5.00739
0.00782437,28.7475,0.0284527,3.49512
0.00667313,24.5264,0.026986,3.31471
0.00677259,24.8287,0.00757234,0.931659
0.00918772,33.7562,0.0332856,4.0888
0.00448513,16.5067,0.0250429,3.07551
0.0119089,43.6879,0.0224358,2.75781
0.00505479,18.544,0.00966816,1.18839
0.00427015,15.6568,0.00547223,0.673077
0.0045056,16.5231,0.00671512,0.82572
0.00364972,13.382,0.00467672,0.575231
0.00559983,20.5685,0.0185573,2.27972
0.0075203,27.5869,0.013757,1.69108
0.00577174,21.1533,0.0045054,0.554868
0.00476082,17.5367,0.0314052,3.85658
0.00282704,10.3739,0.00622308,0.764793
0.00454256,16.7036,0.0208485,2.56064
0.0109804,40.274,0.018344,2.25524
0.00381161,14.0184,0.0183013,2.24774
0.00260539,9.57055,0.0088817,1.09108
0.00430951,15.8416,0.0181722,2.23205
0.00444099,16.2874,0.00698598,0.858948
0.00423015,15.5132,0.00637069,0.783353
0.00875343,32.2065,0.0460771,5.65886
0.00362764,13.3279,0.0130636,1.60474
0.0112986,41.5173,0.0427161,5.2471
0.00571887,21.0107,0.0204705,2.51462
0.00497158,18.2653,0.0178223,2.18931
0.00302497,11.1221,0.0135258,1.66128
0.00230629,8.46618,0.00608137,0.747233
0.00643304,23.6114,0.0158096,1.9427
0.0049395,18.174,0.0260315,3.197
0.00350434,12.8551,0.00641051,0.788013
0.00794518,29.1283,0.00913911,1.12435
0.00393629,14.442,0.00794623,0.976663
0.00409878,15.0276,0.00499122,0.613977
0.0086137,31.5859,0.0120215,1.47839
0.00616566,22.6798,0.0307454,3.77603
0.00944128,34.6631,0.0264952,3.25534
0.00676716,24.8514,0.0209165,2.56969
0.00384834,14.1166,0.00693167,0.852095
0.00502931,18.5,0.0251233,3.08554
0.00469898,17.283,0.0228697,2.80881
0.00846398,31.0383,0.0122671,1.50849
0.0046141,16.9175,0.00576774,0.70946
0.00651567,23.9195,0.0175275,2.15361
0.00455006,16.7094,0.014069,1.72845
0.00424667,15.6167,0.019812,2.43332
0.00648966,23.8644,0.0300921,3.69595
0.00551973,20.2709,0.0172272,2.11643
0.00543584,19.9507,0.0131607,1.61723
0.00334581,12.2996,0.0143006,1.7565
0.0103794,38.0987,0.0263656,3.23972
0.00462802,16.9996,0.0155108,1.90546
0.00374336,13.7191,0.00284583,0.350512
0.00599757,22.0343,0.0213789,2.62622
0.00706464,25.8927,0.00581048,0.715478
0.00744802,27.3348,0.0176881,2.17361
0.00427109,15.6548,0.00377012,0.464138
0.00650438,23.8699,0.0149276,1.83445
0.00623417,22.8464,0.00435293,0.536297
0.00818387,30.0501,0.0240599,2.956
0.00259119,9.51479,0.00770805,0.947003
0.00663978,24.4,0.0256516,3.1509
0.00563016,20.6619,0.0130164,1.59958
0.0100451,36.9415,0.0474214,5.82429
0.00313047,11.4988,0.010499,1.28977
0.00214805,7.89374,0.00831274,1.02109
0.00613035,22.59,0.0431029,5.29294
0.00675268,24.7642,0.0102077,1.25515
0.00476573,17.4916,0.0116482,1.43136
0.0128471,47.112,0.0186583,2.2944
0.00336833,12.3625,0.00816792,1.0037
0.00670631,24.6329,0.0222816,2.73724
0.00708574,26.0229,0.0223784,2.74925
0.00673561,24.781,0.0350433,4.30379
0.0176651,64.8861,0.0588029,7.2238
0.0038838,14.2787,0.017001,2.08814
0.00508182,18.6377,0.00802106,0.986209
0.0122375,45.0018,0.0570357,7.00517
0.00301116,11.0487,0.00639216,0.785605
0.00625723,22.9942,0.0241558,2.96717
0.00277099,10.2023,0.0167833,2.06108
0.00509866,18.7094,0.0111571,1.37118
0.0092712,34.0783,0.0384085,4.71768
0.0037109,13.6553,0.0200971,2.46815
0.00510877,18.7918,0.0253712,3.11601
0.00411709,15.1712,0.0289532,3.55539
0.00273562,10.0383,0.00598283,0.735272
0.00744884,27.3262,0.0140877,1.73165
0.00911449,33.4935,0.0350245,4.30223
0.00751021,27.6037,0.0305969,3.75823
0.00257959,9.47231,0.00770051,0.946073
0.00259106,9.4958,0.00191203,0.235523
0.00300632,11.0457,0.0110093,1.35237
0.00505287,18.5746,0.0214638,2.63634
0.00626327,23.0489,0.0343838,4.22269
0.00513949,18.9203,0.0303705,3.7297
0.00570428,20.9476,0.017447,2.14347
0.00452434,16.6252,0.017199,2.11266
0.00263589,9.69369,0.0124523,1.52938
0.00401749,14.7459,0.00997779,1.22607
0.00718209,26.3537,0.0154633,1.90043
0.0027017,9.92634,0.00983469,1.20809
0.00160349,5.89099,0.00570665,0.701014
0.00700966,25.7483,0.0236472,2.90497
0.00962809,35.3343,0.0224126,2.75425
0.00316902,11.6204,0.00435092,0.535087
0.00367911,13.4888,0.00442249,0.544032
0.00297686,10.9246,0.00686905,0.844134
0.00642322,23.5799,0.0172106,2.11468
0.00320453,11.7522,0.00490303,0.60287
0.00678603,24.8706,0.00530567,0.653423
0.00508746,18.6686,0.0112359,1.38084
0.00241892,8.88187,0.00708395,0.870338
0.00635782,23.3534,0.0212816,2.61438
0.0024,8.80929,0.00605066,0.743493
0.00757544,27.8195,0.0233448,2.86804
0.0169367,62.2491,0.0684191,8.40399
0.00223307,8.23528,0.0177462,2.17911
0.00496288,18.2531,0.0239849,2.94579
0.00277935,10.1867,0.00232284,0.28601
0.0020288,7.45126,0.00651791,0.800733
0.00435516,15.9798,0.00911278,1.11999
0.0096027,35.2076,0.011873,1.46047
0.00512339,18.8295,0.0204012,2.50592
0.00510484,18.721,0.00770553,0.947485
0.0185167,67.9626,0.0455219,5.59378
0.00433454,15.9484,0.0229295,2.81603
0.00586091,21.5119,0.0145162,1.78376
0.00423833,15.5934,0.0221001,2.7142
0.00401351,14.7442,0.014012,1.72128
0.00776725,28.5146,0.0210315,2.58413
0.00618232,22.7185,0.0237479,2.91708
0.00394715,14.5284,0.0225495,2.76927
0.0123373,45.2242,0.0122483,1.5074
0.0106618,39.1239,0.02355,2.89419
0.00671278,24.6737,0.0276299,3.39377
0.005993,21.9987,0.0154871,1.90298
0.00245577,9.0373,0.0134934,1.65713
0.0042149,15.5062,0.0216663,2.66094
0.00333903,12.2661,0.0115857,1.42324
0.00809595,29.7592,0.0337827,4.14948
0.00494189,18.1276,0.00877962,1.07928
0.0113855,41.8324,0.0417246,5.1254
0.00862035,31.6234,0.0161293,1.98264
0.00508637,18.6769,0.0150705,1.85155
0.00637629,23.396,0.0134584,1.65407
0.00205509,7.5599,0.0103816,1.27502
0.00653743,24.0074,0.0200732,2.46611
0.00206006,7.55443,0.00297703,0.366088
0.0033713,12.3661,0.00587112,0.721759
0.00364435,13.3825,0.0110172,1.35354
0.00810141,29.7785,0.0335783,4.12439
0.00773262,28.4179,0.0304707,3.74281
0.00144141,5.28429,0.00161089,0.198195
0.00506117,18.5593,0.00714791,0.879021
0.00496677,18.2402,0.0154935,1.90344
0.00339932,12.523,0.0228566,2.80678
0.0035848,13.1822,0.0165675,2.03484
0.00306133,11.2484,0.0113857,1.3986
0.00405795,14.9293,0.0210031,2.57948
0.00688005,25.2691,0.022232,2.73121
0.00549469,20.1694,0.0141625,1.74022
0.00728963,26.7413,0.0135131,1.66107
0.00433365,15.8956,0.0074165,0.911763
0.00379501,13.9349,0.0111776,1.37328
0.00648254,23.8681,0.0394179,4.84072
0.0206087,75.5885,0.0343328,4.22095
0.00872091,32.0336,0.0292497,3.59323
0.00398533,14.6416,0.0142281,1.74779
0.00698871,25.6357,0.0124014,1.52451
0.00713935,26.2074,0.018659,2.2927
0.00545674,20.0305,0.01418,1.74236
0.00917249,33.6436,0.015488,1.90409
0.00417711,15.3436,0.0140941,1.7314
0.00277457,10.1844,0.00707643,0.869528
0.00579832,21.3159,0.0249503,3.06456
0.00860674,31.5817,0.0186735,2.29494
0.00552497,20.3416,0.0333358,4.09381
0.00744873,27.3487,0.0212618,2.61229
0.00439369,16.1192,0.00857473,1.05396
0.00460661,16.9123,0.0127163,1.56242
0.00333379,12.2717,0.0193469,2.37594
0.00624051,22.9146,0.0184319,2.26454
0.00563186,20.6507,0.00756581,0.930499
0.00621236,22.8486,0.030023,3.68737
0.00441545,16.2105,0.01219,1.49775
0.00302872,11.1308,0.0119552,1.46849
0.00479656,17.5816,0.00448299,0.551811
0.00726358,26.6891,0.0270379,3.32128
0.00412021,15.102,0.00369708,0.455125
0.00335073,12.2807,0.00273756,0.337098
0.00786745,28.9275,0.0354055,4.34862
0.00523882,19.2473,0.0188519,2.31578
0.00226948,8.34719,0.0110412,1.35606
0.00417992,15.3238,0.00467282,0.574919
0.00323927,11.9097,0.014368,1.76474
0.00362665,13.3098,0.0085319,1.04846
0.00400018,14.6758,0.00788052,0.968618
0.0029269,10.7599,0.0125601,1.54271
0.00447634,16.4584,0.0199903,2.45529
0.00668873,24.6021,0.0327767,4.02555
0.00599075,21.977,0.0112578,1.38382
0.00609278,22.3707,0.0175488,2.15609
0.00498815,18.2985,0.00923878,1.13566
0.00353352,12.9718,0.00950773,1.16822
0.00367532,13.5062,0.0142031,1.74463
0.00468689,17.205,0.0123257,1.51449
0.00299995,11.0126,0.00794026,0.975637
0.00290757,10.7142,0.0204216,2.50773
0.0059958,21.9986,0.0122275,1.50285
0.00850919,31.2642,0.0311269,3.8236
0.00433654,15.9478,0.0204341,2.50971
0.00323394,11.8809,0.0114693,1.40891
0.00612923,22.5118,0.0199066,2.44553
0.00548637,20.2527,0.0497639,6.1104
0.00615641,22.5645,0.00523282,0.644283
0.00476328,17.5118,0.0207894,2.55346
0.013208,48.7099,0.105076,12.9026
0.00651686,23.9122,0.0138641,1.70391
0.00329194,12.1298,0.0229017,2.81229
0.00489996,18.0299,0.0262536,3.22425
0.00882713,32.3787,0.0154848,1.90359
0.0123046,45.0941,0.00903261,1.11265
0.0107948,39.5718,0.0112436,1.38359
0.0163893,60.0934,0.0213153,2.62167
0.00766996,28.1213,0.00946293,1.16402
0.00538208,19.7605,0.015247,1.87331
0.00434018,15.9252,0.00918895,1.12934
0.0061891,22.6937,0.00820163,1.00872
0.00428726,15.7737,0.0224424,2.75622
0.00201641,7.40191,0.00527166,0.647747
0.006106,22.4038,0.0127223,1.56362
0.00861108,31.6592,0.037976,4.66438
0.00937779,34.4298,0.0262424,3.22429
0.00586613,21.5197,0.0109851,1.3503
0.00482853,17.7403,0.017495,2.14909
0.00246918,9.07009,0.00837956,1.02939
0.0071611,26.2705,0.013486,1.6577
0.00830187,30.4607,0.01731,2.12746
0.00785403,28.8014,0.0113108,1.39091
0.00444247,16.3033,0.0102677,1.26179
0.00643751,23.6492,0.0225046,2.76454
0.00637393,23.4026,0.0182015,2.2363
0.00333366,12.2665,0.0178648,2.194
0.00656015,24.0591,0.0102454,1.25972
0.00767637,28.1878,0.0229416,2.81857
0.00834919,30.7006,0.0381442,4.68495
0.00686869,25.2132,0.017776,2.18422
0.00456985,16.7859,0.0153176,1.88172
0.00693813,25.4706,0.0187112,2.29904
0.00346082,12.6896,0.00452984,0.557141
0.00950039,34.9116,0.0365137,4.48516
0.00522611,19.223,0.0258227,3.17146
0.0105639,38.785,0.0296455,3.6424
0.00642443,23.5993,0.0219101,2.69156
0.00242866,8.90648,0.00361267,0.444231
0.00483259,17.743,0.0137024,1.68353
0.00427368,15.7129,0.0189908,2.33253
0.00730619,26.8286,0.0218603,2.68573
0.00635018,23.3659,0.0339716,4.17212
0.00582507,21.4204,0.0269673,3.31216
0.00603681,22.1407,0.00969454,1.19193
0.0100234,36.7451,0.0108211,1.33147
0.00625667,22.9529,0.0118855,1.46096
0.00403589,14.8318,0.0157856,1.93901
0.0027942,10.2408,0.00220713,0.271811
0.00799829,29.3814,0.0274824,3.37607
0.00474399,17.4381,0.0198189,2.43433
0.00593788,21.7636,0.00507575,0.624932
0.00528098,19.3869,0.0142177,1.74693
0.00339756,12.4671,0.00737476,0.906344
0.00252584,9.26169,0.00339996,0.418151
0.00362326,13.3113,0.012891,1.58355
0.00604163,22.185,0.0180494,2.21752
0.00848296,31.1055,0.0115303,1.41804
0.00342261,12.5578,0.00706583,0.86843
0.00281255,10.3125,0.00362602,0.44599
0.00414914,15.2322,0.0112767,1.38556
0.008338,30.6034,0.0205486,2.52503
0.0145562,53.4138,0.031883,3.91832
0.0074231,27.2712,0.0263598,3.23809
0.00330926,12.2309,0.0346862,4.25889
0.00403851,14.848,0.017848,2.19217
0.00439969,16.1621,0.0151282,1.85842
0.0108872,39.9348,0.0189533,2.33
0.00277506,10.1834,0.00618891,0.760581
0.006037,22.1724,0.0194148,2.38513
0.0100746,37.0221,0.0388878,4.77677
0.00601021,22.1047,0.028932,3.55339
0.0089788,32.9823,0.0305376,3.75141
0.00411243,15.1365,0.0234125,2.87525
0.00520591,19.1374,0.0221786,2.72413
0.0073709,27.027,0.00976998,1.20161
0.0100245,36.8746,0.0501312,6.15692
0.00545678,20.0636,0.0244907,3.00803
0.00432298,15.8735,0.0127121,1.56182
0.00497346,18.3492,0.0419503,5.1511
0.00393812,14.471,0.0149388,1.83502
0.0105474,38.7064,0.0239888,2.94802
0.00975708,35.8007,0.0205218,2.52219
0.00604404,22.1942,0.0181658,2.23182
0.00696993,25.5504,0.00723841,0.890731
0.0104828,38.4702,0.0241501,2.96779
0.00888011,32.572,0.0152675,1.87693
0.00301827,11.0813,0.0084436,1.03743
0.00510489,18.7289,0.0101322,1.24537
0.00363665,13.3498,0.00961089,1.18091
0.00833431,30.6316,0.0336028,4.12747
0.00286608,10.5157,0.00584781,0.718739
0.00613353,22.5213,0.0179575,2.20626
0.00504835,18.5203,0.00964317,1.18532
0.00314318,11.5615,0.0155459,1.9093
0.00289826,10.639,0.00758401,0.931874
0.00677506,24.9265,0.0353653,4.34334
0.0160291,58.7506,0.0138751,1.70825
0.00164625,6.05541,0.00815711,1.00183
0.00741653,27.3255,0.0508942,6.24976
0.00484761,17.8125,0.018233,2.23969
0.00617682,22.6694,0.0146786,1.80378
0.00331795,12.1975,0.0142734,1.75315
0.00424104,15.5822,0.0155028,1.90435
0.00313367,11.4956,0.00583606,0.71738
0.00317399,11.649,0.00760936,0.935072
0.0109789,40.3765,0.0521149,6.40072
0.00433245,15.9195,0.0162684,1.99837
0.0068607,25.1425,0.00479369,0.590599
0.00522707,19.2062,0.0194678,2.39138
0.00605603,22.2151,0.0109564,1.34684
0.00558591,20.4843,0.00813022,0.999768
0.00385974,14.1688,0.010211,1.25465
0.005012,18.4289,0.0227075,2.78899
0.00665156,24.4443,0.0260023,3.19395
0.00620271,22.757,0.0124361,1.52853
0.0035469,13.0241,0.0105385,1.29475
0.00366086,13.4381,0.00948031,1.16489
0.00437463,16.0824,0.0188961,2.32094
0.00492887,18.0798,0.00873127,1.07334
0.00540192,19.8198,0.0110872,1.36269
0.00328275,12.082,0.0184569,2.26668
0.00969033,35.5143,0.00740909,0.912537
0.00535351,19.699,0.0287669,3.53291
0.00584504,21.5447,0.0430118,5.28168
0.00666893,24.5243,0.0311316,3.8236
0.0184027,67.593,0.0606196,7.44704
0.00726029,26.6107,0.00626044,0.770773
0.00486315,17.8715,0.0188838,2.31958
0.00469028,17.1978,0.00616318,0.758026
0.00441513,16.2135,0.0135261,1.66176
0.00598489,21.9397,0.0062949,0.774601
0.00635759,23.3777,0.0291665,3.58228
0.0137992,50.6264,0.0272325,3.34722
0.00246675,9.04439,0.00311449,0.383089
0.00853214,31.2863,0.011727,1.44221
0.0084278,30.8911,0.00765,0.941713
0.0042987,15.7703,0.0082528,1.01441
0.00987264,36.2586,0.0313887,3.85616
0.00700138,25.6874,0.0140859,1.73129
0.0065831,24.1473,0.0115221,1.41645
0.00358117,13.1461,0.00941902,1.15734
0.007171,26.2853,0.00678821,0.83553
0.00859731,31.5739,0.0270514,3.32335
0.00423097,15.5796,0.0261987,3.2173
0.00590077,21.6524,0.0128362,1.57754
0.00277812,10.2487,0.0231379,2.84113
0.00381806,14.0266,0.0134623,1.65374
0.00416809,15.2947,0.00912324,1.12122
0.0113194,41.5032,0.0144954,1.78291
0.00465265,17.1263,0.0269261,3.30672
0.00513682,18.8681,0.0171011,2.10083
0.00429756,15.8101,0.022019,2.70426
0.00364626,13.3858,0.00984938,1.21019
0.00433702,15.9151,0.00964027,1.18474
0.00496839,18.2442,0.014895,1.82997
0.0081468,29.8807,0.0135143,1.66148
0.0081106,29.7852,0.0251374,3.08825
0.00746694,27.4517,0.0326182,4.00634
0.0144065,53.0307,0.08368,10.2765
0.00765961,28.1568,0.0324394,3.98445
0.00651423,23.901,0.0133763,1.64403
0.00499259,18.3325,0.0147836,1.81631
0.005372,19.7073,0.0101563,1.2484
0.010788,39.6031,0.0289174,3.55309
0.00519787,19.0671,0.00937957,1.15301
0.00199085,7.32252,0.0097269,1.19463
0.00424723,15.6107,0.0173175,2.12711
0.00379803,13.9605,0.0157478,1.93429
0.00195963,7.20235,0.00790344,0.970788
0.0069197,25.3958,0.0164395,2.02017
0.00710332,26.102,0.0269982,3.31635
0.0135142,49.5187,0.00726318,0.89583
0.0093724,34.4157,0.0279881,3.43858
0.00607537,22.294,0.0134936,1.6583
0.00354702,13.0237,0.0102614,1.26074
0.00429745,15.7661,0.00838438,1.03056
0.00580759,21.301,0.0096422,1.18544
0.00824305,30.2089,0.00591097,0.728184
0.00543839,19.9691,0.016009,1.96686
0.00395818,14.5236,0.00839636,1.03193
0.00448102,16.4374,0.00806213,0.991061
0.00689528,25.3183,0.0201754,2.47877
0.00495247,18.1807,0.0132513,1.62819
0.00567233,20.8746,0.0312344,3.8359
0.00709751,26.0993,0.0327999,4.02852
0.0105936,38.8682,0.0216727,2.66372
0.00624411,22.9216,0.016469,2.02358
0.0115034,42.2921,0.0504521,6.19678
0.0038386,14.1248,0.0206585,2.5371
0.00785775,28.8555,0.0239979,2.94829
0.00599896,22.0117,0.0127092,1.56198
0.00524173,19.2595,0.0193273,2.37413
0.00599384,21.9891,0.0115121,1.41504
0.00477704,17.5526,0.0177629,2.18195
0.00838633,30.7703,0.0173775,2.13578
0.0108751,39.9069,0.0241037,2.96222
0.00713238,26.1468,0.00768581,0.945701
0.00559583,20.5598,0.0203948,2.50529
0.0071338,26.1851,0.0180424,2.217
0.0156218,57.2777,0.0198012,2.43557
0.00488981,17.9226,0.00430376,0.529839
0.0116745,42.9764,0.0684285,8.40349
0.00429704,15.786,0.015071,1.85137
0.00536821,19.7208,0.0187261,2.30038
0.00586998,21.5342,0.0111232,1.36726
0.00668729,24.5595,0.021116,2.59416
0.00430177,15.7942,0.0122136,1.50061
0.0051032,18.748,0.0180434,2.2165
0.00263798,9.70998,0.0151631,1.86214
0.00253732,9.34783,0.0171947,2.1115
0.00540596,19.9183,0.0372902,4.57919
0.00486021,17.8351,0.0108533,1.33381
0.00638508,23.5483,0.0510582,6.26956
0.00413105,15.1646,0.0108672,1.33529
0.00952604,34.9962,0.0335584,4.12239
0.00656933,24.1907,0.0409124,5.02419
0.00367633,13.4893,0.00776943,0.954879
0.00454802,16.7124,0.0173362,2.12951
0.00469595,17.245,0.014446,1.77477
0.00193109,7.11492,0.0132599,1.6283
0.0088406,32.4536,0.0235058,2.8882
0.00479812,17.5918,0.00586564,0.721536
0.0103522,37.9394,0.00769848,0.94827
0.00477557,17.5049,0.00453059,0.557646
0.00731677,26.8848,0.0273151,3.35532
0.00595243,21.8589,0.0182262,2.2392
0.00857193,31.5001,0.0330447,4.05904
0.00618827,22.6937,0.00915886,1.12623
0.00602557,22.0843,0.00494326,0.608697
0.00993486,36.4421,0.0174549,2.14577
0.00270268,9.94116,0.0133452,1.63901
0.00708063,26.03,0.0304621,3.74155
0.00515873,18.9293,0.01113,1.36786
0.00623348,22.9193,0.0279471,3.43256
0.0064613,23.7347,0.0220215,2.70525
0.00241257,8.88252,0.014561,1.78817
0.00267236,9.825,0.0117475,1.44288
0.00467442,17.2307,0.0346521,4.25512
0.00751593,27.581,0.0169122,2.07839
0.00666933,24.5147,0.0276728,3.39902
0.00515848,18.9659,0.022883,2.81058
0.00456686,16.7552,0.00913336,1.12259
0.00934589,34.2963,0.0210293,2.58435
0.00462506,16.9548,0.00487146,0.599442
0.00432546,15.878,0.011296,1.38798
0.00405607,14.8954,0.0125591,1.54295
0.00242633,8.9138,0.00857818,1.05376
0.00295963,10.9007,0.0191315,2.34938
0.0061256,22.5179,0.0259795,3.19099
0.00298385,10.9775,0.0154057,1.89204
0.00677185,24.8635,0.0193092,2.37239
0.00431246,15.8317,0.0117154,1.43946
0.00544539,19.993,0.015452,1.89849
0.0031309,11.5041,0.0116702,1.43354
0.00475309,17.445,0.0115517,1.4195
0.00313597,11.5055,0.00626493,0.770027
0.00908177,33.3127,0.0159221,1.95735
0.00482747,17.7524,0.0224885,2.76205
0.00398611,14.6229,0.00746654,0.917796
0.00785916,28.8871,0.0322797,3.96491
0.00604578,22.1937,0.0160124,1.96747
0.00423119,15.5302,0.0104938,1.28948
0.00505403,18.5629,0.0164746,2.0239
0.00378839,13.911,0.0113049,1.38891
0.00280336,10.2784,0.00349122,0.429441
0.0044964,16.5655,0.0305271,3.74871
0.00805269,29.5798,0.0272238,3.34434
0.00271725,9.98359,0.00992286,1.21892
0.00590728,21.686,0.0158659,1.94945
0.00570724,20.974,0.0223358,2.74358
0.00336711,12.3863,0.016991,2.08676
0.00402525,14.7736,0.00977229,1.20085
0.00589622,21.6429,0.0150762,1.8525
0.00456568,16.8287,0.03349,4.11243
0.00389176,14.3393,0.0268751,3.30023
0.00364503,13.3962,0.0144913,1.77999
0.007872,28.9291,0.030711,3.77235
0.0048235,17.724,0.0181649,2.23132
0.00583346,21.3824,0.00545744,0.671753
0.00476844,17.4823,0.00561743,0.691057
0.00717573,26.3992,0.0369921,4.54316
0.0069745,25.5927,0.0152434,1.87338
0.00589376,21.6195,0.0105492,1.29681
0.00194186,7.15115,0.0122521,1.5046
0.00503078,18.4563,0.00973686,1.19681
0.0038606,14.1579,0.00581184,0.714636
0.00498884,18.3058,0.0107437,1.3204
0.00811611,29.7806,0.0173663,2.13433
0.00618559,22.7281,0.023017,2.82736
0.00903161,33.2023,0.0388875,4.7764
0.00424712,15.5825,0.00861307,1.05862
0.00879554,32.4436,0.0720363,8.84545
0.00530239,19.4748,0.0171947,2.11238
0.00747354,27.4315,0.0187309,2.30163
0.00590747,21.6749,0.0121632,1.49494
0.00368586,13.5477,0.0151125,1.85627
0.00441585,16.2126,0.0123994,1.52346
0.00520378,19.085,0.00823156,1.01209
0.00575235,21.1295,0.0192794,2.36842
0.00567957,20.8719,0.0221051,2.71526
0.00554032,20.3136,0.00696448,0.856655
0.00877715,32.2094,0.019811,2.43463
0.00243012,8.9161,0.0049502,0.608417
0.008028,29.4422,0.0124467,1.5304
0.00886051,32.6633,0.0663239,8.14426
0.00233028,8.60353,0.02158,2.64975
0.00466029,17.1191,0.0159295,1.95686
0.00546662,20.1149,0.0292726,3.59502
0.00297766,10.9148,0.00286347,0.352436
0.0024642,9.06766,0.0133224,1.63614
0.0040512,14.8653,0.00871772,1.0714
0.00360389,13.2308,0.00988657,1.21474
0.00943842,34.6613,0.029195,3.58675
0.00575588,21.1495,0.0215167,2.64305
0.00516087,18.9163,0.00460481,0.566878
0.00297744,10.9486,0.0137022,1.68292
0.00471344,17.2908,0.00873868,1.07418
0.0047696,17.4841,0.00485858,0.597907
0.00677513,24.8948,0.025357,3.11478
0.00470323,17.2747,0.0153933,1.89106
0.00401529,14.7455,0.0123987,1.52324
0.0101803,37.3476,0.0195928,2.40828
0.00501693,18.4214,0.014702,1.80629
0.00617234,22.6257,0.00614678,0.756479
0.0061805,22.6804,0.0138984,1.70801
0.00557712,20.4564,0.0094931,1.16706
0.00555885,20.4807,0.0380368,4.67089
0.00516406,18.9469,0.0105189,1.29285
0.00554201,20.3249,0.00857333,1.05415
0.006706,24.6359,0.0235547,2.89353
0.00597744,21.9199,0.00863107,1.06137
0.00336742,12.3518,0.00585688,0.720011
0.00416276,15.2749,0.00903496,1.11038
0.00730098,26.7718,0.0100433,1.23514
0.00789869,29.0165,0.0274357,3.37031
0.00486863,17.8908,0.0186385,2.28946
0.00384107,14.0758,0.00247963,0.305591
0.00403476,14.8632,0.0269203,3.30583
0.00617235,22.68,0.0231199,2.83999
0.00927499,34.0209,0.0160901,1.97803
0.00658327,24.1893,0.024482,3.00731
0.0078492,28.8655,0.036913,4.53365
0.00527857,19.3775,0.0140454,1.72578
0.00432501,15.8821,0.0130828,1.60732
0.00253768,9.29999,0.00181092,0.223094
0.0036577,13.4695,0.0229402,2.81714
0.00453725,16.7141,0.0302059,3.7093
0.00406012,14.9059,0.0112086,1.37717
0.00501765,18.416,0.0122029,1.49953
0.0105089,38.5184,0.00928522,1.1431
0.00248578,9.15513,0.0159671,1.9608
0.00451288,16.5686,0.0125893,1.5468
0.0025527,9.36526,0.0050176,0.61673
0.00756908,27.7912,0.0217755,2.67539
0.00711426,26.1014,0.0142597,1.75266
0.00380962,13.9706,0.00562598,0.691805
0.00751072,27.6236,0.0362357,4.45041
0.0045725,16.822,0.0235832,2.89635
0.0042754,15.703,0.0139022,1.70788
0.00618555,22.6724,0.00561924,0.691725
0.00362563,13.3394,0.0189621,2.3288
0.00588343,21.6277,0.0249607,3.06585
0.00820373,30.1208,0.023425,2.87808
0.00589722,21.6884,0.0281415,3.45631
0.00335595,12.3324,0.0129407,1.58957
0.00123899,4.55372,0.00499489,0.613529
0.00610397,22.4445,0.0278247,3.41749
0.00459503,16.8901,0.0190503,2.33993
0.0130944,48.1349,0.0553828,6.80253
0.00813503,29.8704,0.0237849,2.92223
0.00999586,36.7045,0.0296866,3.64727
0.0042985,15.7722,0.00908571,1.11665
0.00504277,18.5162,0.0147606,1.81349
0.00414329,15.2165,0.0130789,1.60678
0.00632419,23.2531,0.0284437,3.49355
0.00601009,22.0599,0.0150407,1.84819
0.00919362,33.8705,0.0623026,7.65074
0.00555053,20.3931,0.0201418,2.47421
0.00346857,12.7483,0.0140112,1.72101
0.00484549,17.7899,0.0135742,1.6678
0.00559693,20.584,0.0267028,3.27961
0.00649058,23.812,0.0126485,1.55469
0.00355557,13.0605,0.0119882,1.47271
0.00540347,19.8277,0.0117791,1.44762
0.00859361,31.5293,0.0173347,2.13059
0.0103727,38.1822,0.0602805,7.40288
0.00541368,19.88,0.0164296,2.01849
0.00340426,12.4846,0.0051823,0.637214
0.00718705,26.3665,0.0137923,1.6953
0.00273851,10.0417,0.00372957,0.458678
0.00713191,26.2589,0.0433141,5.31919
0.010579,38.7979,0.0164271,2.01981
0.00380625,13.9772,0.0115387,1.41761
0.00410264,15.093,0.0210359,2.58351
0.00304734,11.1942,0.0104463,1.28328
0.00858423,31.517,0.0242481,2.97923
0.00188954,6.94838,0.00875955,1.07586
0.00651833,23.902,0.00900925,1.10797
0.00727157,26.6615,0.00922319,1.13446
0.00629504,23.1198,0.0201253,2.47243
0.00742211,27.2124,0.00910061,1.11946
0.00218766,8.07614,0.0199977,2.45547
0.00583023,21.4254,0.0226295,2.77968
0.00509325,18.6903,0.0113774,1.39822
0.00309575,11.3664,0.00885412,1.08785
0.0060241,22.1063,0.0135074,1.65997
0.00620319,22.8975,0.0558418,6.85671
0.00849025,31.2212,0.0393884,4.83772
0.00403089,14.8327,0.0218146,2.67908
0.00834891,30.7534,0.0549796,6.75154
0.00796363,29.3069,0.0439066,5.39218
0.00444532,16.3306,0.0155501,1.91022
0.00613064,22.4994,0.0144314,1.77343
0.00603563,22.2066,0.0316943,3.89247
0.00481612,17.7541,0.0360376,4.42524
0.00764072,28.0229,0.0121984,1.4998
0.0050973,18.7139,0.0141094,1.73358
0.00425205,15.6268,0.016828,2.06702
0.00617266,22.6518,0.0139572,1.71523
0.00786638,28.8781,0.0211685,2.60098
0.00431467,15.8355,0.0103688,1.27415
0.00382762,14.0458,0.00851722,1.04672
0.00825318,30.2819,0.0171657,2.10974
0.00207925,7.6268,0.00362377,0.445483
0.0023329,8.56842,0.00757608,0.930722
0.00479518,17.5919,0.00926904,1.13931
0.0124022,45.5944,0.0537683,6.60414
0.00427034,15.6764,0.0113857,1.39897
0.003348,12.2771,0.00473006,0.581684
0.00273456,10.0379,0.00709735,0.872083
0.00355548,13.0612,0.0122984,1.51079
0.00801106,29.4261,0.0268416,3.29741
0.00343622,12.6212,0.0113092,1.38932
0.00281719,10.3434,0.00798983,0.981664
0.00456347,16.7429,0.00914556,1.12408
0.00269063,9.88804,0.0105395,1.2946
0.0024995,9.19096,0.011454,1.4068
0.0229114,84.1088,0.0614192,7.54661
0.00375224,13.7758,0.0104121,1.2793
0.00300831,11.0832,0.0204362,2.50955
0.00713431,26.148,0.00585264,0.720675
0.0074648,27.5027,0.0510261,6.26597
0.00606616,22.2959,0.0246248,3.02469
0.00948005,34.7816,0.0191267,2.35085
0.00662714,24.3166,0.0140295,1.72425
0.00884656,32.4504,0.0156498,1.92384
0.00903084,33.1193,0.0137836,1.69482
0.00268026,9.84771,0.00979608,1.20334
0.00754695,27.6841,0.0136277,1.67522
0.0060246,22.1311,0.0207079,2.54385
0.00228776,8.40024,0.00668679,0.821545
0.00433795,15.9133,0.00803992,0.98829
0.00304027,11.1502,0.00477146,0.586668
0.00560924,20.5665,0.00713148,0.877177
0.00477103,17.5289,0.0172532,2.11938
0.00814959,29.8872,0.0123687,1.52086
0.00279488,10.2729,0.0114975,1.41223
0.000963242,3.53551,0.00239468,0.294257
0.00404844,14.8865,0.0185109,2.27354
0.00409171,15.0426,0.017776,2.18334
0.00280789,10.3192,0.0110818,1.36121
0.0034952,12.827,0.00811748,0.997546
0.00428534,15.7533,0.0182557,2.24229
0.00485866,17.8381,0.0135765,1.66809
0.00879024,32.2389,0.0140134,1.72295
0.00537836,19.8179,0.0375026,4.60525
0.0103559,37.9733,0.0140402,1.72674
0.00566356,20.7726,0.0093571,1.15039
0.00612762,22.4872,0.0140583,1.72763
0.00614627,22.5698,0.0185427,2.2781
0.00525753,19.2953,0.0124228,1.52659
0.00753035,27.5963,0.00516768,0.636718
0.00418277,15.3531,0.0105756,1.29951
0.00409314,15.0086,0.00547965,0.673932
0.00473886,17.4544,0.0308089,3.78338
0.0041399,15.1892,0.00841558,1.03434
0.00879196,32.2906,0.0282436,3.46975
0.00635601,23.33,0.0160435,1.97139
0.00375538,13.8062,0.0163229,2.00487
0.00601182,22.1353,0.0366639,4.50251
0.00604399,22.2365,0.0314625,3.86403
0.00502712,18.4581,0.0145249,1.78456
0.00703634,25.7852,0.00460213,0.56714
0.0157537,58.2862,0.184269,22.6245
0.00419096,15.3781,0.00902607,1.1093
0.00411318,15.084,0.00611758,0.752247
0.00813244,29.8313,0.0145163,1.78448
0.00854651,31.3251,0.00741367,0.91274
0.00653517,24.0216,0.0271317,3.33256
0.00310512,11.3925,0.00627657,0.771446
0.00539674,19.8341,0.0215029,2.64125
0.00487116,17.8815,0.0128379,1.57742
0.0069105,25.3443,0.0108672,1.33616
0.00743706,27.3127,0.0233563,2.86941
0.00449284,16.5091,0.016952,2.08233
0.00379066,13.9072,0.00751536,0.923726
0.00148675,5.47283,0.00864645,1.06185
0.00581616,21.3801,0.0245897,3.02029
0.00432063,15.8579,0.0105322,1.29421
0.00379769,13.9413,0.0101268,1.2443
0.00416074,15.2729,0.0107132,1.31639
0.00595061,21.8356,0.0130175,1.59981
0.00422261,15.5135,0.0150978,1.85463
0.00360868,13.2557,0.012216,1.50068
0.00408082,14.99,0.0137863,1.6936
0.00920539,33.7929,0.0245255,3.01347
0.00707116,25.9206,0.00707138,0.870259
0.00530765,19.504,0.0202867,2.49192
0.00272802,10.0113,0.00625643,0.768855
0.00665979,24.4228,0.00984451,1.21054
0.00302872,11.103,0.0032362,0.398207
0.00468465,17.2242,0.0209028,2.56736
0.0103549,38.0057,0.0253147,3.11071
0.00345344,12.674,0.00810575,0.996093
0.00647718,23.9046,0.0569765,6.99609
0.00452734,16.6204,0.0122401,1.50394
0.00779658,28.6253,0.0220527,2.70949
0.00412447,15.142,0.0113232,1.39125
0.00376896,13.826,0.00697384,0.857247
0.00639247,23.5159,0.0324336,3.98334
0.00225167,8.28084,0.0106859,1.31243
0.00419837,15.4044,0.00874664,1.075
0.00433244,15.9098,0.013235,1.62601
0.00646612,23.7916,0.0342948,4.21182
0.00318419,11.7327,0.0221258,2.71702
0.0128342,47.2579,0.0791308,9.71759
0.00170157,6.24807,0.00503929,0.619125
0.0120576,44.4483,0.0900442,11.057
0.00620482,22.7551,0.00940356,1.15627
0.00785477,28.8166,0.0152238,1.87124
0.0159102,58.356,0.0266274,3.2736
0.00386161,14.1849,0.0131083,1.61031
0.00866952,31.7954,0.0135985,1.67198
0.00477811,17.5336,0.0106156,1.3046
0.00574627,21.1425,0.0303234,3.7241
0.00396459,14.5684,0.015072,1.85139
0.00355315,13.0657,0.0164041,2.01477
0.00378269,13.8794,0.00795285,0.977427
0.00564443,20.7011,0.00891429,1.09603
0.00837652,30.763,0.0263404,3.236
0.00191901,7.03955,0.00350795,0.431215
0.00764154,28.0674,0.0251672,3.09176
0.0095634,35.0647,0.0121798,1.49812
0.00501881,18.4266,0.0141882,1.74323
0.00221519,8.13479,0.00679715,0.835069
0.0110019,40.3439,0.0155064,1.90692
0.00588303,21.5796,0.0103665,1.27437
0.00701514,25.7738,0.0253567,3.11482
0.00525802,19.3454,0.0275522,3.38378
0.0049577,18.2165,0.0184926,2.27158
0.0150596,55.1966,0.0129012,1.5884
0.00484812,17.7989,0.0133707,1.64282
0.00732218,26.8964,0.0247554,3.04111
0.00425535,15.6256,0.0126558,1.55488
0.00759125,27.8338,0.00971245,1.19462
0.0050736,18.6098,0.00872067,1.07209
0.00985758,36.1388,0.0111525,1.37211
0.0132196,48.6316,0.0673651,8.27344
0.00609686,22.3677,0.0119043,1.46321
0.00255931,9.4088,0.0110716,1.35988
0.00445333,16.339,0.0090152,1.10805
0.00371424,13.6716,0.0213715,2.62459
0.00439914,16.1424,0.00959925,1.17972
0.00561962,20.6334,0.0161753,1.98733
0.00697535,25.6408,0.0293462,3.60453
0.00328725,12.0518,0.00386704,0.475725
0.0031141,11.4166,0.00353097,0.434418
0.00506613,18.6011,0.0145595,1.78882
0.00822869,30.3047,0.0523515,6.4289
0.00714961,26.2585,0.0229037,2.81375
0.0047203,17.3058,0.00555463,0.683334
0.00338422,12.4494,0.0171476,2.10599
0.00583044,21.4001,0.0144647,1.77742
0.00747201,27.4184,0.0163832,2.01345
0.00865641,31.8423,0.043309,5.31904
0.00654054,23.9753,0.00647799,0.797252
0.00840983,30.9322,0.0411277,5.05121
0.00834442,30.6398,0.0245858,3.02061
0.00542082,19.8852,0.00987005,1.21329
0.0081463,29.9176,0.0256499,3.15116
0.00698341,25.6587,0.0256942,3.15624
0.00389084,14.2789,0.00901389,1.10771
0.00649234,23.9442,0.052,6.38521
0.00745859,27.406,0.0278636,3.42269
0.0120375,44.121,0.010566,1.3008
0.00253718,9.33653,0.0138219,1.69748
0.00788462,28.911,0.0105663,1.29953
0.00448016,16.4573,0.0152657,1.87532
0.00349728,12.8752,0.0208057,2.55506
0.004141,15.2303,0.0200226,2.45914
0.00793359,29.0733,0.00520689,0.641659
0.00383145,14.0647,0.0100616,1.23629
0.00499952,18.3401,0.00921076,1.13222
0.00234265,8.59166,0.00367997,0.452465
0.00885734,32.5384,0.0308505,3.78978
0.00583327,21.5078,0.0449443,5.5189
0.00399369,14.6693,0.0132976,1.63358
0.00590488,21.7031,0.0239675,2.94395
0.0080828,29.8335,0.0721243,8.85603
0.011043,40.587,0.0444807,5.46362
0.00657249,24.1118,0.0125859,1.54703
0.00476977,17.5971,0.0400346,4.91588
0.00603659,22.1497,0.0127656,1.56892
0.00867002,31.8914,0.0430866,5.29175
0.00718833,26.3922,0.0203711,2.50288
0.0030186,11.1012,0.0142799,1.75386
0.00445094,16.3297,0.00881618,1.08361
0.00862017,31.6444,0.0229096,2.81494
0.00845867,31.0242,0.0139378,1.71357
0.00701971,25.7513,0.0130545,1.60469
0.0036893,13.5685,0.0176796,2.17139
0.00424378,15.5727,0.00936601,1.15104
0.0054378,20.008,0.0288457,3.54261
0.0035631,13.059,0.002875,0.354036
0.00674021,24.7527,0.0209056,2.56835
0.00171082,6.28091,0.00471558,0.579391
0.00429962,15.8053,0.0181534,2.22974
0.0115389,42.3811,0.0375414,4.61196
0.00365384,13.4173,0.0110018,1.35166
0.00311533,11.4552,0.0141957,1.74355
0.00170507,6.27598,0.00976082,1.19871
0.00428472,15.7422,0.0154913,1.90296
0.0031318,11.4969,0.00837683,1.02927
0.00572178,20.9855,0.00925399,1.13776
0.00864044,31.7107,0.020409,2.50799
0.00255572,9.41334,0.0166091,2.03962
0.00417737,15.3288,0.00916543,1.1264
0.00589168,21.6329,0.0171364,2.1054
0.00269378,9.92913,0.0197891,2.43002
0.00580432,21.3324,0.0232264,2.85294
0.0121685,44.7055,0.0433733,5.32804
0.00628865,23.0872,0.0172586,2.12053
0.0035388,12.9812,0.00640456,0.787293
0.00416506,15.2854,0.00968634,1.19034
0.005849,21.4463,0.00765138,0.941072
0.0053146,19.4982,0.0105,1.29058
0.00417031,15.3262,0.016441,2.0195
0.0060367,22.1521,0.0134006,1.64687
0.00789314,28.9948,0.0270089,3.31791
0.00213054,7.8287,0.00802131,0.985311
0.00576331,21.1806,0.0227123,2.78983
0.00278482,10.2186,0.00601422,0.739141
0.00686099,25.1541,0.00810288,0.996813
0.00733998,26.9922,0.034315,4.21458
0.00398067,14.6278,0.015245,1.87263
0.0130788,48.1843,0.0887499,10.8984
0.00610678,22.4451,0.0247572,3.04095
0.00966355,35.4736,0.0253675,3.11698
0.00867534,32.0003,0.0710795,8.72796
0.00588944,21.6239,0.0168914,2.07532
0.00487464,17.8743,0.00658419,0.809764
0.00148474,5.45236,0.00455147,0.559175
0.00390285,14.3505,0.0176598,2.16902
0.00410119,15.0332,0.00397994,0.48984
0.00243329,8.9227,0.00338213,0.415933
0.00687501,25.239,0.0186145,2.28716
0.00561996,20.6709,0.0275242,3.38046
0.00975819,35.8135,0.0232445,2.8564
0.00825549,30.364,0.0401864,4.93561
0.00438317,16.1232,0.0218834,2.68763
0.00493061,18.0911,0.0102903,1.26472
0.0038853,14.2593,0.00921592,1.13251
0.00785908,28.8192,0.0110901,1.36381
0.0051123,18.7817,0.0181519,2.22981
0.00277442,10.2035,0.0132026,1.62153
0.00218288,8.01048,0.00492202,0.60488
0.0108107,39.6317,0.0118104,1.45317
0.00738695,27.1122,0.0180299,2.21555
0.00815384,30.0285,0.0517268,6.35219
0.00543497,19.9596,0.0169392,2.08105
0.00802814,29.5064,0.0323918,3.97872
0.010198,37.5032,0.0479471,5.88887
0.00588165,21.5792,0.0118302,1.45404
0.00641342,23.5749,0.0268873,3.30252
0.00112406,4.13154,0.00460523,0.565661
0.00642848,23.6209,0.0240297,2.95175
0.00372072,13.6676,0.0126858,1.55839
0.00556251,20.4096,0.0115866,1.42405
0.00373981,13.7942,0.030435,3.73717
0.0040386,14.8593,0.021293,2.61506
0.00302586,11.0903,0.00255167,0.314178
0.00786612,28.8622,0.0164878,2.02641
0.0110938,40.7134,0.0258689,3.17898
0.00568283,20.8623,0.0153682,1.88829
0.00843862,31.0122,0.0331587,4.07299
0.00552478,20.2494,0.00470994,0.579898
0.00459843,16.8773,0.0111556,1.37083
0.00727998,26.7435,0.0252633,3.10344
0.00533671,19.5836,0.0119057,1.46314
0.00351774,12.9118,0.00881268,1.08289
0.00581435,21.3997,0.0328012,4.02828
0.00484718,17.7902,0.0117394,1.44258
0.0133196,48.8719,0.0278428,3.42199
0.00563304,20.6965,0.02054,2.52312
0.00310994,11.4448,0.0171304,2.10379
0.00235852,8.70873,0.0221302,2.71729
0.00441762,16.2216,0.0131873,1.62018
0.00413226,15.1599,0.00800846,0.984364
0.00370428,13.6052,0.0119856,1.47243
0.00281157,10.3077,0.0032533,0.400238
0.00692512,25.4226,0.0186245,2.28839
0.00376904,13.8251,0.00660226,0.811634
0.00403328,14.8188,0.0146921,1.80478
0.00443359,16.3017,0.0199546,2.45089
0.00536265,19.707,0.0207919,2.55396
0.00298312,10.9487,0.0072313,0.888603
0.00273993,10.0406,0.00177392,0.218616
0.00535807,19.6432,0.00605511,0.744969
0.00266128,9.76582,0.00592532,0.728189
0.00383399,14.0795,0.0117642,1.44529
0.00468666,17.1876,0.00711707,0.875118
0.00437341,16.0675,0.0156509,1.92258
0.00561742,20.5843,0.00332037,0.409354
0.00565991,20.7476,0.00570522,0.702115
0.00830406,30.4447,0.00976059,1.20076
0.00212961,7.82859,0.00906207,1.11307
0.00570319,20.9433,0.0173579,2.13253
0.0121243,44.4789,0.023116,2.84138
0.0117505,43.2356,0.0624287,7.66702
0.00362962,13.3178,0.00762692,0.937371
0.00568584,20.8885,0.0201123,2.47063
0.00528881,19.4325,0.0195095,2.39652
0.00627896,23.0459,0.0154452,1.89793
0.00182564,6.70547,0.00597851,0.734455
0.00445375,16.4336,0.0381427,4.68353
0.00594571,21.807,0.009683,1.19049
0.0032882,12.0618,0.00588493,0.723428
0.00747021,27.4806,0.0379156,4.65661
0.00768104,28.1924,0.0190233,2.33759
0.0100948,37.0445,0.0226468,2.78315
0.00379799,13.9366,0.00831124,1.02143
0.00438609,16.1471,0.0260327,3.19697
0.00303848,11.1481,0.0061577,0.756834
0.00755935,27.794,0.0337969,4.15106
0.00289357,10.6307,0.0103386,1.27
0.00545276,20.0475,0.0240439,2.95318
0.00575693,21.1468,0.0194659,2.39131
0.00534957,19.6687,0.023787,2.92162
0.007094,26.0119,0.00945969,1.16344
0.00631272,23.1596,0.0123428,1.5171
0.00624672,22.9347,0.0175856,2.16066
0.00644359,23.6939,0.0295286,3.62675
0.00791543,29.1593,0.0529573,6.50317
0.00653274,24.0263,0.0313902,3.8553
0.00550611,20.2381,0.0225538,2.77028
0.00881409,32.3433,0.0193837,2.38218
0.00855455,31.3738,0.0134529,1.65408
0.00364543,13.3943,0.0134418,1.65117
0.00333866,12.2701,0.0132589,1.62863
0.0078851,28.9264,0.0148254,1.82235
0.00462421,16.9577,0.00678584,0.834438
0.00491284,18.0696,0.0239214,2.93798
0.00741254,27.2179,0.0217794,2.67582
0.00333855,12.2698,0.013273,1.63035
0.00467446,17.1517,0.00990338,1.21714
0.00513867,18.9012,0.0253272,3.11061
0.010236,37.5925,0.0323558,3.975
0.00373542,13.7287,0.0149516,1.83654
0.00357001,13.1168,0.0130597,1.60424
0.00428008,15.7566,0.02531,3.10824
0.0026034,9.55189,0.00531966,0.653824
0.00748979,27.5061,0.0234355,2.87914
0.00205193,7.52902,0.0043421,0.533653
0.00365624,13.4279,0.0115896,1.42381
0.00543688,19.9744,0.0193943,2.38242
0.00612906,22.4703,0.00712248,0.876236
0.00163749,6.033,0.0111826,1.37322
0.00834835,30.6431,0.0210927,2.59182
0.00252318,9.31653,0.0236174,2.8999
0.00886762,32.6836,0.0645067,7.92119
0.00350639,12.8636,0.00674312,0.828843
0.00875106,32.1096,0.0184612,2.26893
0.00437329,16.0713,0.016957,2.0829
0.00794879,29.1683,0.017525,2.15375
0.00392067,14.396,0.0114616,1.40818
0.00637284,23.3984,0.0181345,2.22808
0.00754154,27.7436,0.038436,4.72051
0.00264407,9.70403,0.00631207,0.775659
0.00502982,18.4664,0.0140298,1.72378
0.00214056,7.8804,0.0127221,1.56236
0.00762707,27.9964,0.0195209,2.39865
0.0065133,23.9279,0.0228797,2.8106
0.00671549,24.6673,0.02254,2.76897
0.00769652,28.2581,0.021846,2.68409
0.00240008,8.81669,0.00828156,1.01734
0.0038892,14.3379,0.0293544,3.60457
0.00493152,18.0846,0.00718086,0.883025
0.0123411,45.3534,0.0483284,5.93635
0.0028772,10.5878,0.0156936,1.92734
0.00743936,27.3732,0.0396521,4.86977
0.00446168,16.3656,0.0077526,0.95306
0.00202458,7.43733,0.00699204,0.858932
0.00357043,13.1055,0.00903799,1.11057
0.00444402,16.3172,0.0128671,1.58087
0.00437987,16.088,0.0146553,1.80036
0.00833016,30.5357,0.00832919,1.02505
0.00802186,29.4512,0.0223045,2.74047
0.00593156,21.8701,0.045657,5.6064
0.00898316,33.0251,0.0389677,4.78623
0.00456909,16.7491,0.00465864,0.573301
0.00645668,23.7703,0.0384377,4.72038
0.00794749,29.1668,0.0185483,2.27936
0.00442313,16.2315,0.0099807,1.22655
0.0062071,22.7612,0.00869976,1.06988
0.00406536,14.949,0.0186822,2.29458
0.00556745,20.4225,0.00995657,1.22395
0.00765951,28.1558,0.0322254,3.95818
0.00531606,19.5129,0.0134465,1.65227
0.00413134,15.1873,0.0176569,2.16874
0.00656591,24.1009,0.0167239,2.05498
0.0165604,60.7683,0.0363926,4.47251
0.0114886,42.1693,0.0289,3.55118
0.00748536,27.4916,0.0239781,2.94575
0.007071,25.9379,0.0126683,1.55729
0.00754061,27.6752,0.0181059,2.22493
0.0101788,37.3571,0.0242162,2.97581
0.00342842,12.5625,0.00187249,0.230932
0.00517391,19.0571,0.0337338,4.14256
0.00179185,6.59829,0.0111603,1.37053
0.00512997,18.8135,0.00785709,0.966096
0.00498348,18.296,0.0138138,1.69726
0.00863973,31.7452,0.0320475,3.93665
0.00419359,15.3951,0.0113106,1.38973
0.0045544,16.7089,0.00892598,1.09713
0.00436855,16.0346,0.0109293,1.34297
0.00687168,25.2122,0.0140251,1.72379
0.00543262,19.9977,0.0315585,3.87561
0.00696769,25.6065,0.0273891,3.36429
0.00392659,14.4165,0.0110895,1.36251
0.00349418,12.9083,0.0347375,4.26523
0.00426065,15.6763,0.0224418,2.75615
0.00214075,7.87291,0.0101534,1.24704
0.00775106,28.4982,0.0344602,4.23254
0.00546368,20.0984,0.0274624,3.37281
0.00541058,19.8883,0.0225871,2.77434
0.006144,22.5516,0.0154503,1.8985
0.00875612,32.096,0.00841663,1.03592
0.0050052,18.3563,0.00778361,0.957037
0.00305367,11.2296,0.0142819,1.75411
0.00106134,3.89328,0.00192053,0.236085
0.000726737,2.672,0.0032377,0.397667
0.00310733,11.4134,0.0102812,1.26302
0.0236016,86.8602,0.131432,16.1411
0.00609783,22.4164,0.0260549,3.20024
0.014902,54.6662,0.0274753,3.37737
0.00871618,32.0032,0.0251501,3.08999
0.00740224,27.203,0.0289221,3.5526
0.00855251,31.3635,0.012557,1.5441
0.00809772,29.7867,0.0403705,4.95816
0.0168749,61.9807,0.055327,6.79687
0.00711933,26.1168,0.0132786,1.63223
0.00787477,28.925,0.0262143,3.22036
0.00518908,19.0749,0.0218987,2.68977
0.00223439,8.21727,0.0105941,1.30116
0.0110574,40.5567,0.0185653,2.28243
0.00371326,13.6324,0.0102233,1.25611
0.0105993,38.8743,0.0170249,2.0932
0.00287496,10.5849,0.0173353,2.12887
0.00658359,24.165,0.0165204,2.03
0.00852596,31.3788,0.0477778,5.86756
0.00392013,14.4002,0.0133896,1.64484
0.272192,997.336,0.137325,16.9428
0.004565,16.7717,0.0164229,2.0174
0.0113994,41.8413,0.0285004,3.5021
0.00418563,15.3441,0.00448832,0.552272
0.0017683,6.48416,0.00243912,0.299966
0.00704183,25.8833,0.029016,3.56402
0.0188088,68.9852,0.0308324,3.79069
0.0050979,18.7082,0.0116543,1.4322
0.00361602,13.2709,0.00852481,1.04758
0.00265532,9.75587,0.00964592,1.1849
0.00831133,30.465,0.00781033,0.961357
0.00741016,27.2277,0.0275967,3.38991
0.00404996,14.869,0.0113109,1.38973
0.00756147,27.7681,0.0232863,2.86085
0.00576785,21.2096,0.0266015,3.26724
0.00531895,19.5151,0.0108194,1.32978
0.00842177,30.9538,0.034179,4.19823
0.00970391,35.6439,0.0324007,3.98034
0.00136233,5.00675,0.00540324,0.663693
0.00404383,14.8767,0.020729,2.54582
0.00810982,29.7224,0.00636858,0.784315
0.00292884,10.757,0.00944497,1.16032
0.0076026,27.9164,0.0225471,2.77012
0.00632491,23.2249,0.0188058,2.31047
0.00751223,27.5671,0.016815,2.06646
0.00673032,24.7643,0.0359004,4.409
0.00414691,15.2363,0.0151307,1.85865
0.00651283,23.9085,0.0173352,2.12999
0.00558695,20.5318,0.0218231,2.68062
0.0118032,43.3333,0.0326801,4.0153
0.00338692,12.4606,0.0175679,2.15759
0.00661466,24.2628,0.0114854,1.41196
0.00891525,32.7165,0.0202166,2.48446
0.00297829,10.9762,0.0213545,2.62227
0.00556539,20.5033,0.0376197,4.61969
0.00396584,14.5406,0.00493829,0.607439
0.00567873,20.8448,0.0145929,1.79311
0.00596679,21.8753,0.00689729,0.848542
0.00779084,28.6159,0.0256955,3.15666
0.012933,47.4481,0.0253798,3.11953
0.00223087,8.20968,0.0122525,1.50474
0.00411308,15.1228,0.0183875,2.25842
0.00729015,26.7168,0.00525184,0.646974
0.00302254,11.1137,0.013695,1.68205
0.00662916,24.3195,0.0126385,1.5535
0.00935719,34.3851,0.0358603,4.40491
0.00543363,19.9432,0.0133366,1.63882
0.00449157,16.5025,0.0163539,2.0089
0.00412557,15.1818,0.0225269,2.76655
0.00346182,12.6937,0.00463369,0.569889
0.00680813,24.9808,0.0144586,1.77699
0.00562554,20.6857,0.0257425,3.16174
0.00667904,24.5537,0.0287576,3.53219
0.0062057,22.7646,0.0113618,1.39665
0.00508839,18.7034,0.0210673,2.58767
0.0119623,43.8886,0.0240194,2.95223
0.0063596,23.4423,0.0470699,5.77998
0.00594816,21.8577,0.022744,2.79377
0.00970841,35.6975,0.0440091,5.40531
0.00505156,18.5331,0.00995832,1.224
0.00517396,18.98,0.00953856,1.17252
0.00827154,30.397,0.0321273,3.94633
0.0045087,16.5906,0.0242767,2.98146
0.0118281,43.4626,0.044571,5.47495
0.00323002,11.8511,0.00663809,0.815863
0.00426406,15.662,0.0140857,1.73041
0.00744352,27.3114,0.0155317,1.90891
0.00906368,33.277,0.0254953,3.13249
0.00704661,25.8732,0.0203845,2.50448
0.00596824,21.9167,0.0181987,2.23583
0.00432149,15.8706,0.0135409,1.66355
0.0058643,21.5567,0.0246634,3.02936
0.00396311,14.5354,0.00645606,0.793749
0.00476346,17.4937,0.0149015,1.8307
0.00732495,26.8889,0.0192384,2.36387
0.00359159,13.1795,0.00792795,0.97431
0.0010463,3.85476,0.00711208,0.87336
0.00471539,17.306,0.0112799,1.38613
0.0095481,35.0673,0.0305535,3.75354
0.00334587,12.2767,0.00704081,0.865335
0.00291597,10.6912,0.00360937,0.443979
0.0111781,41.1512,0.0661969,8.12939
0.00537763,19.7595,0.0200398,2.46164
0.00312115,11.4454,0.00447525,0.550333
0.00591757,21.7052,0.0100813,1.23937
0.00662554,24.3242,0.0182585,2.24338
0.00631808,23.2051,0.0204112,2.50753
0.00386817,14.1825,0.00482931,0.59403
0.00507944,18.6594,0.0175552,2.15656
0.0125723,46.1305,0.0265035,3.25734
0.00770431,28.3527,0.0425231,5.22227
0.00599665,22.023,0.0188922,2.32097
0.00537173,19.7028,0.00906863,1.11489
0.00574376,21.0795,0.0134818,1.65675
0.036861,136.567,0.489598,60.1113
0.00927856,34.0232,0.0127409,1.56691
0.00481582,17.6721,0.0107246,1.318
0.00450606,16.539,0.0111632,1.37174
0.00491188,18.088,0.0307731,3.77904
0.00768375,28.23,0.0276604,3.39782
0.00286678,10.5078,0.00260025,0.320091
0.00853795,31.4184,0.0464295,5.70206
0.00250875,9.19481,0.00204983,0.252412
0.00406682,14.9426,0.0149986,1.8424
0.00823692,30.2302,0.0196183,2.41079
0.00498285,18.3216,0.0225431,2.7688
0.00652785,23.9438,0.011168,1.37296
0.00761563,28.0419,0.0468831,5.75745
0.00492462,18.0678,0.00985855,1.21172
0.00525925,19.3229,0.0190981,2.34601
0.0050144,18.4289,0.019964,2.45222
0.00312701,11.4628,0.00319968,0.393755
0.00424346,15.6003,0.0183966,2.25958
0.00385046,14.1544,0.0163198,2.00452
0.00545839,20.0407,0.015476,1.90145
0.00611345,22.4777,0.0273292,3.35667
0.00920699,33.767,0.0145701,1.79142
0.00613436,22.5571,0.028196,3.46308
0.00814414,29.9216,0.0293725,3.60813
0.0086121,31.6265,0.0265615,3.26321
0.00374773,13.7388,0.00402417,0.495159
0.00427996,15.8115,0.0426551,5.2374
0.0074395,27.2748,0.00869533,1.06972
0.00457898,16.8525,0.0256907,3.15506
0.00705915,25.8818,0.00868963,1.0689
0.00546195,20.1223,0.0369311,4.53513
0.0053359,19.5689,0.00821784,1.01044
0.00915917,33.6582,0.0353523,4.34248
0.00206062,7.56706,0.0062865,0.772336
0.00939665,34.4554,0.012615,1.55148
0.00796632,29.2115,0.0109512,1.3468
0.00417621,15.3608,0.0205032,2.51815
0.00985739,36.2517,0.0467102,5.73693
0.00523697,19.2677,0.027363,3.36054
0.00458345,16.8106,0.00746509,0.917805
0.00399183,14.6405,0.00641796,0.789081
0.00343634,12.5932,0.0023923,0.294743
0.0081005,29.7198,0.0162208,1.9937
0.00589976,21.646,0.0119684,1.47102
0.0102734,37.7959,0.0532097,6.53489
0.0126972,46.6388,0.042385,5.20689
0.00623106,22.9816,0.0502426,6.1694
0.00786798,28.8633,0.0147107,1.80826
0.00753138,27.6417,0.0181997,2.23643
0.00455946,16.7285,0.00926148,1.13831
0.00468584,17.2259,0.0200759,2.46586
0.00560422,20.5847,0.0185675,2.28098
0.00437458,16.0872,0.0204766,2.51495
0.00372158,13.7323,0.0319599,3.92435
0.0013262,4.88243,0.00790514,0.970798
0.0054266,19.8992,0.00764208,0.939797
0.00934632,34.2842,0.0167497,2.05901
0.015252,56.1975,0.105559,12.9625
0.00507353,18.6211,0.0123282,1.51492
0.000953043,3.51648,0.00813065,0.998363
0.00535316,19.6365,0.00961393,1.18182
0.00427851,15.727,0.0178443,2.19179
0.0116674,42.8501,0.0370948,4.55718
0.00525892,19.3302,0.0217512,2.67168
0.00654639,24.1078,0.0412452,5.06503
0.00789848,28.9596,0.00986687,1.21367
0.00365105,13.3909,0.00596547,0.733429
0.00596431,21.8888,0.0139598,1.71549
0.00748936,27.5285,0.0309463,3.80112
0.00607471,22.3255,0.0240837,2.95826
0.00379774,13.9288,0.00614137,0.755068
0.00769585,28.2517,0.0205959,2.53063
0.00351901,12.9395,0.0160199,1.9676
0.00319713,11.7685,0.01848,2.26948
0.00308287,11.3358,0.0140535,1.72608
0.00795872,29.1796,0.00970324,1.19361
0.0146159,53.6342,0.0324195,3.9842
0.00985095,36.235,0.0488639,6.00129
0.00388412,14.2889,0.0198317,2.43563
0.00480299,17.6979,0.0335199,4.11619
0.00410441,15.0661,0.0105715,1.29898
0.00295596,10.8744,0.0151024,1.8548
0.00422502,15.542,0.0212792,2.61341
0.00309884,11.4289,0.0248712,3.054
0.010685,39.3242,0.0597087,7.33279
0.0046663,17.1361,0.0143499,1.76296
0.0168436,62.2818,0.185489,22.7746
0.0502499,186.195,0.674626,82.8283
0.00614899,22.5757,0.0172567,2.12025
0.00345834,12.692,0.00811663,0.99743
0.00661971,24.3533,0.0340317,4.17958
0.00915928,33.6594,0.035589,4.37154
0.00740465,27.1441,0.00772624,0.95075
0.00519352,19.1029,0.0255913,3.14305
0.00461905,16.9588,0.0130308,1.60103
0.00928109,34.0951,0.0323265,3.97111
0.0041411,15.2096,0.0134116,1.64762
0.00420511,15.4368,0.0111677,1.37219
0.00670137,24.6029,0.0185588,2.28026
0.00381476,14.0588,0.0273235,3.35525
0.0141706,52.0591,0.0499667,6.13803
0.00282053,10.3717,0.0130006,1.59675
0.00588448,21.6859,0.0419911,5.1564
0.00829386,30.4542,0.0244566,3.00474
0.000305813,1.13059,0.00330408,0.405682
0.00575679,21.1228,0.0120894,1.48582
0.00367609,13.4869,0.00730218,0.897522
0.00517674,19.0786,0.0372312,4.57188
0.00575872,21.1825,0.028574,3.50936
0.0058186,21.3601,0.0155062,1.90527
0.00334138,12.2546,0.00528462,0.649755
0.00394297,14.4879,0.0146732,1.80242
0.00816243,29.9847,0.0281636,3.45973
0.00658343,24.2208,0.0341544,4.19463
0.00374172,13.7372,0.0104024,1.2781
0.009907,36.3466,0.0195295,2.40043
0.00667958,24.5505,0.0271189,3.33103
0.00280992,10.3169,0.00801139,0.984308
0.00444467,16.3115,0.0103146,1.26755
0.00685675,25.1917,0.0247291,3.03774
0.00657301,24.0918,0.00573484,0.706037
0.00522085,19.1945,0.0229366,2.81718
0.00406729,14.9298,0.0104699,1.28649
0.00506527,18.6399,0.0276913,3.40079
0.0114483,42.1714,0.075777,9.30547
0.00325494,11.9529,0.00993709,1.22083
0.00578705,21.2568,0.0193519,2.37733
0.0161062,59.0597,0.0222578,2.73728
0.00415812,15.2529,0.00746425,0.917569
0.00253945,9.32757,0.00841778,1.03411
0.00641886,23.5683,0.0185728,2.28189
0.00586199,21.5473,0.0243823,2.99485
0.00555557,20.4428,0.0299527,3.67854
0.00429222,15.7696,0.0154583,1.8989
0.00625147,22.9664,0.0220656,2.71059
0.00504386,18.5152,0.0131928,1.62104
0.00794979,29.1564,0.0126717,1.55799
0.00425143,15.6005,0.00928948,1.14165
0.00422046,15.5172,0.0187212,2.29941
0.0044894,16.482,0.0124048,1.52415
0.00926143,33.998,0.0244917,3.00935
0.0105841,38.829,0.020362,2.50283
0.00541393,19.8791,0.0158493,1.94725
0.00928759,34.0844,0.0215269,2.64542
0.00338292,12.3974,0.00234378,0.288771
0.00938219,34.4053,0.0135122,1.66161
0.00757476,27.8122,0.0218308,2.68218
0.0068423,25.1502,0.0283014,3.47624
0.00299563,11.0045,0.0103392,1.27011
0.00387033,14.1933,0.00573277,0.704933
0.00774041,28.467,0.0369043,4.53256
0.00551454,20.242,0.0141165,1.73458
0.00340291,12.4818,0.00586389,0.720882
0.00332218,12.1993,0.00996943,1.22482
0.00160216,5.89037,0.00703376,0.863921
0.00622353,22.8568,0.0197783,2.4298
0.00580055,21.2922,0.0149669,1.83906
0.00340383,12.4799,0.00420974,0.51783
0.0051278,18.8291,0.0152384,1.87217
0.00346556,12.7523,0.0186924,2.29564
0.00666605,24.4949,0.0252266,3.09874
0.00780908,28.6657,0.0203609,2.50183
0.0068938,25.3449,0.0301986,3.70914
0.00758281,27.8228,0.0159289,1.95771
0.00314909,11.5757,0.013215,1.62318
0.00872646,32.011,0.0158072,1.94313
0.00463076,17.0197,0.0186745,2.29382
0.00211966,7.76911,0.00183845,0.226343
0.00675007,24.811,0.027862,3.42228
0.00369497,13.5988,0.0206873,2.5406
0.0031421,11.5271,0.00602747,0.740879
0.00451311,16.6005,0.022319,2.74115
0.00350827,12.8957,0.0146241,1.79626
0.00472948,17.3607,0.0122234,1.50195
0.00578101,21.2432,0.0220249,2.70545
0.00430562,15.7963,0.00846784,1.04081
0.00575881,21.1849,0.0292257,3.58936
0.00914522,33.6515,0.0492335,6.04644
0.00490204,18.0286,0.0234826,2.88411
0.0117733,43.1536,0.010659,1.31213
0.00767462,28.1986,0.0283316,3.4802
0.00762427,28.0428,0.0372748,4.578
0.0069942,25.7245,0.0339214,4.16616
0.00425101,15.6092,0.0125018,1.53597
0.00486792,17.9007,0.0225585,2.77066
0.00945442,34.6539,0.00852202,1.04908
0.00466715,17.1389,0.0142583,1.75171
0.00872616,32.0157,0.0176311,2.16702
0.000976614,3.59139,0.00455608,0.55958
0.00224323,8.22288,0.00222481,0.273808
0.00844427,31.0133,0.0270059,3.31771
0.00231218,8.47514,0.00213922,0.263324
0.00476541,17.5416,0.0276666,3.39767
0.00414223,15.2064,0.0111375,1.36847
0.00285641,10.481,0.0060908,0.748564
0.00330861,12.1406,0.00717033,0.881222
0.00248153,9.11856,0.00939633,1.15421
0.00722333,26.4752,0.00621465,0.76514
0.00563073,20.6676,0.014144,1.73799
0.00472832,17.3565,0.0122531,1.50559
0.00673959,24.7497,0.0206737,2.53989
0.0106456,39.0087,0.00612043,0.754651
0.00983294,36.092,0.0247327,3.03911
0.00424925,15.6271,0.0201261,2.47187
0.00605749,22.249,0.0198984,2.4445
0.00392531,14.4523,0.0237719,2.91931
0.00581622,21.3756,0.0231001,2.83744
0.00562345,20.6178,0.00687956,0.846256
0.00618601,22.7091,0.0165829,2.03754
0.0043483,15.982,0.0176663,2.16996
0.00437532,16.0592,0.0108538,1.33372
0.00355421,13.0957,0.0245706,3.01723
0.00474229,17.423,0.0170368,2.09281
0.00481727,17.6713,0.00881079,1.08307
0.0217978,79.9105,0.0239053,2.94131
0.00460489,16.9423,0.0240964,2.95935
0.00761814,27.9862,0.0265825,3.26549
0.00100272,3.68181,0.00293264,0.360307
0.00433556,15.9036,0.00772036,0.949063
0.00574315,21.0642,0.00940069,1.15577
0.0106841,39.1896,0.018511,2.27565
0.00538922,19.8141,0.0238663,2.93136
0.00337388,12.3954,0.0121032,1.48677
0.00470289,17.3471,0.0384599,4.72256
0.0035388,13.0249,0.0200777,2.46572
0.0124244,45.6899,0.0581765,7.14526
0.00611482,22.4947,0.0310821,3.81736
0.00619736,22.7521,0.0170182,2.09099
0.00728009,26.7313,0.0213259,2.62012
0.00791024,29.0337,0.0195874,2.40691
0.0039611,14.5405,0.0103498,1.27172
0.00525878,19.3175,0.0179401,2.20386
0.00598269,21.973,0.0192696,2.36729
0.00453542,16.7263,0.0361335,4.43693
0.00324671,11.9761,0.0266417,3.27138
0.00549475,20.1993,0.023449,2.88017
0.00209947,7.71741,0.00880516,1.08152
0.00494704,18.1824,0.0200039,2.4571
0.00693848,25.4683,0.0176094,2.16379
0.00729652,26.7574,0.0106695,1.31201
0.00803918,29.5076,0.0201068,2.47071
0.00637924,23.4155,0.0161722,1.9872
0.00456531,16.8154,0.0297482,3.65312
0.0117647,43.2022,0.03579,4.39704
0.00689814,25.3596,0.0298234,3.66309
0.00419397,15.3769,0.00518335,0.637592
0.00454781,16.6957,0.0123475,1.51712
0.00428287,15.718,0.010034,1.23306
0.00497298,18.2298,0.00511048,0.628892
0.00429589,15.7594,0.00807562,0.992659
0.00337625,12.4135,0.015042,1.84751
0.00850863,31.2383,0.0236775,2.90917
0.00673922,24.7511,0.0215397,2.64619
0.00671991,24.6807,0.0216353,2.65792
0.00696327,25.6619,0.0497741,6.11212
0.00947392,34.7595,0.0192173,2.36196
0.0061966,22.7099,0.00467021,0.575232
0.00695342,25.657,0.0595433,7.31132
0.00446932,16.3891,0.00635247,0.781191
0.00506967,18.6104,0.0133977,1.6462
0.00645403,23.6827,0.0140646,1.7285
0.00765655,28.0934,0.0161157,1.98066
0.00548626,20.1814,0.0275595,3.38474
0.00702252,25.908,0.0588917,7.23135
0.00419447,15.4186,0.0176772,2.17125
0.00495493,18.164,0.00521361,0.641546
0.00918284,33.7459,0.0356576,4.37997
0.00472551,17.4013,0.0294943,3.622
0.0028693,10.5554,0.0145948,1.79247
0.00714602,26.2356,0.0198609,2.44023
0.00446598,16.3902,0.0105374,1.29491
0.0056429,20.7347,0.0211966,2.60373
0.0026429,9.68957,0.00313116,0.385191
0.00548488,20.1257,0.0117246,1.44096
0.00359075,13.2202,0.0216462,2.65827
0.00351233,12.912,0.0150817,1.85243
0.00673511,24.7331,0.0206246,2.53386
0.00592454,21.7616,0.0197454,2.42568
0.00465626,17.0902,0.0115049,1.41373
0.0111108,40.8044,0.0348844,4.28567
0.00889633,32.6259,0.0135444,1.66542
0.00650302,23.8656,0.0151594,1.86291
0.00891833,32.7756,0.0351946,4.32306
0.00488754,17.9574,0.017796,2.18605
0.00492308,18.0854,0.0171307,2.1044
0.00823606,30.2603,0.0300263,3.68841
0.00890644,32.9124,0.0916377,11.2516
0.00265704,9.80232,0.0222189,2.72828
0.00271118,9.94836,0.00586193,0.720423
0.00350733,12.8596,0.00441651,0.543244
0.00358017,13.1928,0.0251942,3.09379
0.00169443,6.22362,0.00557461,0.684834
0.00773082,28.3694,0.0173424,2.13127
0.00413369,15.2067,0.0210151,2.58097
0.00307813,11.3166,0.0134669,1.65407
0.00295236,10.8522,0.0122828,1.50868
0.00753133,27.643,0.0186809,2.29551
0.00546881,20.0999,0.0220683,2.71067
0.0065023,23.9955,0.0566447,6.95536
0.00838615,30.8183,0.0325993,4.00431
0.00835093,30.7347,0.0468388,5.75224
0.00526984,19.3444,0.0136969,1.68299
0.00691313,25.3817,0.0195612,2.40338
0.00291377,10.6895,0.00559979,0.688309
0.00594383,21.8428,0.0230642,2.83307
0.0041412,15.1947,0.00865145,1.0633
0.0063534,23.3216,0.01641,2.01637
0.00306384,11.2724,0.0160145,1.96679
0.0082325,30.2631,0.0349829,4.29685
0.00472481,17.3378,0.010419,1.28045
0.00498246,18.2949,0.0146472,1.79955
0.00468276,17.1651,0.00455219,0.560269
0.0130669,48.0119,0.0484216,5.94801
0.0156954,57.6121,0.0400242,4.91804
0.004189,15.3876,0.014236,1.74883
0.00353075,12.971,0.0124199,1.5257
0.00304675,11.1671,0.00264491,0.32563
0.00466745,17.1095,0.00470144,0.578585
0.00301333,11.0541,0.00558247,0.686214
0.00316956,11.6187,0.00319845,0.393617
0.00612881,22.5007,0.016903,2.07682
0.00209808,7.71045,0.0082231,1.01007
0.00458542,16.8602,0.0207207,2.54497
0.00748862,27.4677,0.0127606,1.56876
0.00499304,18.3109,0.00750267,0.922547
0.013747,50.3985,0.0157501,1.9377
0.00525743,19.3409,0.0268195,3.29383
0.00763191,28.079,0.0398569,4.89496
0.00342449,12.6163,0.0232165,2.85098
0.00721625,26.534,0.0327485,4.02225
0.00502896,18.4869,0.0214077,2.62944
0.00232378,8.5583,0.0148666,1.82565
0.0036279,13.3064,0.00605224,0.744072
0.00752826,27.6066,0.0108027,1.32843
0.00337848,12.3908,0.00538197,0.661717
0.00636268,23.3889,0.0268365,3.29627
0.00825773,30.4066,0.0509835,6.26098
0.0120837,44.3824,0.0395277,4.85596
0.00326928,11.9879,0.00445425,0.547802
0.00663524,24.336,0.0108167,1.32987
0.00811932,29.7791,0.0132204,1.62539
0.00604904,22.216,0.0192721,2.36762
0.00644717,23.7297,0.0366581,4.50192
0.0107698,39.4868,0.0133772,1.64548
0.00176352,6.48408,0.00789203,0.969327
0.00446031,16.3992,0.0198497,2.43802
0.00680043,24.9855,0.0247557,3.04097
0.00277264,10.1694,0.00459149,0.564493
0.0045639,16.7608,0.0142619,1.75213
0.00513891,18.9121,0.0284651,3.4958
0.00651349,23.8849,0.00919121,1.1303
0.00372799,13.6749,0.00664046,0.81631
0.00323273,11.8677,0.00872871,1.07249
0.0034249,12.5958,0.0163287,2.00547
0.00571763,20.9869,0.0144755,1.77872
0.0129739,47.6147,0.0307104,3.77388
0.00189957,6.98281,0.00803507,0.986928
0.00860982,31.5764,0.0135061,1.66063
0.00811595,29.8048,0.0251191,3.086
0.00511726,18.8264,0.0264661,3.2504
0.0101741,37.2986,0.0112769,1.38748
0.00378378,13.8802,0.00694466,0.85367
0.00664091,24.3434,0.00664469,0.817746
0.00420208,15.4122,0.00694177,0.853447
0.00185153,6.80383,0.00708402,0.870169
0.00704573,25.9174,0.0352149,4.32495
0.00502258,18.4055,0.00325183,0.400752
0.00172136,6.3504,0.0143861,1.76648
0.00162431,5.96831,0.00604879,0.743019
0.00727863,26.7147,0.017805,2.18791
0.010618,39.0159,0.0399072,4.90208
0.00529125,19.4205,0.0129585,1.59236
0.00218593,8.03862,0.0102396,1.25763
0.00785284,28.8346,0.0230767,2.83521
0.0117125,43.0151,0.0370046,4.54611
0.0111032,40.7807,0.036189,4.44581
0.00475154,17.4292,0.00838394,1.03065
0.00349871,12.8417,0.00868321,1.06699
0.00651539,23.9105,0.0150222,1.84607
0.0158451,58.0914,0.01843,2.26733
0.00413788,15.1826,0.00866912,1.06546
0.00467517,17.1643,0.0130115,1.59868
0.00917967,33.6661,0.0143176,1.76042
0.00735331,26.9985,0.0210066,2.58094
0.00461005,16.9474,0.0197845,2.43007
0.00254571,9.37772,0.0169366,2.07982
0.00373521,13.7602,0.0250521,3.0764
0.0113336,41.5942,0.0266436,3.27416
0.00595688,21.917,0.0313027,3.84438
0.0110256,40.4691,0.0275114,3.38058
0.00338133,12.4125,0.00890763,1.0945
0.00576461,21.2618,0.0466663,5.73025
0.00731973,26.859,0.0158492,1.94784
0.00614969,22.5712,0.0150425,1.84846
0.00916144,33.5957,0.0131786,1.62059
0.00912195,33.4741,0.0203888,2.50566
0.00335136,12.2874,0.00409505,0.503734
0.00624176,22.9282,0.0212527,2.6108
0.01282,47.0006,0.0148977,1.83278
0.00289563,10.6405,0.0110573,1.35824
0.00343636,12.6121,0.00829865,1.01977
0.00443465,16.2819,0.0125376,1.54043
0.00421911,15.5227,0.0220098,2.70311
0.00310935,11.4086,0.0064621,0.794222
0.00590871,21.6618,0.00665532,0.81882
0.00546965,20.1568,0.038897,4.77645
0.00239975,8.81329,0.00759588,0.933173
0.00752353,27.6002,0.0142271,1.74879
0.00810729,29.7628,0.0219227,2.69363
0.00265856,9.7596,0.00710146,0.872564
0.00529056,19.453,0.0239112,2.93684
0.00738175,27.0921,0.0176992,2.17496
0.00189922,6.98097,0.00786302,0.965808
0.0088771,32.5708,0.0183393,2.254
0.00632966,23.2682,0.026903,3.30442
0.00761153,27.95,0.0228298,2.80482
0.00443845,16.3562,0.0314326,3.85985
0.0039112,14.3649,0.0125699,1.54422
0.0101468,37.2563,0.0293644,3.60776
0.00883669,32.4249,0.0189913,2.33403
0.00971187,35.6682,0.0308788,3.79352
0.00623416,22.9114,0.0247018,3.03419
0.00444233,16.3116,0.0130351,1.6015
0.00515287,18.9038,0.00987882,1.21428
0.00601604,22.1732,0.0436879,5.36472
0.00570073,20.9606,0.0255849,3.14242
0.00161924,5.95555,0.00785725,0.965011
0.0071864,26.4723,0.0476599,5.85267
0.0148569,54.608,0.0610592,7.49988
0.0036433,13.3849,0.0129502,1.59082
0.00352952,12.9854,0.0183593,2.25478
0.00511136,18.7285,0.00257567,0.31778
0.00533348,19.5877,0.0168881,2.07474
0.00305456,11.199,0.00366053,0.450303
0.00580103,21.2858,0.0123886,1.52257
0.00573301,21.0403,0.0135443,1.66441
0.00873919,32.081,0.02314,2.84326
0.00846775,31.1118,0.0309209,3.79831
0.00604635,22.2044,0.0186903,2.2962
0.00620034,22.7521,0.0136188,1.6737
0.00594351,21.7884,0.00637193,0.784044
0.00385907,14.1558,0.00689556,0.847666
0.00438694,16.091,0.00749638,0.921585
0.00616479,22.6604,0.0256718,3.15323
0.00238297,8.73748,0.00310169,0.381492
0.00548413,20.2448,0.0498613,6.12236
0.00480154,17.6044,0.00590711,0.726628
0.00377556,13.8811,0.0166584,2.04605
0.00551233,20.2722,0.0261051,3.20622
0.00418658,15.3607,0.00858538,1.0552
0.00272408,10.0307,0.0168386,2.06785
0.00556468,20.496,0.0361453,4.4387
0.0031587,11.6118,0.01349,1.65694
0.00566752,20.8432,0.0269064,3.30463
0.00620384,22.8446,0.0385589,4.73518
0.00459117,16.8583,0.0135212,1.66121
0.0062572,22.9726,0.0174405,2.14285
0.00709528,26.0187,0.0101295,1.24565
0.0111831,41.0208,0.0197072,2.42264
0.00277113,10.1827,0.0104756,1.28678
0.00385943,14.163,0.00872372,1.07208
0.00588928,21.6245,0.0172394,2.11804
0.00542393,19.9206,0.0174087,2.13868
0.0066181,24.3444,0.0330914,4.06416
0.00673427,24.7705,0.0332921,4.08884
0.00876349,32.2272,0.0410412,5.04069
0.00600768,22.0674,0.0201439,2.47462
0.00571483,21.0119,0.0255065,3.13281
0.00722874,26.4977,0.00705487,0.868282
0.00683364,25.0669,0.0121618,1.49505
0.00938143,34.5808,0.0693396,8.51461
0.00262543,9.65634,0.0127602,1.56718
0.00361676,13.2835,0.0116264,1.42832
