0,0.0887553,0.253019,0.954746,0.00721037,0.19733,0.609433,58915.3
1,0.0887553,0.253019,0.954746,0.00721037,0.19733,0.609433,58915.3
2,0.0222643,0.239491,0.416004,0.906851,0.0947503,0.143664,4567.81
3,0.0222643,0.239491,0.416004,0.906851,0.0947503,0.143664,4567.81
4,0.0222643,0.239491,0.416004,0.906851,0.0947503,0.143664,4567.81
5,0.0222643,0.239491,0.416004,0.906851,0.0947503,0.143664,4567.81
6,0.0290795,0.182,0.351182,0.786619,0.172581,0.178794,4345.09
7,0.0290795,0.182,0.351182,0.786619,0.172581,0.178794,4345.09
8,0.484523,0.588447,0.311105,0.623465,0.225269,0.407692,4293
9,0.077131,0.250425,0.276924,0.623777,0.303397,0.25432,4152.19
10,0.194864,0.348356,0.288624,0.61037,0.312383,0.301673,4080.1
11,0.15335,0.732039,0.19752,0.76781,0.341447,0.104095,3001.53
12,0.15335,0.732039,0.19752,0.76781,0.341447,0.104095,3001.53
13,0.15335,0.732039,0.19752,0.76781,0.341447,0.104095,3001.53
14,0.15335,0.732039,0.19752,0.76781,0.341447,0.104095,3001.53
15,0.121688,0.490823,0.191089,0.65479,0.25197,0.116597,2884.19
16,0.121688,0.490823,0.191089,0.65479,0.25197,0.116597,2884.19
17,0.170422,0.495934,0.189543,0.656339,0.273369,0.128307,2867.69
18,0.24638,0.567251,0.178428,0.64878,0.209871,0.145757,2767.93
19,0.250163,0.562438,0.174384,0.641075,0.223335,0.143596,2749.86
20,0.249895,0.565153,0.179317,0.64198,0.224859,0.136279,2717.91
21,0.241218,0.58306,0.180074,0.655155,0.225006,0.133105,2713.73
22,0.261009,0.423685,0.174267,0.666347,0.233434,0.142944,2662.56
23,0.286289,0.400954,0.173295,0.666431,0.22561,0.13973,2608.48
24,0.394638,0.37701,0.171185,0.669909,0.225992,0.140106,2550.81
25,0.292602,0.471503,0.164192,0.646918,0.200854,0.115876,2447.45
26,0.287933,0.482273,0.156815,0.663357,0.202039,0.124608,2435.56
27,0.289414,0.362716,0.129855,0.673635,0.199338,0.107281,2220.26
28,0.289414,0.362716,0.129855,0.673635,0.199338,0.107281,2220.26
29,0.367697,0.358601,0.13826,0.659489,0.210828,0.11081,2158.26
30,0.339707,0.314303,0.137516,0.665138,0.21105,0.107903,2123.71
31,0.330533,0.322665,0.138638,0.61934,0.213765,0.0975187,2096.46
32,0.328285,0.368713,0.11693,0.659708,0.165147,0.0828126,1861.8
33,0.364754,0.33024,0.116159,0.643235,0.184063,0.0827659,1826.39
34,0.383211,0.389442,0.109914,0.638796,0.195721,0.0601161,1652.33
35,0.456163,0.310549,0.110731,0.642542,0.19225,0.0682325,1636.77
36,0.412608,0.410521,0.101303,0.648249,0.196456,0.0591074,1587.65
37,0.416514,0.370102,0.0980182,0.650359,0.187294,0.0597054,1577.31
38,0.385122,0.379203,0.0919835,0.648232,0.182233,0.0509605,1518.67
39,0.381853,0.363751,0.0915011,0.646203,0.178678,0.0480854,1475.12
40,0.40383,0.341821,0.0912892,0.649741,0.172357,0.0504607,1474.68
41,0.460469,0.343647,0.0903862,0.642893,0.178287,0.0484869,1429.82
42,0.469684,0.342373,0.0884715,0.657399,0.172677,0.0454051,1392.5
43,0.500768,0.304783,0.0884638,0.655703,0.173283,0.0452775,1363.91
44,0.457639,0.310586,0.0817157,0.637655,0.158778,0.0361178,1319.42
45,0.442263,0.328968,0.0776943,0.657629,0.152765,0.0300101,1302.08
46,0.473463,0.317334,0.0779113,0.657819,0.15435,0.0321728,1296.1
47,0.486317,0.308134,0.0775694,0.64997,0.151919,0.0317186,1285.64
48,0.501951,0.282321,0.0771473,0.648024,0.150753,0.0312815,1267.97
49,0.505861,0.273734,0.0772486,0.648667,0.151006,0.0313035,1263.09
50,0.534755,0.277303,0.0759767,0.647946,0.144744,0.0294106,1248.27
51,0.534755,0.277303,0.0759767,0.647946,0.144744,0.0294106,0.117465
52,0.534755,0.277303,0.0759767,0.647946,0.144744,0.0294106,0.117465
53,0.533108,0.29179,0.0893373,0.755781,0.145491,0.0512988,0.0265719
54,0.533108,0.29179,0.0893373,0.755781,0.145491,0.0512988,0.0265719
55,0.515483,0.237942,0.0893373,0.755781,0.145491,0.0512988,0.0246023
56,0.515483,0.237942,0.0893373,0.755781,0.145491,0.0512988,0.0246023
57,0.515483,0.237942,0.0893373,0.755781,0.145491,0.0512988,0.0246023
58,0.515483,0.237942,0.0893373,0.755781,0.145491,0.0512988,0.0246023
59,0.515483,0.237942,0.0893373,0.755781,0.145491,0.0512988,0.0246023
60,0.515483,0.237942,0.0893373,0.755781,0.145491,0.0512988,0.0246023
61,0.515483,0.237942,0.0893373,0.755781,0.145491,0.0512988,0.0246023
62,0.515483,0.237942,0.0893373,0.755781,0.145491,0.0512988,0.0246023
63,0.515483,0.237942,0.0893373,0.755781,0.145491,0.0512988,0.0246023
64,0.515483,0.237942,0.0893373,0.755781,0.145491,0.0512988,0.0246023
65,0.480113,0.250044,0.0883966,0.739287,0.147009,0.057756,0.0217647
66,0.504839,0.261526,0.0883966,0.739287,0.147009,0.057756,0.0211629
67,0.519621,0.251677,0.0883966,0.739287,0.147009,0.057756,0.0195711
68,0.519621,0.251677,0.0883966,0.739287,0.147009,0.057756,0.0195711
69,0.453679,0.171791,0.0883966,0.739287,0.147009,0.057756,0.0171645
70,0.445221,0.0995005,0.0883966,0.739287,0.147009,0.057756,0.0142503
71,0.445221,0.0995005,0.0883966,0.739287,0.147009,0.057756,0.0142503
72,0.445221,0.0995005,0.0883966,0.739287,0.147009,0.057756,0.0142503
73,0.541135,0.227223,0.0951489,0.695404,0.126521,0.0632874,0.0100332
74,0.541135,0.227223,0.0951489,0.695404,0.126521,0.0632874,0.0100332
75,0.541135,0.227223,0.0951489,0.695404,0.126521,0.0632874,0.0100332
76,0.541135,0.227223,0.0951489,0.695404,0.126521,0.0632874,0.0100332
77,0.541135,0.227223,0.0951489,0.695404,0.126521,0.0632874,0.0100332
78,0.730315,0.0929352,0.0935389,0.773945,0.1446,0.0624641,0.00995317
79,0.654213,0.211304,0.094231,0.705703,0.132668,0.0622007,0.00846366
80,0.654213,0.211304,0.094231,0.705703,0.132668,0.0622007,0.00846366
81,0.725777,0.167641,0.0937516,0.75297,0.140932,0.0623832,0.00802819
82,0.725777,0.167641,0.0937516,0.75297,0.140932,0.0623832,0.00802819
83,0.725777,0.167641,0.0937516,0.75297,0.140932,0.0623832,0.00802819
84,0.725777,0.167641,0.0937516,0.75297,0.140932,0.0623832,0.00802819
85,0.725777,0.167641,0.0937516,0.75297,0.140932,0.0623832,0.00802819
86,0.725777,0.167641,0.0937516,0.75297,0.140932,0.0623832,0.00802819
87,0.725777,0.167641,0.0937516,0.75297,0.140932,0.0623832,0.00802819
88,0.725777,0.167641,0.0937516,0.75297,0.140932,0.0623832,0.00802819
89,0.725777,0.167641,0.0937516,0.75297,0.140932,0.0623832,0.00802819
90,0.810403,0.210049,0.0952729,0.753606,0.140882,0.0658188,0.00746018
91,0.810403,0.210049,0.0952729,0.753606,0.140882,0.0658188,0.00746018
92,0.810403,0.210049,0.0952729,0.753606,0.140882,0.0658188,0.00746018
93,0.810404,0.209548,0.0952995,0.753579,0.140865,0.0658345,0.00744629
94,0.810404,0.209548,0.0952995,0.753579,0.140865,0.0658345,0.00744629
95,0.810404,0.209548,0.0952995,0.753579,0.140865,0.0658345,0.00744629
96,0.840604,0.261771,0.0952995,0.753579,0.140865,0.0658345,0.00742595
97,0.86106,0.262856,0.0952995,0.753579,0.140865,0.0658345,0.00737713
98,0.86106,0.262856,0.0952995,0.753579,0.140865,0.0658345,0.00737713
99,0.82359,0.223509,0.0951226,0.745996,0.140022,0.0637938,0.00721978
100,0.682041,0.184009,0.0994748,0.752624,0.147451,0.0677793,0.00699289
101,0.804961,0.231974,0.101621,0.746791,0.134187,0.0716144,0.00637708
102,0.804961,0.231974,0.101621,0.746791,0.134187,0.0716144,0.00637708
103,0.819655,0.23164,0.099014,0.748953,0.136856,0.0690767,0.00629031
104,0.819655,0.23164,0.099014,0.748953,0.136856,0.0690767,0.00629031
105,0.819655,0.23164,0.099014,0.748953,0.136856,0.0690767,0.00629031
106,0.866881,0.282281,0.100737,0.747524,0.135092,0.0707539,0.00617973
107,0.866881,0.282281,0.100737,0.747524,0.135092,0.0707539,0.00617973
108,0.866881,0.282281,0.100737,0.747524,0.135092,0.0707539,0.00617973
109,0.866881,0.282281,0.100737,0.747524,0.135092,0.0707539,0.00617973
110,0.866881,0.282281,0.100737,0.747524,0.135092,0.0707539,0.00617973
111,0.866881,0.282281,0.100737,0.747524,0.135092,0.0707539,0.00617973
112,0.866881,0.282281,0.100737,0.747524,0.135092,0.0707539,0.00617973
113,0.866881,0.282281,0.100737,0.747524,0.135092,0.0707539,0.00617973
114,0.866881,0.282281,0.100737,0.747524,0.135092,0.0707539,0.00617973
115,0.866881,0.282281,0.100737,0.747524,0.135092,0.0707539,0.00617973
116,0.866881,0.282281,0.100737,0.747524,0.135092,0.0707539,0.00617973
117,0.832808,0.238136,0.0975372,0.745601,0.132609,0.0663676,0.00615958
118,0.872462,0.281021,0.0983678,0.744805,0.134363,0.0671851,0.00607856
119,0.872462,0.281021,0.0983678,0.744805,0.134363,0.0671851,0.00607856
120,0.872462,0.281021,0.0983678,0.744805,0.134363,0.0671851,0.00607856
121,0.872462,0.281021,0.0983678,0.744805,0.134363,0.0671851,0.00607856
122,0.872462,0.281021,0.0983678,0.744805,0.134363,0.0671851,0.00607856
123,0.872462,0.281021,0.0983678,0.744805,0.134363,0.0671851,0.00607856
124,0.872462,0.281021,0.0983678,0.744805,0.134363,0.0671851,0.00607856
125,0.872462,0.281021,0.0983678,0.744805,0.134363,0.0671851,0.00607856
126,0.872462,0.281021,0.0983678,0.744805,0.134363,0.0671851,0.00607856
127,0.872462,0.281021,0.0983678,0.744805,0.134363,0.0671851,0.00607856
128,0.894586,0.277197,0.100988,0.75216,0.132465,0.069742,0.00603
129,0.886218,0.277189,0.100917,0.750465,0.13305,0.0699101,0.00601473
130,0.844232,0.303063,0.100976,0.751872,0.132564,0.0697706,0.00597628
131,0.844232,0.303063,0.100976,0.751872,0.132564,0.0697706,0.00597628
132,0.918783,0.33037,0.100929,0.750761,0.132947,0.0698807,0.00595265
133,0.918783,0.33037,0.100929,0.750761,0.132947,0.0698807,0.00595265
134,0.918783,0.33037,0.100929,0.750761,0.132947,0.0698807,0.00595265
135,0.918783,0.33037,0.100929,0.750761,0.132947,0.0698807,0.00595265
136,0.919926,0.327433,0.100929,0.750761,0.132947,0.0698807,0.00594513
137,0.919926,0.327433,0.100929,0.750761,0.132947,0.0698807,0.00594513
138,0.919926,0.327433,0.100929,0.750761,0.132947,0.0698807,0.00594513
139,0.919926,0.327433,0.100929,0.750761,0.132947,0.0698807,0.00594513
140,0.924888,0.327884,0.102342,0.767449,0.133531,0.0715587,0.00590381
141,0.924888,0.327884,0.102342,0.767449,0.133531,0.0715587,0.00590381
142,0.924888,0.327884,0.102342,0.767449,0.133531,0.0715587,0.00590381
143,0.924888,0.327884,0.102342,0.767449,0.133531,0.0715587,0.00590381
144,0.924888,0.327884,0.102342,0.767449,0.133531,0.0715587,0.00590381
145,0.924888,0.327884,0.102342,0.767449,0.133531,0.0715587,0.00590381
146,0.924888,0.327884,0.102342,0.767449,0.133531,0.0715587,0.00590381
147,0.924888,0.327884,0.102342,0.767449,0.133531,0.0715587,0.00590381
148,0.924888,0.327884,0.102342,0.767449,0.133531,0.0715587,0.00590381
149,0.898349,0.269012,0.0980556,0.770787,0.133755,0.06683,0.00572684
150,0.898349,0.269012,0.0980556,0.770787,0.133755,0.06683,0.00572684
151,0.930026,0.327198,0.100666,0.765269,0.13213,0.0693146,0.00564285
152,0.9121,0.305509,0.0995982,0.768991,0.133611,0.0685103,0.00555666
153,0.9121,0.305509,0.0995982,0.768991,0.133611,0.0685103,0.00555666
154,0.9121,0.305509,0.0995982,0.768991,0.133611,0.0685103,0.00555666
155,0.9121,0.305509,0.0995982,0.768991,0.133611,0.0685103,0.00555666
156,0.9121,0.305509,0.0995982,0.768991,0.133611,0.0685103,0.00555666
157,0.940479,0.297121,0.0998756,0.784495,0.12331,0.0697472,0.00490719
158,0.940479,0.297121,0.0998756,0.784495,0.12331,0.0697472,0.00490719
159,0.940479,0.297121,0.0998756,0.784495,0.12331,0.0697472,0.00490719
160,0.940479,0.297121,0.0998756,0.784495,0.12331,0.0697472,0.00490719
161,0.961959,0.388722,0.102286,0.788846,0.109853,0.0732641,0.00482005
162,0.958683,0.31566,0.100974,0.785921,0.119893,0.0704158,0.00472097
163,0.958683,0.31566,0.100974,0.785921,0.119893,0.0704158,0.00472097
164,0.935032,0.331621,0.100974,0.785921,0.119893,0.0704158,0.00463979
165,0.935032,0.331621,0.100974,0.785921,0.119893,0.0704158,0.00463979
166,0.970335,0.359457,0.100974,0.785921,0.119893,0.0704158,0.00463404
167,0.988546,0.351625,0.101521,0.787141,0.115704,0.0716042,0.00456326
168,0.988546,0.351625,0.101521,0.787141,0.115704,0.0716042,0.00456326
169,0.988546,0.351625,0.101521,0.787141,0.115704,0.0716042,0.00456326
170,0.988546,0.351625,0.101521,0.787141,0.115704,0.0716042,0.00456326
171,0.988546,0.351625,0.101521,0.787141,0.115704,0.0716042,0.00456326
172,0.988546,0.351625,0.101521,0.787141,0.115704,0.0716042,0.00456326
173,0.954934,0.284452,0.101035,0.754432,0.0956816,0.069852,0.00454434
174,0.860924,0.312163,0.101262,0.792494,0.11216,0.0713571,0.00434197
175,0.864437,0.308017,0.101262,0.792494,0.11216,0.0713571,0.0043347
176,0.864437,0.308017,0.101262,0.792494,0.11216,0.0713571,0.0043347
177,0.864437,0.308017,0.101262,0.792494,0.11216,0.0713571,0.0043347
178,0.864437,0.308017,0.101262,0.792494,0.11216,0.0713571,0.0043347
179,0.864437,0.308017,0.101262,0.792494,0.11216,0.0713571,0.0043347
180,0.864437,0.308017,0.101262,0.792494,0.11216,0.0713571,0.0043347
181,0.877615,0.296442,0.101223,0.785947,0.109325,0.0710982,0.00426575
182,0.877991,0.296931,0.101223,0.785947,0.109325,0.0710982,0.00426448
183,0.819684,0.29656,0.101223,0.785947,0.109325,0.0710982,0.00425797
184,0.819684,0.29656,0.101223,0.785947,0.109325,0.0710982,0.00425797
185,0.819684,0.29656,0.101223,0.785947,0.109325,0.0710982,0.00425797
186,0.819684,0.29656,0.101223,0.785947,0.109325,0.0710982,0.00425797
187,0.819122,0.283521,0.101223,0.785947,0.109325,0.0710982,0.00424896
188,0.819122,0.283521,0.101223,0.785947,0.109325,0.0710982,0.00424896
189,0.819122,0.283521,0.101223,0.785947,0.109325,0.0710982,0.00424896
190,0.819122,0.283521,0.101223,0.785947,0.109325,0.0710982,0.00424896
191,0.819122,0.283521,0.101223,0.785947,0.109325,0.0710982,0.00424896
192,0.819122,0.283521,0.101223,0.785947,0.109325,0.0710982,0.00424896
193,0.819122,0.283521,0.101223,0.785947,0.109325,0.0710982,0.00424896
194,0.819122,0.283521,0.101223,0.785947,0.109325,0.0710982,0.00424896
195,0.822203,0.279528,0.10046,0.77769,0.10829,0.0700881,0.00423464
196,0.822203,0.279528,0.10046,0.77769,0.10829,0.0700881,0.00423464
197,0.822203,0.279528,0.10046,0.77769,0.10829,0.0700881,0.00423464
198,0.822203,0.279528,0.10046,0.77769,0.10829,0.0700881,0.00423464
199,0.822203,0.279528,0.10046,0.77769,0.10829,0.0700881,0.00423464
200,0.822203,0.279528,0.10046,0.77769,0.10829,0.0700881,0.00423464
201,0.822203,0.279528,0.10046,0.77769,0.10829,0.0700881,0.00423464
202,0.822203,0.279528,0.10046,0.77769,0.10829,0.0700881,0.00404732
203,0.822203,0.279528,0.10046,0.77769,0.10829,0.0700881,0.00404732
204,0.822203,0.279528,0.10046,0.77769,0.10829,0.0700881,0.00404732
205,0.822203,0.279528,0.10046,0.77769,0.10829,0.0700881,0.00404732
206,0.822203,0.279528,0.10046,0.77769,0.10829,0.0700881,0.00404732
207,0.822203,0.279528,0.10046,0.77769,0.10829,0.0700881,0.00404732
208,0.822203,0.279528,0.10046,0.77769,0.10829,0.0700881,0.00404732
209,0.822203,0.279528,0.10046,0.77769,0.10829,0.0700881,0.00404732
210,0.822203,0.279528,0.10046,0.77769,0.10829,0.0700881,0.00404732
211,0.822203,0.279528,0.10046,0.77769,0.10829,0.0700881,0.00404732
212,0.822203,0.279528,0.10046,0.77769,0.10829,0.0700881,0.00404732
213,0.822203,0.279528,0.10046,0.77769,0.10829,0.0700881,0.00404732
214,0.822203,0.279528,0.10046,0.77769,0.10829,0.0700881,0.00404732
215,0.822203,0.279528,0.10046,0.77769,0.10829,0.0700881,0.00404732
216,0.822203,0.279528,0.10046,0.77769,0.10829,0.0700881,0.00404732
217,0.822203,0.279528,0.10046,0.77769,0.10829,0.0700881,0.00404732
218,0.822203,0.279528,0.10046,0.77769,0.10829,0.0700881,0.00404732
219,0.791596,0.30045,0.100133,0.781712,0.105642,0.0686919,0.00401867
220,0.791596,0.30045,0.100133,0.781712,0.105642,0.0686919,0.00401867
221,0.791596,0.30045,0.100133,0.781712,0.105642,0.0686919,0.00401867
222,0.791596,0.30045,0.100133,0.781712,0.105642,0.0686919,0.00401867
223,0.791596,0.30045,0.100133,0.781712,0.105642,0.0686919,0.00401867
224,0.791596,0.30045,0.100133,0.781712,0.105642,0.0686919,0.00401867
225,0.791596,0.30045,0.100133,0.781712,0.105642,0.0686919,0.00401867
226,0.791596,0.30045,0.100133,0.781712,0.105642,0.0686919,0.00401867
227,0.781345,0.285409,0.100091,0.782106,0.107397,0.0696158,0.00401499
228,0.753825,0.268237,0.10076,0.779905,0.107485,0.0698399,0.00400524
229,0.753825,0.268237,0.10076,0.779905,0.107485,0.0698399,0.00400524
230,0.753825,0.268237,0.10076,0.779905,0.107485,0.0698399,0.00400524
231,0.753825,0.268237,0.10076,0.779905,0.107485,0.0698399,0.00400524
232,0.753825,0.268237,0.10076,0.779905,0.107485,0.0698399,0.00400524
233,0.753825,0.268237,0.10076,0.779905,0.107485,0.0698399,0.00400524
234,0.753825,0.268237,0.10076,0.779905,0.107485,0.0698399,0.00400524
235,0.753825,0.268237,0.10076,0.779905,0.107485,0.0698399,0.00400524
236,0.753825,0.268237,0.10076,0.779905,0.107485,0.0698399,0.00400524
237,0.753825,0.268237,0.10076,0.779905,0.107485,0.0698399,0.00400524
238,0.753825,0.268237,0.10076,0.779905,0.107485,0.0698399,0.00400524
239,0.753825,0.268237,0.10076,0.779905,0.107485,0.0698399,0.00400524
240,0.753825,0.268237,0.10076,0.779905,0.107485,0.0698399,0.00400524
241,0.753825,0.268237,0.10076,0.779905,0.107485,0.0698399,0.00400524
242,0.753825,0.268237,0.10076,0.779905,0.107485,0.0698399,0.00400524
243,0.753825,0.268237,0.10076,0.779905,0.107485,0.0698399,0.00400524
244,0.753825,0.268237,0.10076,0.779905,0.107485,0.0698399,0.00400524
245,0.753825,0.268237,0.10076,0.779905,0.107485,0.0698399,0.00400524
246,0.753825,0.268237,0.10076,0.779905,0.107485,0.0698399,0.00400524
247,0.753825,0.268237,0.10076,0.779905,0.107485,0.0698399,0.00400524
248,0.753825,0.268237,0.10076,0.779905,0.107485,0.0698399,0.00400524
249,0.753825,0.268237,0.10076,0.779905,0.107485,0.0698399,0.00400524
250,0.797528,0.300262,0.10024,0.781176,0.106293,0.0690439,0.00399104
251,0.797528,0.300262,0.10024,0.781176,0.106293,0.0690439,0.00399104
252,0.797528,0.300262,0.10024,0.781176,0.106293,0.0690439,0.00399104
253,0.758256,0.263814,0.0998279,0.779756,0.10667,0.0688833,0.00398986
254,0.758256,0.263814,0.0998279,0.779756,0.10667,0.0688833,0.00398986
255,0.774259,0.272768,0.100075,0.781426,0.106791,0.0692678,0.00395495
256,0.774259,0.272768,0.100075,0.781426,0.106791,0.0692678,0.00395495
257,0.774259,0.272768,0.100075,0.781426,0.106791,0.0692678,0.00395495
258,0.797201,0.279179,0.100075,0.781426,0.106791,0.0692678,0.00394402
259,0.784405,0.275944,0.0998896,0.782707,0.105879,0.0688096,0.00393209
260,0.784405,0.275944,0.0998896,0.782707,0.105879,0.0688096,0.00393209
261,0.784405,0.275944,0.0998896,0.782707,0.105879,0.0688096,0.00393209
262,0.784405,0.275944,0.0998896,0.782707,0.105879,0.0688096,0.00393209
263,0.745607,0.298979,0.102247,0.827019,0.093135,0.0708524,0.00332559
264,0.745607,0.298979,0.102247,0.827019,0.093135,0.0708524,0.00332559
265,0.745607,0.298979,0.102247,0.827019,0.093135,0.0708524,0.00332559
266,0.745607,0.298979,0.102247,0.827019,0.093135,0.0708524,0.00332559
267,0.739515,0.295007,0.101513,0.824396,0.0928823,0.0707299,0.00325383
268,0.76671,0.270462,0.101513,0.824396,0.0928823,0.0707299,0.00318525
269,0.752936,0.284763,0.101513,0.824396,0.0928823,0.0707299,0.00317436
270,0.752936,0.284763,0.101513,0.824396,0.0928823,0.0707299,0.00317436
271,0.752936,0.284763,0.101513,0.824396,0.0928823,0.0707299,0.00317436
272,0.752936,0.284763,0.101513,0.824396,0.0928823,0.0707299,0.00317436
273,0.752936,0.284763,0.101513,0.824396,0.0928823,0.0707299,0.00317436
274,0.752936,0.284763,0.101513,0.824396,0.0928823,0.0707299,0.00317436
275,0.752936,0.284763,0.101513,0.824396,0.0928823,0.0707299,0.00317436
276,0.752936,0.284763,0.101513,0.824396,0.0928823,0.0707299,0.00317436
277,0.752936,0.284763,0.101513,0.824396,0.0928823,0.0707299,0.00317436
278,0.752936,0.284763,0.101513,0.824396,0.0928823,0.0707299,0.00317436
279,0.809408,0.306069,0.102007,0.832515,0.0887615,0.0707103,0.00309977
280,0.809408,0.306069,0.102007,0.832515,0.0887615,0.0707103,0.00309977
281,0.809408,0.306069,0.102007,0.832515,0.0887615,0.0707103,0.00309977
282,0.809408,0.306069,0.102007,0.832515,0.0887615,0.0707103,0.00309977
283,0.809408,0.306069,0.102007,0.832515,0.0887615,0.0707103,0.00309977
284,0.809408,0.306069,0.102007,0.832515,0.0887615,0.0707103,0.00309977
285,0.809408,0.306069,0.102007,0.832515,0.0887615,0.0707103,0.00309977
286,0.809408,0.306069,0.102007,0.832515,0.0887615,0.0707103,0.00309977
287,0.790562,0.294554,0.101339,0.830337,0.0909322,0.070731,0.00306765
288,0.790562,0.294554,0.101339,0.830337,0.0909322,0.070731,0.00306765
289,0.790562,0.294554,0.101339,0.830337,0.0909322,0.070731,0.00306765
290,0.790562,0.294554,0.101339,0.830337,0.0909322,0.070731,0.00306765
291,0.790562,0.294554,0.101339,0.830337,0.0909322,0.070731,0.00306765
292,0.790562,0.294554,0.101339,0.830337,0.0909322,0.070731,0.00306765
293,0.790562,0.294554,0.101339,0.830337,0.0909322,0.070731,0.00306765
294,0.790562,0.294554,0.101339,0.830337,0.0909322,0.070731,0.00306765
295,0.797829,0.288955,0.101023,0.83124,0.0899713,0.0706477,0.00306123
296,0.806249,0.298278,0.101023,0.83124,0.0899713,0.0706477,0.00305267
297,0.806249,0.298278,0.101023,0.83124,0.0899713,0.0706477,0.00305267
298,0.806249,0.298278,0.101023,0.83124,0.0899713,0.0706477,0.00305267
299,0.806249,0.298278,0.101023,0.83124,0.0899713,0.0706477,0.00305267
300,0.806249,0.298278,0.101023,0.83124,0.0899713,0.0706477,0.00305267
301,0.806249,0.298278,0.101023,0.83124,0.0899713,0.0706477,0.00305267
302,0.806249,0.298278,0.101023,0.83124,0.0899713,0.0706477,0.00305267
303,0.806249,0.298278,0.101023,0.83124,0.0899713,0.0706477,0.00305267
304,0.806249,0.298278,0.101023,0.83124,0.0899713,0.0706477,0.00305267
305,0.806249,0.298278,0.101023,0.83124,0.0899713,0.0706477,0.00305267
306,0.806249,0.298278,0.101023,0.83124,0.0899713,0.0706477,0.00305267
307,0.806249,0.298278,0.101023,0.83124,0.0899713,0.0706477,0.00305267
308,0.806249,0.298278,0.101023,0.83124,0.0899713,0.0706477,0.00305267
309,0.806249,0.298278,0.101023,0.83124,0.0899713,0.0706477,0.00305267
310,0.806249,0.298278,0.101023,0.83124,0.0899713,0.0706477,0.00305267
311,0.806249,0.298278,0.101023,0.83124,0.0899713,0.0706477,0.00305267
312,0.806249,0.298278,0.101023,0.83124,0.0899713,0.0706477,0.00305267
313,0.806249,0.298278,0.101023,0.83124,0.0899713,0.0706477,0.00305267
314,0.806249,0.298278,0.101023,0.83124,0.0899713,0.0706477,0.00305267
315,0.806249,0.298278,0.101023,0.83124,0.0899713,0.0706477,0.00305267
316,0.806249,0.298278,0.101023,0.83124,0.0899713,0.0706477,0.00305267
317,0.806249,0.298278,0.101023,0.83124,0.0899713,0.0706477,0.00305267
318,0.794836,0.293711,0.101106,0.831911,0.0898385,0.0702391,0.003044
319,0.794836,0.293711,0.101106,0.831911,0.0898385,0.0702391,0.003044
320,0.794836,0.293711,0.101106,0.831911,0.0898385,0.0702391,0.003044
321,0.798805,0.296073,0.101102,0.831368,0.0900756,0.0704676,0.0030411
322,0.798805,0.296073,0.101102,0.831368,0.0900756,0.0704676,0.0030411
323,0.798805,0.296073,0.101102,0.831368,0.0900756,0.0704676,0.0030411
324,0.798805,0.296073,0.101102,0.831368,0.0900756,0.0704676,0.0030411
325,0.798805,0.296073,0.101102,0.831368,0.0900756,0.0704676,0.0030411
326,0.781056,0.293436,0.100484,0.833353,0.0876174,0.0696744,0.00300368
327,0.781056,0.293436,0.100484,0.833353,0.0876174,0.0696744,0.00300368
328,0.781056,0.293436,0.100484,0.833353,0.0876174,0.0696744,0.00300368
329,0.781056,0.293436,0.100484,0.833353,0.0876174,0.0696744,0.00300368
330,0.781056,0.293436,0.100484,0.833353,0.0876174,0.0696744,0.00300368
331,0.781056,0.293436,0.100484,0.833353,0.0876174,0.0696744,0.00300368
332,0.781056,0.293436,0.100484,0.833353,0.0876174,0.0696744,0.00300368
333,0.781056,0.293436,0.100484,0.833353,0.0876174,0.0696744,0.00300368
334,0.849416,0.316231,0.100436,0.83329,0.0876364,0.0697481,0.00299972
335,0.87809,0.344427,0.100436,0.83329,0.0876364,0.0697481,0.00298333
336,0.87809,0.344427,0.100436,0.83329,0.0876364,0.0697481,0.00298333
337,0.87809,0.344427,0.100436,0.83329,0.0876364,0.0697481,0.00298333
338,0.87809,0.344427,0.100436,0.83329,0.0876364,0.0697481,0.00298333
339,0.87809,0.344427,0.100436,0.83329,0.0876364,0.0697481,0.00298333
340,0.87809,0.344427,0.100436,0.83329,0.0876364,0.0697481,0.00298333
341,0.87809,0.344427,0.100436,0.83329,0.0876364,0.0697481,0.00298333
342,0.87809,0.344427,0.100436,0.83329,0.0876364,0.0697481,0.00298333
343,0.87809,0.344427,0.100436,0.83329,0.0876364,0.0697481,0.00298333
344,0.87809,0.344427,0.100436,0.83329,0.0876364,0.0697481,0.00298333
345,0.87809,0.344427,0.100436,0.83329,0.0876364,0.0697481,0.00298333
346,0.87809,0.344427,0.100436,0.83329,0.0876364,0.0697481,0.00298333
347,0.87809,0.344427,0.100436,0.83329,0.0876364,0.0697481,0.00298333
348,0.87809,0.344427,0.100436,0.83329,0.0876364,0.0697481,0.00298333
349,0.87809,0.344427,0.100436,0.83329,0.0876364,0.0697481,0.00298333
350,0.87809,0.344427,0.100436,0.83329,0.0876364,0.0697481,0.00298333
351,0.87809,0.344427,0.100436,0.83329,0.0876364,0.0697481,0.00298333
352,0.87809,0.344427,0.100436,0.83329,0.0876364,0.0697481,0.00298333
353,0.87809,0.344427,0.100436,0.83329,0.0876364,0.0697481,0.00298333
354,0.87809,0.344427,0.100436,0.83329,0.0876364,0.0697481,0.00298333
355,0.87809,0.344427,0.100436,0.83329,0.0876364,0.0697481,0.00298333
356,0.916096,0.36617,0.100434,0.833324,0.0876508,0.0697334,0.00297871
357,0.916096,0.36617,0.100434,0.833324,0.0876508,0.0697334,0.00297871
358,0.916096,0.36617,0.100434,0.833324,0.0876508,0.0697334,0.00297871
359,0.916096,0.36617,0.100434,0.833324,0.0876508,0.0697334,0.00297871
360,0.843504,0.311739,0.101204,0.836784,0.0874999,0.0704946,0.00296497
361,0.843504,0.311739,0.101204,0.836784,0.0874999,0.0704946,0.00296497
362,0.843504,0.311739,0.101204,0.836784,0.0874999,0.0704946,0.00296497
363,0.843504,0.311739,0.101204,0.836784,0.0874999,0.0704946,0.00296497
364,0.843504,0.311739,0.101204,0.836784,0.0874999,0.0704946,0.00296497
365,0.868959,0.348784,0.101227,0.835922,0.0875802,0.0703879,0.00295589
366,0.868959,0.348784,0.101227,0.835922,0.0875802,0.0703879,0.00295589
367,0.8646,0.343206,0.101097,0.835633,0.0876299,0.0703295,0.00295349
368,0.8646,0.343206,0.101097,0.835633,0.0876299,0.0703295,0.00295349
369,0.8646,0.343206,0.101097,0.835633,0.0876299,0.0703295,0.00295349
370,0.8646,0.343206,0.101097,0.835633,0.0876299,0.0703295,0.00295349
371,0.865064,0.343712,0.101327,0.835207,0.0874315,0.0704686,0.00295346
372,0.865064,0.343712,0.101327,0.835207,0.0874315,0.0704686,0.00295346
373,0.865064,0.343712,0.101327,0.835207,0.0874315,0.0704686,0.00295346
374,0.865064,0.343712,0.101327,0.835207,0.0874315,0.0704686,0.00295346
375,0.865064,0.343712,0.101327,0.835207,0.0874315,0.0704686,0.00295346
376,0.920311,0.372905,0.101295,0.834787,0.0876031,0.0704469,0.00295275
377,0.895055,0.354539,0.101192,0.835093,0.0876316,0.0705123,0.00294572
378,0.895055,0.354539,0.101192,0.835093,0.0876316,0.0705123,0.00294572
379,0.901186,0.362758,0.1013,0.835828,0.0871547,0.0704315,0.00294016
380,0.901186,0.362758,0.1013,0.835828,0.0871547,0.0704315,0.00294016
381,0.901186,0.362758,0.1013,0.835828,0.0871547,0.0704315,0.00294016
382,0.901186,0.362758,0.1013,0.835828,0.0871547,0.0704315,0.00294016
383,0.901186,0.362758,0.1013,0.835828,0.0871547,0.0704315,0.00294016
384,0.901186,0.362758,0.1013,0.835828,0.0871547,0.0704315,0.00294016
385,0.901186,0.362758,0.1013,0.835828,0.0871547,0.0704315,0.00294016
386,0.901186,0.362758,0.1013,0.835828,0.0871547,0.0704315,0.00294016
387,0.901186,0.362758,0.1013,0.835828,0.0871547,0.0704315,0.00294016
388,0.901186,0.362758,0.1013,0.835828,0.0871547,0.0704315,0.00294016
389,0.901186,0.362758,0.1013,0.835828,0.0871547,0.0704315,0.00294016
390,0.901186,0.362758,0.1013,0.835828,0.0871547,0.0704315,0.00294016
391,0.902177,0.362313,0.100997,0.835938,0.0870256,0.0704101,0.00293534
392,0.902177,0.362313,0.100997,0.835938,0.0870256,0.0704101,0.00293534
393,0.902177,0.362313,0.100997,0.835938,0.0870256,0.0704101,0.00293534
394,0.901078,0.359153,0.100933,0.836091,0.0870383,0.0703673,0.00293426
395,0.901078,0.359153,0.100933,0.836091,0.0870383,0.0703673,0.00293426
396,0.901078,0.359153,0.100933,0.836091,0.0870383,0.0703673,0.00293426
397,0.917369,0.359999,0.100965,0.835922,0.0871463,0.0703728,0.00293055
398,0.917369,0.359999,0.100965,0.835922,0.0871463,0.0703728,0.00293055
399,0.917369,0.359999,0.100965,0.835922,0.0871463,0.0703728,0.00293055
400,0.917369,0.359999,0.100965,0.835922,0.0871463,0.0703728,0.00293055
401,0.917369,0.359999,0.100965,0.835922,0.0871463,0.0703728,0.00293055
402,0.917369,0.359999,0.100965,0.835922,0.0871463,0.0703728,0.00293055
403,0.917369,0.359999,0.100965,0.835922,0.0871463,0.0703728,0.00292921
404,0.917369,0.359999,0.100965,0.835922,0.0871463,0.0703728,0.00292921
405,0.917369,0.359999,0.100965,0.835922,0.0871463,0.0703728,0.00292921
406,0.917369,0.359999,0.100965,0.835922,0.0871463,0.0703728,0.00292921
407,0.917369,0.359999,0.100965,0.835922,0.0871463,0.0703728,0.00292921
408,0.917369,0.359999,0.100965,0.835922,0.0871463,0.0703728,0.00292921
409,0.917369,0.359999,0.100965,0.835922,0.0871463,0.0703728,0.00292921
410,0.917369,0.359999,0.100965,0.835922,0.0871463,0.0703728,0.00292921
411,0.917369,0.359999,0.100965,0.835922,0.0871463,0.0703728,0.00292921
412,0.917369,0.359999,0.100965,0.835922,0.0871463,0.0703728,0.00292921
413,0.917369,0.359999,0.100965,0.835922,0.0871463,0.0703728,0.00292921
414,0.917369,0.359999,0.100965,0.835922,0.0871463,0.0703728,0.00292921
415,0.927747,0.36605,0.101391,0.83373,0.0789257,0.07069,0.00277251
416,0.912528,0.367339,0.101391,0.83373,0.0789257,0.07069,0.00276499
417,0.912528,0.367339,0.101391,0.83373,0.0789257,0.07069,0.00276499
418,0.912528,0.367339,0.101391,0.83373,0.0789257,0.07069,0.00276499
419,0.912528,0.367339,0.101391,0.83373,0.0789257,0.07069,0.00276499
420,0.912528,0.367339,0.101391,0.83373,0.0789257,0.07069,0.00276499
421,0.912528,0.367339,0.101391,0.83373,0.0789257,0.07069,0.00276499
422,0.912528,0.367339,0.101391,0.83373,0.0789257,0.07069,0.00276499
423,0.912528,0.367339,0.101391,0.83373,0.0789257,0.07069,0.00276499
424,0.912528,0.367339,0.101391,0.83373,0.0789257,0.07069,0.00276499
425,0.912528,0.367339,0.101391,0.83373,0.0789257,0.07069,0.00276499
426,0.912528,0.367339,0.101391,0.83373,0.0789257,0.07069,0.00276499
427,0.912528,0.367339,0.101391,0.83373,0.0789257,0.07069,0.00276499
428,0.912528,0.367339,0.101391,0.83373,0.0789257,0.07069,0.00276499
429,0.912528,0.367339,0.101391,0.83373,0.0789257,0.07069,0.00276499
430,0.912528,0.367339,0.101391,0.83373,0.0789257,0.07069,0.00276499
431,0.912528,0.367339,0.101391,0.83373,0.0789257,0.07069,0.00276499
432,0.912528,0.367339,0.101391,0.83373,0.0789257,0.07069,0.00276499
433,0.912528,0.367339,0.101391,0.83373,0.0789257,0.07069,0.00276499
434,0.912528,0.367339,0.101391,0.83373,0.0789257,0.07069,0.00276499
435,0.912528,0.367339,0.101391,0.83373,0.0789257,0.07069,0.00276499
436,0.912528,0.367339,0.101391,0.83373,0.0789257,0.07069,0.00276499
437,0.896551,0.352583,0.101775,0.83344,0.0768468,0.0712761,0.00273887
438,0.896551,0.352583,0.101775,0.83344,0.0768468,0.0712761,0.00273887
439,0.896551,0.352583,0.101775,0.83344,0.0768468,0.0712761,0.00273887
440,0.896551,0.352583,0.101775,0.83344,0.0768468,0.0712761,0.00273887
441,0.896551,0.352583,0.101775,0.83344,0.0768468,0.0712761,0.00273887
442,0.914464,0.368605,0.101961,0.833324,0.0757995,0.0715858,0.00272436
443,0.914464,0.368605,0.101961,0.833324,0.0757995,0.0715858,0.00272436
444,0.914464,0.368605,0.101961,0.833324,0.0757995,0.0715858,0.00272436
445,0.914464,0.368605,0.101961,0.833324,0.0757995,0.0715858,0.00272436
446,0.914464,0.368605,0.101961,0.833324,0.0757995,0.0715858,0.00272436
447,0.914464,0.368605,0.101961,0.833324,0.0757995,0.0715858,0.00272436
448,0.914464,0.368605,0.101961,0.833324,0.0757995,0.0715858,0.00272436
449,0.917953,0.36549,0.101067,0.832185,0.0758999,0.0705334,0.00272335
450,0.917953,0.36549,0.101067,0.832185,0.0758999,0.0705334,0.00272335
451,0.917953,0.36549,0.101067,0.832185,0.0758999,0.0705334,0.00272335
452,0.917953,0.36549,0.101067,0.832185,0.0758999,0.0705334,0.00272335
453,0.917953,0.36549,0.101067,0.832185,0.0758999,0.0705334,0.00272335
454,0.917953,0.36549,0.101067,0.832185,0.0758999,0.0705334,0.00272335
455,0.917953,0.36549,0.101067,0.832185,0.0758999,0.0705334,0.00272335
456,0.917101,0.366291,0.101345,0.83254,0.0758687,0.0708612,0.00271647
457,0.917101,0.366291,0.101345,0.83254,0.0758687,0.0708612,0.00271647
458,0.917101,0.366291,0.101345,0.83254,0.0758687,0.0708612,0.00271647
459,0.917101,0.366291,0.101345,0.83254,0.0758687,0.0708612,0.00271647
460,0.900647,0.401303,0.101848,0.825404,0.0651607,0.0713077,0.00263793
461,0.905605,0.406209,0.101905,0.821431,0.0598367,0.0711786,0.0025577
462,0.896784,0.378987,0.101874,0.823577,0.0627124,0.0712484,0.0025356
463,0.896784,0.378987,0.101874,0.823577,0.0627124,0.0712484,0.0025356
464,0.896784,0.378987,0.101874,0.823577,0.0627124,0.0712484,0.0025356
465,0.896784,0.378987,0.101874,0.823577,0.0627124,0.0712484,0.0025356
466,0.896784,0.378987,0.101874,0.823577,0.0627124,0.0712484,0.0025356
467,0.896784,0.378987,0.101874,0.823577,0.0627124,0.0712484,0.0025356
468,0.896784,0.378987,0.101874,0.823577,0.0627124,0.0712484,0.0025356
469,0.896784,0.378987,0.101874,0.823577,0.0627124,0.0712484,0.0025356
470,0.896784,0.378987,0.101874,0.823577,0.0627124,0.0712484,0.0025356
471,0.896784,0.378987,0.101874,0.823577,0.0627124,0.0712484,0.0025356
472,0.903052,0.381137,0.101874,0.823577,0.0627124,0.0712484,0.00253406
473,0.903052,0.381137,0.101874,0.823577,0.0627124,0.0712484,0.00253406
474,0.903052,0.381137,0.101874,0.823577,0.0627124,0.0712484,0.00253406
475,0.903052,0.381137,0.101874,0.823577,0.0627124,0.0712484,0.00253406
476,0.903052,0.381137,0.101874,0.823577,0.0627124,0.0712484,0.00253406
477,0.903052,0.381137,0.101874,0.823577,0.0627124,0.0712484,0.00253406
478,0.903052,0.381137,0.101874,0.823577,0.0627124,0.0712484,0.00253406
479,0.903052,0.381137,0.101874,0.823577,0.0627124,0.0712484,0.00253406
480,0.905,0.375305,0.101869,0.823603,0.0627085,0.071254,0.00253201
481,0.905,0.375305,0.101869,0.823603,0.0627085,0.071254,0.00253201
482,0.905,0.375305,0.101869,0.823603,0.0627085,0.071254,0.00253201
483,0.905,0.375305,0.101869,0.823603,0.0627085,0.071254,0.00253201
484,0.905,0.375305,0.101869,0.823603,0.0627085,0.071254,0.00253201
485,0.905,0.375305,0.101869,0.823603,0.0627085,0.071254,0.00253201
486,0.905,0.375305,0.101869,0.823603,0.0627085,0.071254,0.00253201
487,0.905,0.375305,0.101869,0.823603,0.0627085,0.071254,0.00253201
488,0.902172,0.371453,0.101717,0.823726,0.0626017,0.0711319,0.00253124
489,0.902172,0.371453,0.101717,0.823726,0.0626017,0.0711319,0.00253124
490,0.902172,0.371453,0.101717,0.823726,0.0626017,0.0711319,0.00253124
491,0.902172,0.371453,0.101717,0.823726,0.0626017,0.0711319,0.00253124
492,0.902172,0.371453,0.101717,0.823726,0.0626017,0.0711319,0.00253124
493,0.891434,0.373781,0.101845,0.823654,0.0623505,0.071234,0.00252854
494,0.891434,0.373781,0.101845,0.823654,0.0623505,0.071234,0.00252854
495,0.891434,0.373781,0.101845,0.823654,0.0623505,0.071234,0.00252854
496,0.891434,0.373781,0.101845,0.823654,0.0623505,0.071234,0.00252854
497,0.919601,0.386214,0.101837,0.823679,0.062545,0.0712248,0.00252828
498,0.919601,0.386214,0.101837,0.823679,0.062545,0.0712248,0.00252828
499,0.919601,0.386214,0.101837,0.823679,0.062545,0.0712248,0.00252828
500,0.919601,0.386214,0.101837,0.823679,0.062545,0.0712248,0.00252828
501,0.919601,0.386214,0.101837,0.823679,0.062545,0.0712248,0.00252828
502,0.919601,0.386214,0.101837,0.823679,0.062545,0.0712248,0.00252828
503,0.919601,0.386214,0.101837,0.823679,0.062545,0.0712248,0.00252828
504,0.919601,0.386214,0.101837,0.823679,0.062545,0.0712248,0.00252828
505,0.919601,0.386214,0.101837,0.823679,0.062545,0.0712248,0.00252828
506,0.919601,0.386214,0.101837,0.823679,0.062545,0.0712248,0.00252828
507,0.919601,0.386214,0.101837,0.823679,0.062545,0.0712248,0.00252828
508,0.919601,0.386214,0.101837,0.823679,0.062545,0.0712248,0.00252828
509,0.919601,0.386214,0.101837,0.823679,0.062545,0.0712248,0.00252828
510,0.919601,0.386214,0.101837,0.823679,0.062545,0.0712248,0.00252828
511,0.919601,0.386214,0.101837,0.823679,0.062545,0.0712248,0.00252828
512,0.919601,0.386214,0.101837,0.823679,0.062545,0.0712248,0.00252828
513,0.919601,0.386214,0.101837,0.823679,0.062545,0.0712248,0.00252828
514,0.919601,0.386214,0.101837,0.823679,0.062545,0.0712248,0.00252828
515,0.919601,0.386214,0.101837,0.823679,0.062545,0.0712248,0.00252828
516,0.919601,0.386214,0.101837,0.823679,0.062545,0.0712248,0.00252828
517,0.919601,0.386214,0.101837,0.823679,0.062545,0.0712248,0.00252828
518,0.924713,0.386371,0.101807,0.823686,0.0625761,0.0712031,0.00252821
519,0.924713,0.386371,0.101807,0.823686,0.0625761,0.0712031,0.00252821
520,0.924713,0.386371,0.101807,0.823686,0.0625761,0.0712031,0.00252821
521,0.924713,0.386371,0.101807,0.823686,0.0625761,0.0712031,0.00252821
522,0.924713,0.386371,0.101807,0.823686,0.0625761,0.0712031,0.00252821
523,0.90811,0.381447,0.101829,0.823668,0.0624514,0.0712192,0.00252815
524,0.933976,0.395513,0.101206,0.826662,0.060741,0.0708472,0.00252357
525,0.933343,0.388069,0.101473,0.825452,0.0615255,0.0710061,0.00251694
526,0.933343,0.388069,0.101473,0.825452,0.0615255,0.0710061,0.00251694
527,0.933343,0.388069,0.101473,0.825452,0.0615255,0.0710061,0.00251694
528,0.933343,0.388069,0.101473,0.825452,0.0615255,0.0710061,0.00251694
529,0.933343,0.388069,0.101473,0.825452,0.0615255,0.0710061,0.00251694
530,0.957154,0.407462,0.101501,0.825325,0.0616073,0.0710227,0.00251602
531,0.957154,0.407462,0.101501,0.825325,0.0616073,0.0710227,0.00251602
532,0.957154,0.407462,0.101501,0.825325,0.0616073,0.0710227,0.00251602
533,0.957154,0.407462,0.101501,0.825325,0.0616073,0.0710227,0.00251602
534,0.957154,0.407462,0.101501,0.825325,0.0616073,0.0710227,0.00251602
535,0.957154,0.407462,0.101501,0.825325,0.0616073,0.0710227,0.00251602
536,0.953979,0.403208,0.101742,0.82431,0.0615041,0.0712118,0.00251143
537,0.953979,0.403208,0.101742,0.82431,0.0615041,0.0712118,0.00251143
538,0.953979,0.403208,0.101742,0.82431,0.0615041,0.0712118,0.00251143
539,0.953979,0.403208,0.101742,0.82431,0.0615041,0.0712118,0.00251143
540,0.953979,0.403208,0.101742,0.82431,0.0615041,0.0712118,0.00251143
541,0.953979,0.403208,0.101742,0.82431,0.0615041,0.0712118,0.00251143
542,0.953979,0.403208,0.101742,0.82431,0.0615041,0.0712118,0.00251143
543,0.953979,0.403208,0.101742,0.82431,0.0615041,0.0712118,0.00251143
544,0.956867,0.406098,0.101765,0.824541,0.0615811,0.0711994,0.0025113
545,0.956867,0.406098,0.101765,0.824541,0.0615811,0.0711994,0.0025113
546,0.961716,0.409228,0.101609,0.824543,0.0614322,0.0710407,0.00251047
547,0.961716,0.409228,0.101609,0.824543,0.0614322,0.0710407,0.00251047
548,0.961716,0.409228,0.101609,0.824543,0.0614322,0.0710407,0.00251047
549,0.961716,0.409228,0.101609,0.824543,0.0614322,0.0710407,0.00251047
550,0.961716,0.409228,0.101609,0.824543,0.0614322,0.0710407,0.00251047
551,0.961716,0.409228,0.101609,0.824543,0.0614322,0.0710407,0.00251047
552,0.961716,0.409228,0.101609,0.824543,0.0614322,0.0710407,0.00251047
553,0.961716,0.409228,0.101609,0.824543,0.0614322,0.0710407,0.00251047
554,0.961716,0.409228,0.101609,0.824543,0.0614322,0.0710407,0.00251047
555,0.961716,0.409228,0.101609,0.824543,0.0614322,0.0710407,0.00251047
556,0.961716,0.409228,0.101609,0.824543,0.0614322,0.0710407,0.00251047
557,0.961716,0.409228,0.101609,0.824543,0.0614322,0.0710407,0.00251047
558,0.961716,0.409228,0.101609,0.824543,0.0614322,0.0710407,0.00251047
559,0.961716,0.409228,0.101609,0.824543,0.0614322,0.0710407,0.00251047
560,0.961716,0.409228,0.101609,0.824543,0.0614322,0.0710407,0.00251047
561,0.961716,0.409228,0.101609,0.824543,0.0614322,0.0710407,0.00251047
562,0.961716,0.409228,0.101609,0.824543,0.0614322,0.0710407,0.00251047
563,0.961716,0.409228,0.101609,0.824543,0.0614322,0.0710407,0.00251047
564,0.961716,0.409228,0.101609,0.824543,0.0614322,0.0710407,0.00251047
565,0.961716,0.409228,0.101609,0.824543,0.0614322,0.0710407,0.00251047
566,0.961716,0.409228,0.101609,0.824543,0.0614322,0.0710407,0.00251047
567,0.961716,0.409228,0.101609,0.824543,0.0614322,0.0710407,0.00251047
568,0.961716,0.409228,0.101609,0.824543,0.0614322,0.0710407,0.00251047
569,0.961716,0.409228,0.101609,0.824543,0.0614322,0.0710407,0.00251047
570,0.961716,0.409228,0.101609,0.824543,0.0614322,0.0710407,0.00251047
571,0.961716,0.409228,0.101609,0.824543,0.0614322,0.0710407,0.00251047
572,0.961716,0.409228,0.101609,0.824543,0.0614322,0.0710407,0.00251047
573,0.962458,0.407198,0.101541,0.824667,0.06131,0.070897,0.00251017
574,0.962458,0.407198,0.101541,0.824667,0.06131,0.070897,0.00251017
575,0.962458,0.407198,0.101541,0.824667,0.06131,0.070897,0.00251017
576,0.967639,0.411723,0.101541,0.824667,0.06131,0.070897,0.00250969
577,0.967639,0.411723,0.101541,0.824667,0.06131,0.070897,0.00250969
578,0.967639,0.411723,0.101541,0.824667,0.06131,0.070897,0.00250969
579,0.967639,0.411723,0.101541,0.824667,0.06131,0.070897,0.00250969
580,0.967639,0.411723,0.101541,0.824667,0.06131,0.070897,0.00250969
581,0.967639,0.411723,0.101541,0.824667,0.06131,0.070897,0.00250969
582,0.967639,0.411723,0.101541,0.824667,0.06131,0.070897,0.00250969
583,0.967639,0.411723,0.101541,0.824667,0.06131,0.070897,0.00250969
584,0.967639,0.411723,0.101541,0.824667,0.06131,0.070897,0.00250969
585,0.967639,0.411723,0.101541,0.824667,0.06131,0.070897,0.00250969
586,0.967639,0.411723,0.101541,0.824667,0.06131,0.070897,0.00250969
587,0.967639,0.411723,0.101541,0.824667,0.06131,0.070897,0.00250969
588,0.967639,0.411723,0.101541,0.824667,0.06131,0.070897,0.00250969
589,0.967639,0.411723,0.101541,0.824667,0.06131,0.070897,0.00250969
590,0.967639,0.411723,0.101541,0.824667,0.06131,0.070897,0.00250969
591,0.967639,0.411723,0.101541,0.824667,0.06131,0.070897,0.00250969
592,0.967639,0.411723,0.101541,0.824667,0.06131,0.070897,0.00250969
593,0.967639,0.411723,0.101541,0.824667,0.06131,0.070897,0.00250969
594,0.967639,0.411723,0.101541,0.824667,0.06131,0.070897,0.00250969
595,0.967639,0.411723,0.101541,0.824667,0.06131,0.070897,0.00250969
596,0.967639,0.411723,0.101541,0.824667,0.06131,0.070897,0.00250969
597,0.967639,0.411723,0.101541,0.824667,0.06131,0.070897,0.00250969
598,0.967639,0.411723,0.101541,0.824667,0.06131,0.070897,0.00250969
599,0.967639,0.411723,0.101541,0.824667,0.06131,0.070897,0.00250969
600,0.967639,0.411723,0.101541,0.824667,0.06131,0.070897,0.00250969
601,0.967639,0.411723,0.101541,0.824667,0.06131,0.070897,0.00250969
602,0.967639,0.411723,0.101541,0.824667,0.06131,0.070897,0.00250969
603,0.967639,0.411723,0.101541,0.824667,0.06131,0.070897,0.00250969
604,0.967639,0.411723,0.101541,0.824667,0.06131,0.070897,0.00250969
605,0.967639,0.411723,0.101541,0.824667,0.06131,0.070897,0.00250969
606,0.967639,0.411723,0.101541,0.824667,0.06131,0.070897,0.00250969
607,0.967639,0.411723,0.101541,0.824667,0.06131,0.070897,0.00250969
608,0.967639,0.411723,0.101541,0.824667,0.06131,0.070897,0.00250969
609,0.971672,0.414132,0.101569,0.824636,0.061349,0.0709474,0.00250917
610,0.97406,0.415636,0.101569,0.824636,0.061349,0.0709474,0.00250907
611,0.97406,0.415636,0.101569,0.824636,0.061349,0.0709474,0.00250907
612,0.97406,0.415636,0.101569,0.824636,0.061349,0.0709474,0.00250907
613,0.97406,0.415636,0.101569,0.824636,0.061349,0.0709474,0.00250907
614,0.97406,0.415636,0.101569,0.824636,0.061349,0.0709474,0.00250907
615,0.97406,0.415636,0.101569,0.824636,0.061349,0.0709474,0.00250907
616,0.97406,0.415636,0.101569,0.824636,0.061349,0.0709474,0.00250907
617,0.97406,0.415636,0.101569,0.824636,0.061349,0.0709474,0.00250907
618,0.97406,0.415636,0.101569,0.824636,0.061349,0.0709474,0.00250907
619,0.984432,0.419439,0.101569,0.824636,0.061349,0.0709474,0.00250837
620,0.984432,0.419439,0.101569,0.824636,0.061349,0.0709474,0.00250837
621,0.984432,0.419439,0.101569,0.824636,0.061349,0.0709474,0.00250837
622,0.984432,0.419439,0.101569,0.824636,0.061349,0.0709474,0.00250837
623,0.984432,0.419439,0.101569,0.824636,0.061349,0.0709474,0.00250837
624,0.984432,0.419439,0.101569,0.824636,0.061349,0.0709474,0.00250837
625,0.984432,0.419439,0.101569,0.824636,0.061349,0.0709474,0.00250837
626,0.984432,0.419439,0.101569,0.824636,0.061349,0.0709474,0.00250837
627,0.984432,0.419439,0.101569,0.824636,0.061349,0.0709474,0.00250837
628,0.984432,0.419439,0.101569,0.824636,0.061349,0.0709474,0.00250837
629,0.984432,0.419439,0.101569,0.824636,0.061349,0.0709474,0.00250837
630,0.984432,0.419439,0.101569,0.824636,0.061349,0.0709474,0.00250837
631,0.984432,0.419439,0.101569,0.824636,0.061349,0.0709474,0.00250837
632,0.984432,0.419439,0.101569,0.824636,0.061349,0.0709474,0.00250837
633,0.984432,0.419439,0.101569,0.824636,0.061349,0.0709474,0.00250837
634,0.984432,0.419439,0.101569,0.824636,0.061349,0.0709474,0.00250837
635,0.984432,0.419439,0.101569,0.824636,0.061349,0.0709474,0.00250837
636,0.984432,0.419439,0.101569,0.824636,0.061349,0.0709474,0.00250837
637,0.983062,0.420342,0.101617,0.824607,0.0613115,0.0709909,0.00250753
638,0.983062,0.420342,0.101617,0.824607,0.0613115,0.0709909,0.00250753
639,0.983062,0.420342,0.101617,0.824607,0.0613115,0.0709909,0.00250753
640,0.983062,0.420342,0.101617,0.824607,0.0613115,0.0709909,0.00250753
641,0.983062,0.420342,0.101617,0.824607,0.0613115,0.0709909,0.00250753
642,0.983062,0.420342,0.101617,0.824607,0.0613115,0.0709909,0.00250753
643,0.983062,0.420342,0.101617,0.824607,0.0613115,0.0709909,0.00250753
644,0.983884,0.418879,0.101521,0.824621,0.0611683,0.0709185,0.0025069
645,0.983884,0.418879,0.101521,0.824621,0.0611683,0.0709185,0.0025069
646,0.983884,0.418879,0.101521,0.824621,0.0611683,0.0709185,0.0025069
647,0.983884,0.418879,0.101521,0.824621,0.0611683,0.0709185,0.0025069
648,0.983884,0.418879,0.101521,0.824621,0.0611683,0.0709185,0.0025069
649,0.983884,0.418879,0.101521,0.824621,0.0611683,0.0709185,0.0025069
650,0.987315,0.429242,0.101733,0.82378,0.060743,0.071046,0.00250566
651,0.987315,0.429242,0.101733,0.82378,0.060743,0.071046,0.00250566
652,0.987315,0.429242,0.101733,0.82378,0.060743,0.071046,0.00250566
653,0.986994,0.422471,0.101597,0.824333,0.0610006,0.0710392,0.00250431
654,0.986994,0.422471,0.101597,0.824333,0.0610006,0.0710392,0.0025035
655,0.986994,0.422471,0.101597,0.824333,0.0610006,0.0710392,0.0025035
656,0.986994,0.422471,0.101597,0.824333,0.0610006,0.0710392,0.0025035
657,0.986994,0.422471,0.101597,0.824333,0.0610006,0.0710392,0.0025035
658,0.986994,0.422471,0.101597,0.824333,0.0610006,0.0710392,0.0025035
659,0.986994,0.422471,0.101597,0.824333,0.0610006,0.0710392,0.0025035
660,0.986994,0.422471,0.101597,0.824333,0.0610006,0.0710392,0.0025035
661,0.986994,0.422471,0.101597,0.824333,0.0610006,0.0710392,0.0025035
662,0.986994,0.422471,0.101597,0.824333,0.0610006,0.0710392,0.0025035
663,0.986994,0.422471,0.101597,0.824333,0.0610006,0.0710392,0.0025035
664,0.986994,0.422471,0.101597,0.824333,0.0610006,0.0710392,0.0025035
665,0.986994,0.422471,0.101597,0.824333,0.0610006,0.0710392,0.0025035
666,0.986994,0.422471,0.101597,0.824333,0.0610006,0.0710392,0.0025035
667,0.986994,0.422471,0.101597,0.824333,0.0610006,0.0710392,0.0025035
668,0.986994,0.422471,0.101597,0.824333,0.0610006,0.0710392,0.0025035
669,0.986994,0.422471,0.101597,0.824333,0.0610006,0.0710392,0.0025035
670,0.986994,0.422471,0.101597,0.824333,0.0610006,0.0710392,0.0025035
671,0.986994,0.422471,0.101597,0.824333,0.0610006,0.0710392,0.0025035
672,0.986994,0.422471,0.101597,0.824333,0.0610006,0.0710392,0.0025035
673,0.986994,0.422471,0.101597,0.824333,0.0610006,0.0710392,0.0025035
674,0.986994,0.422471,0.101597,0.824333,0.0610006,0.0710392,0.0025035
675,0.986994,0.422471,0.101597,0.824333,0.0610006,0.0710392,0.0025035
676,0.986994,0.422471,0.101597,0.824333,0.0610006,0.0710392,0.0025035
677,0.986994,0.422471,0.101597,0.824333,0.0610006,0.0710392,0.0025035
678,0.986994,0.422471,0.101597,0.824333,0.0610006,0.0710392,0.0025035
679,0.986994,0.422471,0.101597,0.824333,0.0610006,0.0710392,0.0025035
680,0.989039,0.421405,0.101704,0.824319,0.0609018,0.0710333,0.00250285
681,0.989039,0.421405,0.101704,0.824319,0.0609018,0.0710333,0.00250285
682,0.988801,0.41877,0.101541,0.824505,0.0607893,0.0709219,0.00250259
683,0.989966,0.42199,0.101552,0.824441,0.0608605,0.0709626,0.00250191
684,0.989966,0.42199,0.101552,0.824441,0.0608605,0.0709626,0.00250191
685,0.989966,0.42199,0.101552,0.824441,0.0608605,0.0709626,0.00250191
686,0.989966,0.42199,0.101552,0.824441,0.0608605,0.0709626,0.00250191
687,0.989966,0.42199,0.101552,0.824441,0.0608605,0.0709626,0.00250191
688,0.992994,0.422837,0.101941,0.824171,0.0606204,0.0713763,0.00249896
689,0.992994,0.422837,0.101941,0.824171,0.0606204,0.0713763,0.00249896
690,0.992994,0.422837,0.101941,0.824171,0.0606204,0.0713763,0.00249896
691,0.990012,0.422562,0.101745,0.824335,0.0607034,0.0711536,0.00249843
692,0.990012,0.422562,0.101745,0.824335,0.0607034,0.0711536,0.00249843
693,0.990996,0.423695,0.101812,0.824279,0.0606743,0.0712308,0.00249804
694,0.990996,0.423695,0.101812,0.824279,0.0606743,0.0712308,0.00249804
695,0.990996,0.423695,0.101812,0.824279,0.0606743,0.0712308,0.00249804
696,0.990996,0.423695,0.101812,0.824279,0.0606743,0.0712308,0.00249804
697,0.990996,0.423695,0.101812,0.824279,0.0606743,0.0712308,0.00249804
698,0.990996,0.423695,0.101812,0.824279,0.0606743,0.0712308,0.00249804
699,0.990996,0.423695,0.101812,0.824279,0.0606743,0.0712308,0.00249804
700,0.990996,0.423695,0.101812,0.824279,0.0606743,0.0712308,0.00249804
701,0.990996,0.423695,0.101812,0.824279,0.0606743,0.0712308,0.00249804
702,0.990996,0.423695,0.101812,0.824279,0.0606743,0.0712308,0.00249804
703,0.990996,0.423695,0.101812,0.824279,0.0606743,0.0712308,0.00249804
704,0.990996,0.423695,0.101812,0.824279,0.0606743,0.0712308,0.00249804
705,0.990996,0.423695,0.101812,0.824279,0.0606743,0.0712308,0.00249804
706,0.990996,0.423695,0.101812,0.824279,0.0606743,0.0712308,0.00249804
707,0.990996,0.423695,0.101812,0.824279,0.0606743,0.0712308,0.00249804
708,0.990996,0.423695,0.101812,0.824279,0.0606743,0.0712308,0.00249804
709,0.990996,0.423695,0.101812,0.824279,0.0606743,0.0712308,0.00249804
710,0.990996,0.423695,0.101812,0.824279,0.0606743,0.0712308,0.00249804
711,0.990996,0.423695,0.101812,0.824279,0.0606743,0.0712308,0.00249804
712,0.990996,0.423695,0.101812,0.824279,0.0606743,0.0712308,0.00249804
713,0.990996,0.423695,0.101812,0.824279,0.0606743,0.0712308,0.00249804
714,0.990996,0.423695,0.101812,0.824279,0.0606743,0.0712308,0.00249804
715,0.990996,0.423695,0.101812,0.824279,0.0606743,0.0712308,0.00249804
716,0.990996,0.423695,0.101812,0.824279,0.0606743,0.0712308,0.00249804
717,0.990996,0.423695,0.101812,0.824279,0.0606743,0.0712308,0.00249804
718,0.990996,0.423695,0.101812,0.824279,0.0606743,0.0712308,0.00249804
719,0.990996,0.423695,0.101812,0.824279,0.0606743,0.0712308,0.00249804
720,0.990996,0.423695,0.101812,0.824279,0.0606743,0.0712308,0.00249804
721,0.993013,0.425543,0.101714,0.824432,0.0606791,0.0711093,0.00249789
722,0.993013,0.425543,0.101714,0.824432,0.0606791,0.0711093,0.00249789
723,0.993013,0.425543,0.101714,0.824432,0.0606791,0.0711093,0.00249789
724,0.993013,0.425543,0.101714,0.824432,0.0606791,0.0711093,0.00249789
725,0.993013,0.425543,0.101714,0.824432,0.0606791,0.0711093,0.00249789
726,0.993013,0.425543,0.101714,0.824432,0.0606791,0.0711093,0.00249789
727,0.993013,0.425543,0.101714,0.824432,0.0606791,0.0711093,0.00249789
728,0.992794,0.427986,0.101701,0.824491,0.0606078,0.0711218,0.00249754
729,0.992794,0.427986,0.101701,0.824491,0.0606078,0.0711218,0.00249754
730,0.993973,0.426837,0.101717,0.824455,0.0606488,0.0711202,0.00249742
731,0.993973,0.426837,0.101717,0.824455,0.0606488,0.0711202,0.00249742
732,0.993973,0.426837,0.101717,0.824455,0.0606488,0.0711202,0.00249742
733,0.993973,0.426837,0.101717,0.824455,0.0606488,0.0711202,0.00249742
734,0.993973,0.426837,0.101717,0.824455,0.0606488,0.0711202,0.00249742
735,0.993973,0.426837,0.101717,0.824455,0.0606488,0.0711202,0.00249742
736,0.994063,0.427748,0.101769,0.824452,0.0606192,0.0711482,0.00249725
737,0.994074,0.424905,0.102187,0.823822,0.0592443,0.0715286,0.00248985
738,0.994074,0.424905,0.102187,0.823822,0.0592443,0.0715286,0.00248985
739,0.994074,0.424905,0.102187,0.823822,0.0592443,0.0715286,0.00248985
740,0.995197,0.430815,0.102187,0.823822,0.0592443,0.0715286,0.00248843
741,0.995197,0.430815,0.102187,0.823822,0.0592443,0.0715286,0.00248843
742,0.995197,0.430815,0.102187,0.823822,0.0592443,0.0715286,0.00248843
743,0.995197,0.430815,0.102187,0.823822,0.0592443,0.0715286,0.00248843
744,0.993251,0.424387,0.102063,0.825108,0.0589671,0.0714506,0.00247969
745,0.993251,0.424387,0.102063,0.825108,0.0589671,0.0714506,0.00247969
746,0.993251,0.424387,0.102063,0.825108,0.0589671,0.0714506,0.00247969
747,0.993251,0.424387,0.102063,0.825108,0.0589671,0.0714506,0.00247969
748,0.993251,0.424387,0.102063,0.825108,0.0589671,0.0714506,0.00247969
749,0.993251,0.424387,0.102063,0.825108,0.0589671,0.0714506,0.00247969
750,0.993251,0.424387,0.102063,0.825108,0.0589671,0.0714506,0.00247969
751,0.993251,0.424387,0.102063,0.825108,0.0589671,0.0714506,0.00247969
752,0.993251,0.424387,0.102063,0.825108,0.0589671,0.0714506,0.00247969
753,0.993459,0.427812,0.102065,0.825055,0.059002,0.0714494,0.00247911
754,0.993459,0.427812,0.102065,0.825055,0.059002,0.0714494,0.00247911
755,0.993459,0.427812,0.102065,0.825055,0.059002,0.0714494,0.00247911
756,0.996651,0.429128,0.102064,0.825077,0.0589875,0.0714499,0.00247881
757,0.996651,0.429128,0.102064,0.825077,0.0589875,0.0714499,0.00247881
758,0.996651,0.429128,0.102064,0.825077,0.0589875,0.0714499,0.00247881
759,0.996651,0.429128,0.102064,0.825077,0.0589875,0.0714499,0.00247881
760,0.996651,0.429128,0.102064,0.825077,0.0589875,0.0714499,0.00247881
761,0.996651,0.429128,0.102064,0.825077,0.0589875,0.0714499,0.00247881
762,0.996651,0.429128,0.102064,0.825077,0.0589875,0.0714499,0.00247881
763,0.996651,0.429128,0.102064,0.825077,0.0589875,0.0714499,0.00247881
764,0.996651,0.429128,0.102064,0.825077,0.0589875,0.0714499,0.00247881
765,0.996651,0.429128,0.102064,0.825077,0.0589875,0.0714499,0.00247881
766,0.996651,0.429128,0.102064,0.825077,0.0589875,0.0714499,0.00247881
767,0.996651,0.429128,0.102064,0.825077,0.0589875,0.0714499,0.00247881
768,0.996651,0.429128,0.102064,0.825077,0.0589875,0.0714499,0.00247881
769,0.996651,0.429128,0.102064,0.825077,0.0589875,0.0714499,0.00247881
770,0.996651,0.429128,0.102064,0.825077,0.0589875,0.0714499,0.00247881
771,0.996651,0.429128,0.102064,0.825077,0.0589875,0.0714499,0.00247881
772,0.996781,0.429349,0.102063,0.825065,0.0589825,0.0714661,0.00247849
773,0.996781,0.429349,0.102063,0.825065,0.0589825,0.0714661,0.00247849
774,0.996781,0.429349,0.102063,0.825065,0.0589825,0.0714661,0.00247849
775,0.996781,0.429349,0.102063,0.825065,0.0589825,0.0714661,0.00247849
776,0.996781,0.429349,0.102063,0.825065,0.0589825,0.0714661,0.00247849
777,0.9945,0.427978,0.102009,0.824819,0.0589556,0.0714347,0.00247781
778,0.9945,0.427978,0.102009,0.824819,0.0589556,0.0714347,0.00247781
779,0.9945,0.427978,0.102009,0.824819,0.0589556,0.0714347,0.00247781
780,0.9945,0.427978,0.102009,0.824819,0.0589556,0.0714347,0.00247781
781,0.995233,0.426434,0.101983,0.824776,0.0589353,0.0714332,0.00247763
782,0.995093,0.427262,0.101996,0.824811,0.058944,0.0714364,0.0024776
783,0.99332,0.427279,0.101991,0.824798,0.0589407,0.0714351,0.00247751
784,0.99332,0.427279,0.101991,0.824798,0.0589407,0.0714351,0.00247751
785,0.99332,0.427279,0.101991,0.824798,0.0589407,0.0714351,0.00247751
786,0.99332,0.427279,0.101991,0.824798,0.0589407,0.0714351,0.00247751
787,0.99332,0.427279,0.101991,0.824798,0.0589407,0.0714351,0.00247751
788,0.994037,0.42855,0.101691,0.824963,0.0587362,0.0711322,0.00247474
789,0.994037,0.42855,0.101691,0.824963,0.0587362,0.0711322,0.00247474
790,0.99209,0.428475,0.1019,0.825245,0.0586389,0.0712994,0.00247263
791,0.99209,0.428475,0.1019,0.825245,0.0586389,0.0712994,0.00247263
792,0.99209,0.428475,0.1019,0.825245,0.0586389,0.0712994,0.00247263
793,0.99209,0.428475,0.1019,0.825245,0.0586389,0.0712994,0.00247263
794,0.99209,0.428475,0.1019,0.825245,0.0586389,0.0712994,0.00247263
795,0.99209,0.428475,0.1019,0.825245,0.0586389,0.0712994,0.00247263
796,0.99209,0.428475,0.1019,0.825245,0.0586389,0.0712994,0.00247263
797,0.99209,0.428475,0.1019,0.825245,0.0586389,0.0712994,0.00247263
798,0.99209,0.428475,0.1019,0.825245,0.0586389,0.0712994,0.00247263
799,0.99209,0.428475,0.1019,0.825245,0.0586389,0.0712994,0.00247263
800,0.99209,0.428475,0.1019,0.825245,0.0586389,0.0712994,0.00247263
801,0.99209,0.428475,0.1019,0.825245,0.0586389,0.0712994,0.00247263
802,0.99209,0.428475,0.1019,0.825245,0.0586389,0.0712994,0.00247263
803,0.99209,0.428475,0.1019,0.825245,0.0586389,0.0712994,0.00247263
804,0.99209,0.428475,0.1019,0.825245,0.0586389,0.0712994,0.00247263
805,0.99209,0.428475,0.1019,0.825245,0.0586389,0.0712994,0.00247263
806,0.99209,0.428475,0.1019,0.825245,0.0586389,0.0712994,0.00247263
807,0.99209,0.428475,0.1019,0.825245,0.0586389,0.0712994,0.00247263
808,0.99209,0.428475,0.1019,0.825245,0.0586389,0.0712994,0.00247263
809,0.990384,0.426733,0.101747,0.825221,0.0584513,0.0712559,0.00247206
810,0.990384,0.426733,0.101747,0.825221,0.0584513,0.0712559,0.00247206
811,0.991168,0.426054,0.101822,0.825199,0.0585637,0.0712734,0.00247168
812,0.991168,0.426054,0.101822,0.825199,0.0585637,0.0712734,0.00247168
813,0.991168,0.426054,0.101822,0.825199,0.0585637,0.0712734,0.00247168
814,0.990937,0.425854,0.101816,0.825201,0.0585479,0.071273,0.00247157
815,0.990937,0.425854,0.101816,0.825201,0.0585479,0.071273,0.00247157
816,0.990937,0.425854,0.101816,0.825201,0.0585479,0.071273,0.00247157
817,0.990937,0.425854,0.101816,0.825201,0.0585479,0.071273,0.00247157
818,0.990937,0.425854,0.101816,0.825201,0.0585479,0.071273,0.00247157
819,0.993658,0.428191,0.101799,0.82521,0.058526,0.071269,0.00247146
820,0.993658,0.428191,0.101799,0.82521,0.058526,0.071269,0.00247146
821,0.993658,0.428191,0.101799,0.82521,0.058526,0.071269,0.00247146
822,0.993658,0.428191,0.101799,0.82521,0.058526,0.071269,0.00247146
823,0.993658,0.428191,0.101799,0.82521,0.058526,0.071269,0.00247146
824,0.993658,0.428191,0.101799,0.82521,0.058526,0.071269,0.00247146
825,0.993658,0.428191,0.101799,0.82521,0.058526,0.071269,0.00247146
826,0.993658,0.428191,0.101799,0.82521,0.058526,0.071269,0.00247146
827,0.993658,0.428191,0.101799,0.82521,0.058526,0.071269,0.00247146
828,0.994606,0.428481,0.101804,0.825209,0.0585332,0.0712721,0.00247141
829,0.994606,0.428481,0.101804,0.825209,0.0585332,0.0712721,0.00247141
830,0.994606,0.428481,0.101804,0.825209,0.0585332,0.0712721,0.00247141
831,0.994606,0.428481,0.101804,0.825209,0.0585332,0.0712721,0.00247141
832,0.994606,0.428481,0.101804,0.825209,0.0585332,0.0712721,0.00247141
833,0.994606,0.428481,0.101804,0.825209,0.0585332,0.0712721,0.00247141
834,0.994606,0.428481,0.101804,0.825209,0.0585332,0.0712721,0.00247141
835,0.996001,0.427952,0.101791,0.825214,0.0585245,0.0712578,0.00247126
836,0.995428,0.430279,0.101772,0.825029,0.0583505,0.071243,0.00247019
837,0.995428,0.430279,0.101772,0.825029,0.0583505,0.071243,0.00247019
838,0.994548,0.428688,0.101773,0.825022,0.0583449,0.0712416,0.00246989
839,0.994548,0.428688,0.101773,0.825022,0.0583449,0.0712416,0.00246989
840,0.994548,0.428688,0.101773,0.825022,0.0583449,0.0712416,0.00246989
841,0.994548,0.428688,0.101773,0.825022,0.0583449,0.0712416,0.00246989
842,0.994548,0.428688,0.101773,0.825022,0.0583449,0.0712416,0.00246989
843,0.994548,0.428688,0.101773,0.825022,0.0583449,0.0712416,0.00246989
844,0.994548,0.428688,0.101773,0.825022,0.0583449,0.0712416,0.00246989
845,0.994548,0.428688,0.101773,0.825022,0.0583449,0.0712416,0.00246989
846,0.994548,0.428688,0.101773,0.825022,0.0583449,0.0712416,0.00246989
847,0.994548,0.428688,0.101773,0.825022,0.0583449,0.0712416,0.00246989
848,0.994384,0.427799,0.101793,0.825089,0.0583872,0.0712306,0.00246982
849,0.994384,0.427799,0.101793,0.825089,0.0583872,0.0712306,0.00246982
850,0.995709,0.428159,0.101801,0.825112,0.0583354,0.0712349,0.00246916
851,0.995709,0.428159,0.101801,0.825112,0.0583354,0.0712349,0.00246916
852,0.995709,0.428159,0.101801,0.825112,0.0583354,0.0712349,0.00246916
853,0.995709,0.428159,0.101801,0.825112,0.0583354,0.0712349,0.00246916
854,0.995709,0.428159,0.101801,0.825112,0.0583354,0.0712349,0.00246916
855,0.995418,0.429425,0.101801,0.825112,0.0583354,0.0712349,0.00246915
856,0.995418,0.429425,0.101801,0.825112,0.0583354,0.0712349,0.00246915
857,0.995418,0.429425,0.101801,0.825112,0.0583354,0.0712349,0.00246915
858,0.995418,0.429425,0.101801,0.825112,0.0583354,0.0712349,0.00246915
859,0.995418,0.429425,0.101801,0.825112,0.0583354,0.0712349,0.00246915
860,0.995418,0.429425,0.101801,0.825112,0.0583354,0.0712349,0.00246915
861,0.995418,0.429425,0.101801,0.825112,0.0583354,0.0712349,0.00246915
862,0.996839,0.431893,0.101761,0.825186,0.0582961,0.0711599,0.00246909
863,0.996839,0.431893,0.101761,0.825186,0.0582961,0.0711599,0.00246909
864,0.996839,0.431893,0.101761,0.825186,0.0582961,0.0711599,0.00246909
865,0.996839,0.431893,0.101761,0.825186,0.0582961,0.0711599,0.00246909
866,0.996839,0.431893,0.101761,0.825186,0.0582961,0.0711599,0.00246909
867,0.996946,0.428871,0.101765,0.825178,0.0583003,0.0711682,0.00246891
868,0.996686,0.429306,0.101721,0.825054,0.058248,0.0711726,0.00246883
869,0.996686,0.429306,0.101721,0.825054,0.058248,0.0711726,0.00246883
870,0.996566,0.42739,0.101929,0.825476,0.0573105,0.0714639,0.00245959
871,0.996566,0.42739,0.101929,0.825476,0.0573105,0.0714639,0.00245959
872,0.996566,0.42739,0.101929,0.825476,0.0573105,0.0714639,0.00245959
873,0.996566,0.42739,0.101929,0.825476,0.0573105,0.0714639,0.00245959
874,0.996566,0.42739,0.101929,0.825476,0.0573105,0.0714639,0.00245959
875,0.996566,0.42739,0.101929,0.825476,0.0573105,0.0714639,0.00245959
876,0.996566,0.42739,0.101929,0.825476,0.0573105,0.0714639,0.00245959
877,0.996566,0.42739,0.101929,0.825476,0.0573105,0.0714639,0.00245959
878,0.996566,0.42739,0.101929,0.825476,0.0573105,0.0714639,0.00245959
879,0.995667,0.430286,0.101927,0.825472,0.0573227,0.0714608,0.0024595
880,0.996374,0.432275,0.101947,0.825445,0.0573098,0.0714513,0.00245893
881,0.996368,0.431247,0.101945,0.825444,0.057318,0.0714505,0.00245876
882,0.996289,0.430272,0.101945,0.825444,0.057318,0.0714505,0.00245863
883,0.996289,0.430272,0.101945,0.825444,0.057318,0.0714505,0.00245863
884,0.996289,0.430272,0.101945,0.825444,0.057318,0.0714505,0.00245863
885,0.996289,0.430272,0.101945,0.825444,0.057318,0.0714505,0.00245863
886,0.996289,0.430272,0.101945,0.825444,0.057318,0.0714505,0.00245863
887,0.996289,0.430272,0.101945,0.825444,0.057318,0.0714505,0.00245863
888,0.996289,0.430272,0.101945,0.825444,0.057318,0.0714505,0.00245863
889,0.996289,0.430272,0.101945,0.825444,0.057318,0.0714505,0.00245863
890,0.996289,0.430272,0.101945,0.825444,0.057318,0.0714505,0.00245863
891,0.994072,0.42756,0.101948,0.825418,0.0573135,0.0714391,0.0024585
892,0.994072,0.42756,0.101948,0.825418,0.0573135,0.0714391,0.0024585
893,0.994072,0.42756,0.101948,0.825418,0.0573135,0.0714391,0.0024585
894,0.994213,0.428042,0.101945,0.825417,0.0573189,0.0714369,0.00245849
895,0.994213,0.428042,0.101945,0.825417,0.0573189,0.0714369,0.00245849
896,0.994116,0.429123,0.101945,0.825417,0.0573178,0.0714373,0.00245844
897,0.994116,0.429123,0.101945,0.825417,0.0573178,0.0714373,0.00245844
898,0.994116,0.429123,0.101945,0.825417,0.0573178,0.0714373,0.00245844
899,0.994116,0.429123,0.101945,0.825417,0.0573178,0.0714373,0.00245844
900,0.994116,0.429123,0.101945,0.825417,0.0573178,0.0714373,0.00245844
901,0.994116,0.429123,0.101945,0.825417,0.0573178,0.0714373,0.00245844
902,0.994116,0.429123,0.101945,0.825417,0.0573178,0.0714373,0.00245844
903,0.994116,0.429123,0.101945,0.825417,0.0573178,0.0714373,0.00245844
904,0.994116,0.429123,0.101945,0.825417,0.0573178,0.0714373,0.00245844
905,0.994318,0.429506,0.101996,0.825567,0.0573253,0.0714664,0.00245822
906,0.994452,0.428164,0.101955,0.825547,0.0572934,0.0714382,0.00245788
907,0.994452,0.428164,0.101955,0.825547,0.0572934,0.0714382,0.00245788
908,0.994452,0.428164,0.101955,0.825547,0.0572934,0.0714382,0.00245788
909,0.994452,0.428164,0.101955,0.825547,0.0572934,0.0714382,0.00245788
910,0.994676,0.429689,0.101961,0.82555,0.057298,0.0714429,0.00245786
911,0.994676,0.429689,0.101961,0.82555,0.057298,0.0714429,0.00245786
912,0.994676,0.429689,0.101961,0.82555,0.057298,0.0714429,0.00245786
913,0.994676,0.429689,0.101961,0.82555,0.057298,0.0714429,0.00245786
914,0.994676,0.429689,0.101961,0.82555,0.057298,0.0714429,0.00245786
915,0.994676,0.429689,0.101961,0.82555,0.057298,0.0714429,0.00245786
916,0.994676,0.429689,0.101961,0.82555,0.057298,0.0714429,0.00245786
917,0.995348,0.428282,0.102045,0.825623,0.0572054,0.0714963,0.00245748
918,0.995348,0.428282,0.102045,0.825623,0.0572054,0.0714963,0.00245748
919,0.995747,0.429151,0.10194,0.825408,0.0571873,0.0713704,0.00245656
920,0.995747,0.429151,0.10194,0.825408,0.0571873,0.0713704,0.00245656
921,0.995747,0.429151,0.10194,0.825408,0.0571873,0.0713704,0.00245656
922,0.995747,0.429151,0.10194,0.825408,0.0571873,0.0713704,0.00245656
923,0.996204,0.431242,0.10196,0.825448,0.0571907,0.0713943,0.00245646
924,0.994722,0.42869,0.101861,0.825484,0.057128,0.0713474,0.00245605
925,0.994722,0.42869,0.101861,0.825484,0.057128,0.0713474,0.00245605
926,0.994722,0.42869,0.101861,0.825484,0.057128,0.0713474,0.00245605
927,0.994722,0.42869,0.101861,0.825484,0.057128,0.0713474,0.00245605
928,0.994734,0.428914,0.101861,0.825485,0.0571263,0.0713449,0.00245598
929,0.994734,0.428914,0.101861,0.825485,0.0571263,0.0713449,0.00245598
930,0.99514,0.429694,0.101888,0.825461,0.0571478,0.0713496,0.0024559
931,0.99514,0.429694,0.101888,0.825461,0.0571478,0.0713496,0.0024559
932,0.99514,0.429694,0.101888,0.825461,0.0571478,0.0713496,0.0024559
933,0.99514,0.429694,0.101888,0.825461,0.0571478,0.0713496,0.0024559
934,0.99514,0.429694,0.101888,0.825461,0.0571478,0.0713496,0.0024559
935,0.995413,0.428311,0.101812,0.825465,0.0571183,0.071266,0.00245584
936,0.995763,0.430722,0.10185,0.825466,0.0571323,0.0713116,0.00245576
937,0.995318,0.430514,0.101882,0.8255,0.0570987,0.0713331,0.00245524
938,0.995318,0.430514,0.101882,0.8255,0.0570987,0.0713331,0.00245524
939,0.995318,0.430514,0.101882,0.8255,0.0570987,0.0713331,0.00245524
940,0.995318,0.430514,0.101882,0.8255,0.0570987,0.0713331,0.00245524
941,0.995318,0.430514,0.101882,0.8255,0.0570987,0.0713331,0.00245524
942,0.995318,0.430514,0.101882,0.8255,0.0570987,0.0713331,0.00245524
943,0.995318,0.430514,0.101882,0.8255,0.0570987,0.0713331,0.00245524
944,0.995318,0.430514,0.101882,0.8255,0.0570987,0.0713331,0.00245524
945,0.9962,0.43114,0.10188,0.825499,0.0571006,0.0713307,0.00245523
946,0.9962,0.43114,0.10188,0.825499,0.0571006,0.0713307,0.00245523
947,0.9962,0.43114,0.10188,0.825499,0.0571006,0.0713307,0.00245523
948,0.9962,0.43114,0.10188,0.825499,0.0571006,0.0713307,0.00245523
949,0.9962,0.43114,0.10188,0.825499,0.0571006,0.0713307,0.00245523
950,0.9962,0.43114,0.10188,0.825499,0.0571006,0.0713307,0.00245523
951,0.9962,0.43114,0.10188,0.825499,0.0571006,0.0713307,0.00245523
952,0.9962,0.43114,0.10188,0.825499,0.0571006,0.0713307,0.00245523
953,0.9962,0.43114,0.10188,0.825499,0.0571006,0.0713307,0.00245523
954,0.9962,0.43114,0.10188,0.825499,0.0571006,0.0713307,0.00245523
955,0.9962,0.43114,0.10188,0.825499,0.0571006,0.0713307,0.00245479
956,0.9962,0.43114,0.10188,0.825499,0.0571006,0.0713307,0.00245479
957,0.9962,0.43114,0.10188,0.825499,0.0571006,0.0713307,0.00245479
958,0.9962,0.43114,0.10188,0.825499,0.0571006,0.0713307,0.00245479
959,0.995302,0.432789,0.102214,0.826378,0.0567371,0.0715932,0.00245386
960,0.995264,0.43103,0.101976,0.82663,0.0563837,0.0714143,0.00244569
961,0.995264,0.43103,0.101976,0.82663,0.0563837,0.0714143,0.00244569
962,0.995264,0.43103,0.101976,0.82663,0.0563837,0.0714143,0.00244569
963,0.995264,0.43103,0.101976,0.82663,0.0563837,0.0714143,0.00244569
964,0.995264,0.43103,0.101976,0.82663,0.0563837,0.0714143,0.00244569
965,0.995264,0.43103,0.101976,0.82663,0.0563837,0.0714143,0.00244569
966,0.995264,0.43103,0.101976,0.82663,0.0563837,0.0714143,0.00244569
967,0.995264,0.43103,0.101976,0.82663,0.0563837,0.0714143,0.00244569
968,0.995264,0.43103,0.101976,0.82663,0.0563837,0.0714143,0.00244569
969,0.994766,0.431406,0.102036,0.82683,0.056194,0.071478,0.00244389
970,0.994766,0.431406,0.102036,0.82683,0.056194,0.071478,0.00244389
971,0.994766,0.431406,0.102036,0.82683,0.056194,0.071478,0.00244389
972,0.994766,0.431406,0.102036,0.82683,0.056194,0.071478,0.00244389
973,0.994766,0.431406,0.102036,0.82683,0.056194,0.071478,0.00244389
974,0.994766,0.431406,0.102036,0.82683,0.056194,0.071478,0.00244389
975,0.994766,0.431406,0.102036,0.82683,0.056194,0.071478,0.00244389
976,0.994766,0.431406,0.102036,0.82683,0.056194,0.071478,0.00244389
977,0.994766,0.431406,0.102036,0.82683,0.056194,0.071478,0.00244389
978,0.994766,0.431406,0.102036,0.82683,0.056194,0.071478,0.00244389
979,0.994766,0.431406,0.102036,0.82683,0.056194,0.071478,0.00244389
980,0.994766,0.431406,0.102036,0.82683,0.056194,0.071478,0.00244389
981,0.994711,0.4311,0.102044,0.826838,0.0561714,0.0714692,0.00244377
982,0.994711,0.4311,0.102044,0.826838,0.0561714,0.0714692,0.00244377
983,0.994711,0.4311,0.102044,0.826838,0.0561714,0.0714692,0.00244377
984,0.994711,0.4311,0.102044,0.826838,0.0561714,0.0714692,0.00244377
985,0.994711,0.4311,0.102044,0.826838,0.0561714,0.0714692,0.00244377
986,0.994706,0.431273,0.102035,0.826843,0.0561739,0.0714679,0.00244366
987,0.994706,0.431273,0.102035,0.826843,0.0561739,0.0714679,0.00244366
988,0.994706,0.431273,0.102035,0.826843,0.0561739,0.0714679,0.00244366
989,0.994749,0.431661,0.102009,0.826844,0.0561803,0.0714654,0.00244358
990,0.994749,0.431661,0.102009,0.826844,0.0561803,0.0714654,0.00244358
991,0.994749,0.431661,0.102009,0.826844,0.0561803,0.0714654,0.00244358
992,0.994803,0.431201,0.102008,0.826842,0.0561805,0.071463,0.00244355
993,0.994803,0.431201,0.102008,0.826842,0.0561805,0.071463,0.00244355
994,0.994803,0.431201,0.102008,0.826842,0.0561805,0.071463,0.00244355
995,0.994803,0.431201,0.102008,0.826842,0.0561805,0.071463,0.00244355
996,0.995854,0.431594,0.102009,0.826841,0.0561814,0.0714638,0.00244354
997,0.995854,0.431594,0.102009,0.826841,0.0561814,0.0714638,0.00244354
998,0.995854,0.431594,0.102009,0.826841,0.0561814,0.0714638,0.00244354
999,0.995854,0.431594,0.102009,0.826841,0.0561814,0.0714638,0.00244354
1000,0.995854,0.431594,0.102009,0.826841,0.0561814,0.0714638,0.00244354
1001,0.995854,0.431594,0.102009,0.826841,0.0561814,0.0714638,0.00244354
1002,0.996211,0.433401,0.102009,0.826787,0.0561634,0.0714455,0.00244349
1003,0.996211,0.433401,0.102009,0.826787,0.0561634,0.0714455,0.00244349
1004,0.996211,0.433401,0.102009,0.826787,0.0561634,0.0714455,0.00244349
1005,0.996211,0.433401,0.102009,0.826787,0.0561634,0.0714455,0.00244349
1006,0.996211,0.433401,0.102009,0.826787,0.0561634,0.0714455,0.00244349
1007,0.996211,0.433401,0.102009,0.826787,0.0561634,0.0714455,0.00244349
1008,0.995452,0.431891,0.102009,0.826811,0.0561601,0.0714471,0.00244334
1009,0.995452,0.431891,0.102009,0.826811,0.0561601,0.0714471,0.00244334
1010,0.995452,0.431891,0.102009,0.826811,0.0561601,0.0714471,0.00244334
1011,0.995452,0.431891,0.102009,0.826811,0.0561601,0.0714471,0.00244334
1012,0.994996,0.431592,0.101962,0.826829,0.0561499,0.0714337,0.0024432
1013,0.994996,0.431592,0.101962,0.826829,0.0561499,0.0714337,0.0024432
1014,0.994996,0.431592,0.101962,0.826829,0.0561499,0.0714337,0.0024432
1015,0.994996,0.431592,0.101962,0.826829,0.0561499,0.0714337,0.0024432
1016,0.99505,0.43157,0.10196,0.826818,0.0561519,0.0714255,0.00244315
1017,0.99505,0.43157,0.10196,0.826818,0.0561519,0.0714255,0.00244315
1018,0.99505,0.43157,0.10196,0.826818,0.0561519,0.0714255,0.00244315
1019,0.994976,0.431769,0.101926,0.826804,0.0561171,0.0713901,0.00244276
1020,0.994976,0.431769,0.101926,0.826804,0.0561171,0.0713901,0.00244276
1021,0.994976,0.431769,0.101926,0.826804,0.0561171,0.0713901,0.00244276
1022,0.994976,0.431769,0.101926,0.826804,0.0561171,0.0713901,0.00244276
1023,0.995193,0.431737,0.101933,0.826804,0.0561207,0.0713948,0.00244276
1024,0.995193,0.431737,0.101933,0.826804,0.0561207,0.0713948,0.00244276
1025,0.995193,0.431737,0.101933,0.826804,0.0561207,0.0713948,0.00244276
1026,0.995193,0.431737,0.101933,0.826804,0.0561207,0.0713948,0.00244276
1027,0.995193,0.431737,0.101933,0.826804,0.0561207,0.0713948,0.00244276
1028,0.995356,0.431156,0.101933,0.826804,0.0561206,0.0713948,0.00244274
1029,0.995455,0.432202,0.101932,0.826782,0.0561208,0.0713801,0.00244271
1030,0.995599,0.430978,0.101932,0.826783,0.0561208,0.0713807,0.0024427
1031,0.995599,0.430978,0.101932,0.826783,0.0561208,0.0713807,0.0024427
1032,0.995599,0.430978,0.101932,0.826783,0.0561208,0.0713807,0.0024427
1033,0.995599,0.430978,0.101932,0.826783,0.0561208,0.0713807,0.0024427
1034,0.995599,0.430978,0.101932,0.826783,0.0561208,0.0713807,0.0024427
1035,0.995599,0.430978,0.101932,0.826783,0.0561208,0.0713807,0.0024427
1036,0.994979,0.431413,0.101941,0.826793,0.0561106,0.0713716,0.00244257
1037,0.994979,0.431413,0.101941,0.826793,0.0561106,0.0713716,0.00244257
1038,0.994979,0.431413,0.101941,0.826793,0.0561106,0.0713716,0.00244257
1039,0.994979,0.431413,0.101941,0.826793,0.0561106,0.0713716,0.00244257
1040,0.994979,0.431413,0.101941,0.826793,0.0561106,0.0713716,0.00244257
1041,0.994979,0.431413,0.101941,0.826793,0.0561106,0.0713716,0.00244257
1042,0.994426,0.431631,0.101957,0.826629,0.0560436,0.0714158,0.00244238
1043,0.994426,0.431631,0.101957,0.826629,0.0560436,0.0714158,0.00244238
1044,0.994426,0.431631,0.101957,0.826629,0.0560436,0.0714158,0.00244238
1045,0.994426,0.431631,0.101957,0.826629,0.0560436,0.0714158,0.00244238
1046,0.994426,0.431631,0.101957,0.826629,0.0560436,0.0714158,0.00244238
1047,0.994426,0.431631,0.101957,0.826629,0.0560436,0.0714158,0.00244238
1048,0.994426,0.431631,0.101957,0.826629,0.0560436,0.0714158,0.00244238
1049,0.994731,0.43132,0.101956,0.826636,0.0560449,0.0714154,0.00244234
1050,0.994731,0.43132,0.101956,0.826636,0.0560449,0.0714154,0.00244234
1051,0.995281,0.43111,0.101956,0.826636,0.0560449,0.0714154,0.00244232
1052,0.994882,0.431099,0.10195,0.826637,0.056036,0.0714122,0.00244225
1053,0.994882,0.431099,0.10195,0.826637,0.056036,0.0714122,0.00244225
1054,0.994882,0.431099,0.10195,0.826637,0.056036,0.0714122,0.00244225
1055,0.994882,0.431099,0.10195,0.826637,0.056036,0.0714122,0.00244225
