0.1,0.1,0.95,0,0,0.18,2.33691e+07
0.1,0.1,0.95,0,0.02,0.18,2.33691e+07
0.1,0.1,0.95,0,0.04,0.18,2.33691e+07
0.1,0.1,0.95,0,0.06,0.18,2.33691e+07
0.1,0.1,0.95,0,0.08,0.18,2.33691e+07
0.1,0.1,0.95,0,0.1,0.18,2.33691e+07
0.1,0.1,0.95,0,0.12,0.18,2.33691e+07
0.1,0.1,0.95,0,0.14,0.18,2.33691e+07
0.1,0.1,0.95,0,0.16,0.18,2.33691e+07
0.1,0.1,0.95,0,0.18,0.18,2.33691e+07
0.1,0.1,0.95,0,0.2,0.18,2.33691e+07
0.1,0.1,0.95,0,0.22,0.18,2.33691e+07
0.1,0.1,0.95,0,0.24,0.18,2.33691e+07
0.1,0.1,0.95,0,0.26,0.18,2.33691e+07
0.1,0.1,0.95,0,0.28,0.18,2.33691e+07
0.1,0.1,0.95,0,0.3,0.18,2.33691e+07
0.1,0.1,0.95,0,0.32,0.18,2.33691e+07
0.1,0.1,0.95,0,0.34,0.18,2.33691e+07
0.1,0.1,0.95,0,0.36,0.18,2.33691e+07
0.1,0.1,0.95,0,0.38,0.18,2.33691e+07
0.1,0.1,0.95,0,0.4,0.18,2.33691e+07
0.1,0.1,0.95,0,0.42,0.18,2.33691e+07
0.1,0.1,0.95,0,0.44,0.18,2.33691e+07
0.1,0.1,0.95,0,0.46,0.18,2.33691e+07
0.1,0.1,0.95,0,0.48,0.18,2.33691e+07
0.1,0.1,0.95,0,0.5,0.18,2.33691e+07
0.1,0.1,0.95,0,0.52,0.18,2.33691e+07
0.1,0.1,0.95,0,0.54,0.18,2.33691e+07
0.1,0.1,0.95,0,0.56,0.18,2.33691e+07
0.1,0.1,0.95,0,0.58,0.18,2.33691e+07
0.1,0.1,0.95,0,0.6,0.18,2.33691e+07
0.1,0.1,0.95,0,0.62,0.18,2.33691e+07
0.1,0.1,0.95,0,0.64,0.18,2.33691e+07
0.1,0.1,0.95,0,0.66,0.18,2.33691e+07
0.1,0.1,0.95,0,0.68,0.18,2.33691e+07
0.1,0.1,0.95,0,0.7,0.18,2.33691e+07
0.1,0.1,0.95,0,0.72,0.18,2.33691e+07
0.1,0.1,0.95,0,0.74,0.18,2.33691e+07
0.1,0.1,0.95,0,0.76,0.18,2.33691e+07
0.1,0.1,0.95,0,0.78,0.18,2.33691e+07
0.1,0.1,0.95,0,0.8,0.18,2.33691e+07
0.1,0.1,0.95,0,0.82,0.18,2.33691e+07
0.1,0.1,0.95,0,0.84,0.18,2.33691e+07
0.1,0.1,0.95,0,0.86,0.18,2.33691e+07
0.1,0.1,0.95,0,0.88,0.18,2.33691e+07
0.1,0.1,0.95,0,0.9,0.18,2.33691e+07
0.1,0.1,0.95,0,0.92,0.18,2.33691e+07
0.1,0.1,0.95,0,0.94,0.18,2.33691e+07
0.1,0.1,0.95,0,0.96,0.18,2.33691e+07
0.1,0.1,0.95,0,0.98,0.18,2.33691e+07
0.1,0.1,0.95,0.02,0,0.18,576.987
0.1,0.1,0.95,0.02,0.02,0.18,682.4
0.1,0.1,0.95,0.02,0.04,0.18,799.658
0.1,0.1,0.95,0.02,0.06,0.18,928.701
0.1,0.1,0.95,0.02,0.08,0.18,1069.47
0.1,0.1,0.95,0.02,0.1,0.18,1221.91
0.1,0.1,0.95,0.02,0.12,0.18,1385.96
0.1,0.1,0.95,0.02,0.14,0.18,1561.57
0.1,0.1,0.95,0.02,0.16,0.18,1748.67
0.1,0.1,0.95,0.02,0.18,0.18,1947.22
0.1,0.1,0.95,0.02,0.2,0.18,2157.16
0.1,0.1,0.95,0.02,0.22,0.18,2378.44
0.1,0.1,0.95,0.02,0.24,0.18,2611
0.1,0.1,0.95,0.02,0.26,0.18,2854.79
0.1,0.1,0.95,0.02,0.28,0.18,3109.75
0.1,0.1,0.95,0.02,0.3,0.18,3375.84
0.1,0.1,0.95,0.02,0.32,0.18,3653.01
0.1,0.1,0.95,0.02,0.34,0.18,3941.19
0.1,0.1,0.95,0.02,0.36,0.18,4240.35
0.1,0.1,0.95,0.02,0.38,0.18,4550.43
0.1,0.1,0.95,0.02,0.4,0.18,4871.39
0.1,0.1,0.95,0.02,0.42,0.18,5203.16
0.1,0.1,0.95,0.02,0.44,0.18,5545.72
0.1,0.1,0.95,0.02,0.46,0.18,5899
0.1,0.1,0.95,0.02,0.48,0.18,6262.95
0.1,0.1,0.95,0.02,0.5,0.18,6637.54
0.1,0.1,0.95,0.02,0.52,0.18,7022.72
0.1,0.1,0.95,0.02,0.54,0.18,7418.43
0.1,0.1,0.95,0.02,0.56,0.18,7824.63
0.1,0.1,0.95,0.02,0.58,0.18,8241.28
0.1,0.1,0.95,0.02,0.6,0.18,8668.32
0.1,0.1,0.95,0.02,0.62,0.18,9105.72
0.1,0.1,0.95,0.02,0.64,0.18,9553.44
0.1,0.1,0.95,0.02,0.66,0.18,10011.4
0.1,0.1,0.95,0.02,0.68,0.18,10479.6
0.1,0.1,0.95,0.02,0.7,0.18,10958
0.1,0.1,0.95,0.02,0.72,0.18,11446.5
0.1,0.1,0.95,0.02,0.74,0.18,11945.1
0.1,0.1,0.95,0.02,0.76,0.18,12453.7
0.1,0.1,0.95,0.02,0.78,0.18,12972.4
0.1,0.1,0.95,0.02,0.8,0.18,13501
0.1,0.1,0.95,0.02,0.82,0.18,14039.5
0.1,0.1,0.95,0.02,0.84,0.18,14587.9
0.1,0.1,0.95,0.02,0.86,0.18,15146.2
0.1,0.1,0.95,0.02,0.88,0.18,15714.2
0.1,0.1,0.95,0.02,0.9,0.18,16292
0.1,0.1,0.95,0.02,0.92,0.18,16879.5
0.1,0.1,0.95,0.02,0.94,0.18,17476.7
0.1,0.1,0.95,0.02,0.96,0.18,18083.5
0.1,0.1,0.95,0.02,0.98,0.18,18700
0.1,0.1,0.95,0.04,0,0.18,108.973
0.1,0.1,0.95,0.04,0.02,0.18,131.51
0.1,0.1,0.95,0.04,0.04,0.18,157.107
0.1,0.1,0.95,0.04,0.06,0.18,185.752
0.1,0.1,0.95,0.04,0.08,0.18,217.438
0.1,0.1,0.95,0.04,0.1,0.18,252.157
0.1,0.1,0.95,0.04,0.12,0.18,289.9
0.1,0.1,0.95,0.04,0.14,0.18,330.657
0.1,0.1,0.95,0.04,0.16,0.18,374.422
0.1,0.1,0.95,0.04,0.18,0.18,421.186
0.1,0.1,0.95,0.04,0.2,0.18,470.941
0.1,0.1,0.95,0.04,0.22,0.18,523.678
0.1,0.1,0.95,0.04,0.24,0.18,579.391
0.1,0.1,0.95,0.04,0.26,0.18,638.07
0.1,0.1,0.95,0.04,0.28,0.18,699.708
0.1,0.1,0.95,0.04,0.3,0.18,764.297
0.1,0.1,0.95,0.04,0.32,0.18,831.83
0.1,0.1,0.95,0.04,0.34,0.18,902.299
0.1,0.1,0.95,0.04,0.36,0.18,975.696
0.1,0.1,0.95,0.04,0.38,0.18,1052.01
0.1,0.1,0.95,0.04,0.4,0.18,1131.25
0.1,0.1,0.95,0.04,0.42,0.18,1213.38
0.1,0.1,0.95,0.04,0.44,0.18,1298.42
0.1,0.1,0.95,0.04,0.46,0.18,1386.35
0.1,0.1,0.95,0.04,0.48,0.18,1477.16
0.1,0.1,0.95,0.04,0.5,0.18,1570.84
0.1,0.1,0.95,0.04,0.52,0.18,1667.4
0.1,0.1,0.95,0.04,0.54,0.18,1766.82
0.1,0.1,0.95,0.04,0.56,0.18,1869.1
0.1,0.1,0.95,0.04,0.58,0.18,1974.22
0.1,0.1,0.95,0.04,0.6,0.18,2082.19
0.1,0.1,0.95,0.04,0.62,0.18,2192.99
0.1,0.1,0.95,0.04,0.64,0.18,2306.62
0.1,0.1,0.95,0.04,0.66,0.18,2423.07
0.1,0.1,0.95,0.04,0.68,0.18,2542.33
0.1,0.1,0.95,0.04,0.7,0.18,2664.4
0.1,0.1,0.95,0.04,0.72,0.18,2789.27
0.1,0.1,0.95,0.04,0.74,0.18,2916.94
0.1,0.1,0.95,0.04,0.76,0.18,3047.39
0.1,0.1,0.95,0.04,0.78,0.18,3180.63
0.1,0.1,0.95,0.04,0.8,0.18,3316.64
0.1,0.1,0.95,0.04,0.82,0.18,3455.41
0.1,0.1,0.95,0.04,0.84,0.18,3596.95
0.1,0.1,0.95,0.04,0.86,0.18,3741.25
0.1,0.1,0.95,0.04,0.88,0.18,3888.29
0.1,0.1,0.95,0.04,0.9,0.18,4038.07
0.1,0.1,0.95,0.04,0.92,0.18,4190.59
0.1,0.1,0.95,0.04,0.94,0.18,4345.84
0.1,0.1,0.95,0.04,0.96,0.18,4503.81
0.1,0.1,0.95,0.04,0.98,0.18,4664.5
0.1,0.1,0.95,0.06,0,0.18,32.6526
0.1,0.1,0.95,0.06,0.02,0.18,40.7863
0.1,0.1,0.95,0.06,0.04,0.18,50.2961
0.1,0.1,0.95,0.06,0.06,0.18,61.1789
0.1,0.1,0.95,0.06,0.08,0.18,73.4319
0.1,0.1,0.95,0.06,0.1,0.18,87.0524
0.1,0.1,0.95,0.06,0.12,0.18,102.038
0.1,0.1,0.95,0.06,0.14,0.18,118.385
0.1,0.1,0.95,0.06,0.16,0.18,136.091
0.1,0.1,0.95,0.06,0.18,0.18,155.154
0.1,0.1,0.95,0.06,0.2,0.18,175.571
0.1,0.1,0.95,0.06,0.22,0.18,197.339
0.1,0.1,0.95,0.06,0.24,0.18,220.456
0.1,0.1,0.95,0.06,0.26,0.18,244.919
0.1,0.1,0.95,0.06,0.28,0.18,270.725
0.1,0.1,0.95,0.06,0.3,0.18,297.873
0.1,0.1,0.95,0.06,0.32,0.18,326.359
0.1,0.1,0.95,0.06,0.34,0.18,356.181
0.1,0.1,0.95,0.06,0.36,0.18,387.336
0.1,0.1,0.95,0.06,0.38,0.18,419.822
0.1,0.1,0.95,0.06,0.4,0.18,453.637
0.1,0.1,0.95,0.06,0.42,0.18,488.779
0.1,0.1,0.95,0.06,0.44,0.18,525.244
0.1,0.1,0.95,0.06,0.46,0.18,563.03
0.1,0.1,0.95,0.06,0.48,0.18,602.135
0.1,0.1,0.95,0.06,0.5,0.18,642.557
0.1,0.1,0.95,0.06,0.52,0.18,684.294
0.1,0.1,0.95,0.06,0.54,0.18,727.342
0.1,0.1,0.95,0.06,0.56,0.18,771.7
0.1,0.1,0.95,0.06,0.58,0.18,817.365
0.1,0.1,0.95,0.06,0.6,0.18,864.336
0.1,0.1,0.95,0.06,0.62,0.18,912.609
0.1,0.1,0.95,0.06,0.64,0.18,962.183
0.1,0.1,0.95,0.06,0.66,0.18,1013.05
0.1,0.1,0.95,0.06,0.68,0.18,1065.22
0.1,0.1,0.95,0.06,0.7,0.18,1118.68
0.1,0.1,0.95,0.06,0.72,0.18,1173.44
0.1,0.1,0.95,0.06,0.74,0.18,1229.48
0.1,0.1,0.95,0.06,0.76,0.18,1286.81
0.1,0.1,0.95,0.06,0.78,0.18,1345.43
0.1,0.1,0.95,0.06,0.8,0.18,1405.33
0.1,0.1,0.95,0.06,0.82,0.18,1466.5
0.1,0.1,0.95,0.06,0.84,0.18,1528.96
0.1,0.1,0.95,0.06,0.86,0.18,1592.7
0.1,0.1,0.95,0.06,0.88,0.18,1657.71
0.1,0.1,0.95,0.06,0.9,0.18,1723.99
0.1,0.1,0.95,0.06,0.92,0.18,1791.54
0.1,0.1,0.95,0.06,0.94,0.18,1860.36
0.1,0.1,0.95,0.06,0.96,0.18,1930.44
0.1,0.1,0.95,0.06,0.98,0.18,2001.79
0.1,0.1,0.95,0.08,0,0.18,11.015
0.1,0.1,0.95,0.08,0.02,0.18,14.4952
0.1,0.1,0.95,0.08,0.04,0.18,18.7545
0.1,0.1,0.95,0.08,0.06,0.18,23.7917
0.1,0.1,0.95,0.08,0.08,0.18,29.6054
0.1,0.1,0.95,0.08,0.1,0.18,36.1944
0.1,0.1,0.95,0.08,0.12,0.18,43.5575
0.1,0.1,0.95,0.08,0.14,0.18,51.6934
0.1,0.1,0.95,0.08,0.16,0.18,60.6009
0.1,0.1,0.95,0.08,0.18,0.18,70.2788
0.1,0.1,0.95,0.08,0.2,0.18,80.7258
0.1,0.1,0.95,0.08,0.22,0.18,91.9409
0.1,0.1,0.95,0.08,0.24,0.18,103.923
0.1,0.1,0.95,0.08,0.26,0.18,116.67
0.1,0.1,0.95,0.08,0.28,0.18,130.182
0.1,0.1,0.95,0.08,0.3,0.18,144.458
0.1,0.1,0.95,0.08,0.32,0.18,159.495
0.1,0.1,0.95,0.08,0.34,0.18,175.294
0.1,0.1,0.95,0.08,0.36,0.18,191.853
0.1,0.1,0.95,0.08,0.38,0.18,209.17
0.1,0.1,0.95,0.08,0.4,0.18,227.245
0.1,0.1,0.95,0.08,0.42,0.18,246.077
0.1,0.1,0.95,0.08,0.44,0.18,265.665
0.1,0.1,0.95,0.08,0.46,0.18,286.007
0.1,0.1,0.95,0.08,0.48,0.18,307.102
0.1,0.1,0.95,0.08,0.5,0.18,328.95
0.1,0.1,0.95,0.08,0.52,0.18,351.549
0.1,0.1,0.95,0.08,0.54,0.18,374.898
0.1,0.1,0.95,0.08,0.56,0.18,398.997
0.1,0.1,0.95,0.08,0.58,0.18,423.843
0.1,0.1,0.95,0.08,0.6,0.18,449.437
0.1,0.1,0.95,0.08,0.62,0.18,475.777
0.1,0.1,0.95,0.08,0.64,0.18,502.862
0.1,0.1,0.95,0.08,0.66,0.18,530.691
0.1,0.1,0.95,0.08,0.68,0.18,559.263
0.1,0.1,0.95,0.08,0.7,0.18,588.577
0.1,0.1,0.95,0.08,0.72,0.18,618.632
0.1,0.1,0.95,0.08,0.74,0.18,649.427
0.1,0.1,0.95,0.08,0.76,0.18,680.961
0.1,0.1,0.95,0.08,0.78,0.18,713.234
0.1,0.1,0.95,0.08,0.8,0.18,746.243
0.1,0.1,0.95,0.08,0.82,0.18,779.989
0.1,0.1,0.95,0.08,0.84,0.18,814.469
0.1,0.1,0.95,0.08,0.86,0.18,849.684
0.1,0.1,0.95,0.08,0.88,0.18,885.632
0.1,0.1,0.95,0.08,0.9,0.18,922.312
0.1,0.1,0.95,0.08,0.92,0.18,959.724
0.1,0.1,0.95,0.08,0.94,0.18,997.866
0.1,0.1,0.95,0.08,0.96,0.18,1036.74
0.1,0.1,0.95,0.08,0.98,0.18,1076.34
0.1,0.1,0.95,0.1,0,0.18,3.55636
0.1,0.1,0.95,0.1,0.02,0.18,5.07155
0.1,0.1,0.95,0.1,0.04,0.18,7.08753
0.1,0.1,0.95,0.1,0.06,0.18,9.6036
0.1,0.1,0.95,0.1,0.08,0.18,12.6191
0.1,0.1,0.95,0.1,0.1,0.18,16.1332
0.1,0.1,0.95,0.1,0.12,0.18,20.1454
0.1,0.1,0.95,0.1,0.14,0.18,24.655
0.1,0.1,0.95,0.1,0.16,0.18,29.6613
0.1,0.1,0.95,0.1,0.18,0.18,35.1637
0.1,0.1,0.95,0.1,0.2,0.18,41.1614
0.1,0.1,0.95,0.1,0.22,0.18,47.654
0.1,0.1,0.95,0.1,0.24,0.18,54.6406
0.1,0.1,0.95,0.1,0.26,0.18,62.1208
0.1,0.1,0.95,0.1,0.28,0.18,70.0938
0.1,0.1,0.95,0.1,0.3,0.18,78.5591
0.1,0.1,0.95,0.1,0.32,0.18,87.5161
0.1,0.1,0.95,0.1,0.34,0.18,96.9641
0.1,0.1,0.95,0.1,0.36,0.18,106.903
0.1,0.1,0.95,0.1,0.38,0.18,117.331
0.1,0.1,0.95,0.1,0.4,0.18,128.248
0.1,0.1,0.95,0.1,0.42,0.18,139.654
0.1,0.1,0.95,0.1,0.44,0.18,151.549
0.1,0.1,0.95,0.1,0.46,0.18,163.93
0.1,0.1,0.95,0.1,0.48,0.18,176.799
0.1,0.1,0.95,0.1,0.5,0.18,190.154
0.1,0.1,0.95,0.1,0.52,0.18,203.995
0.1,0.1,0.95,0.1,0.54,0.18,218.32
0.1,0.1,0.95,0.1,0.56,0.18,233.131
0.1,0.1,0.95,0.1,0.58,0.18,248.425
0.1,0.1,0.95,0.1,0.6,0.18,264.204
0.1,0.1,0.95,0.1,0.62,0.18,280.465
0.1,0.1,0.95,0.1,0.64,0.18,297.208
0.1,0.1,0.95,0.1,0.66,0.18,314.433
0.1,0.1,0.95,0.1,0.68,0.18,332.14
0.1,0.1,0.95,0.1,0.7,0.18,350.327
0.1,0.1,0.95,0.1,0.72,0.18,368.995
0.1,0.1,0.95,0.1,0.74,0.18,388.142
0.1,0.1,0.95,0.1,0.76,0.18,407.768
0.1,0.1,0.95,0.1,0.78,0.18,427.873
0.1,0.1,0.95,0.1,0.8,0.18,448.456
0.1,0.1,0.95,0.1,0.82,0.18,469.517
0.1,0.1,0.95,0.1,0.84,0.18,491.055
0.1,0.1,0.95,0.1,0.86,0.18,513.069
0.1,0.1,0.95,0.1,0.88,0.18,535.559
0.1,0.1,0.95,0.1,0.9,0.18,558.525
0.1,0.1,0.95,0.1,0.92,0.18,581.965
0.1,0.1,0.95,0.1,0.94,0.18,605.88
0.1,0.1,0.95,0.1,0.96,0.18,630.269
0.1,0.1,0.95,0.1,0.98,0.18,655.131
0.1,0.1,0.95,0.12,0,0.18,0.940299
0.1,0.1,0.95,0.12,0.02,0.18,1.4934
0.1,0.1,0.95,0.12,0.04,0.18,2.39532
0.1,0.1,0.95,0.12,0.06,0.18,3.64564
0.1,0.1,0.95,0.12,0.08,0.18,5.24394
0.1,0.1,0.95,0.12,0.1,0.18,7.18981
0.1,0.1,0.95,0.12,0.12,0.18,9.48283
0.1,0.1,0.95,0.12,0.14,0.18,12.1226
0.1,0.1,0.95,0.12,0.16,0.18,15.1087
0.1,0.1,0.95,0.12,0.18,0.18,18.4408
0.1,0.1,0.95,0.12,0.2,0.18,22.1185
0.1,0.1,0.95,0.12,0.22,0.18,26.1414
0.1,0.1,0.95,0.12,0.24,0.18,30.509
0.1,0.1,0.95,0.12,0.26,0.18,35.2211
0.1,0.1,0.95,0.12,0.28,0.18,40.2772
0.1,0.1,0.95,0.12,0.3,0.18,45.6769
0.1,0.1,0.95,0.12,0.32,0.18,51.42
0.1,0.1,0.95,0.12,0.34,0.18,57.506
0.1,0.1,0.95,0.12,0.36,0.18,63.9345
0.1,0.1,0.95,0.12,0.38,0.18,70.7053
0.1,0.1,0.95,0.12,0.4,0.18,77.8179
0.1,0.1,0.95,0.12,0.42,0.18,85.272
0.1,0.1,0.95,0.12,0.44,0.18,93.0672
0.1,0.1,0.95,0.12,0.46,0.18,101.203
0.1,0.1,0.95,0.12,0.48,0.18,109.68
0.1,0.1,0.95,0.12,0.5,0.18,118.496
0.1,0.1,0.95,0.12,0.52,0.18,127.652
0.1,0.1,0.95,0.12,0.54,0.18,137.148
0.1,0.1,0.95,0.12,0.56,0.18,146.983
0.1,0.1,0.95,0.12,0.58,0.18,157.156
0.1,0.1,0.95,0.12,0.6,0.18,167.668
0.1,0.1,0.95,0.12,0.62,0.18,178.518
0.1,0.1,0.95,0.12,0.64,0.18,189.705
0.1,0.1,0.95,0.12,0.66,0.18,201.23
0.1,0.1,0.95,0.12,0.68,0.18,213.092
0.1,0.1,0.95,0.12,0.7,0.18,225.291
0.1,0.1,0.95,0.12,0.72,0.18,237.826
0.1,0.1,0.95,0.12,0.74,0.18,250.697
0.1,0.1,0.95,0.12,0.76,0.18,263.904
0.1,0.1,0.95,0.12,0.78,0.18,277.446
0.1,0.1,0.95,0.12,0.8,0.18,291.323
0.1,0.1,0.95,0.12,0.82,0.18,305.536
0.1,0.1,0.95,0.12,0.84,0.18,320.082
0.1,0.1,0.95,0.12,0.86,0.18,334.963
0.1,0.1,0.95,0.12,0.88,0.18,350.178
0.1,0.1,0.95,0.12,0.9,0.18,365.726
0.1,0.1,0.95,0.12,0.92,0.18,381.607
0.1,0.1,0.95,0.12,0.94,0.18,397.821
0.1,0.1,0.95,0.12,0.96,0.18,414.368
0.1,0.1,0.95,0.12,0.98,0.18,431.247
0.1,0.1,0.95,0.14,0,0.18,0.244122
0.1,0.1,0.95,0.14,0.02,0.18,0.281567
0.1,0.1,0.95,0.14,0.04,0.18,0.575876
0.1,0.1,0.95,0.14,0.06,0.18,1.12677
0.1,0.1,0.95,0.14,0.08,0.18,1.93398
0.1,0.1,0.95,0.14,0.1,0.18,2.99722
0.1,0.1,0.95,0.14,0.12,0.18,4.31624
0.1,0.1,0.95,0.14,0.14,0.18,5.89077
0.1,0.1,0.95,0.14,0.16,0.18,7.72054
0.1,0.1,0.95,0.14,0.18,0.18,9.80531
0.1,0.1,0.95,0.14,0.2,0.18,12.1448
0.1,0.1,0.95,0.14,0.22,0.18,14.7388
0.1,0.1,0.95,0.14,0.24,0.18,17.587
0.1,0.1,0.95,0.14,0.26,0.18,20.6892
0.1,0.1,0.95,0.14,0.28,0.18,24.0451
0.1,0.1,0.95,0.14,0.3,0.18,27.6545
0.1,0.1,0.95,0.14,0.32,0.18,31.5172
0.1,0.1,0.95,0.14,0.34,0.18,35.6328
0.1,0.1,0.95,0.14,0.36,0.18,40.0013
0.1,0.1,0.95,0.14,0.38,0.18,44.6222
0.1,0.1,0.95,0.14,0.4,0.18,49.4955
0.1,0.1,0.95,0.14,0.42,0.18,54.6208
0.1,0.1,0.95,0.14,0.44,0.18,59.998
0.1,0.1,0.95,0.14,0.46,0.18,65.6268
0.1,0.1,0.95,0.14,0.48,0.18,71.5069
0.1,0.1,0.95,0.14,0.5,0.18,77.6382
0.1,0.1,0.95,0.14,0.52,0.18,84.0205
0.1,0.1,0.95,0.14,0.54,0.18,90.6534
0.1,0.1,0.95,0.14,0.56,0.18,97.5368
0.1,0.1,0.95,0.14,0.58,0.18,104.67
0.1,0.1,0.95,0.14,0.6,0.18,112.054
0.1,0.1,0.95,0.14,0.62,0.18,119.688
0.1,0.1,0.95,0.14,0.64,0.18,127.571
0.1,0.1,0.95,0.14,0.66,0.18,135.703
0.1,0.1,0.95,0.14,0.68,0.18,144.085
0.1,0.1,0.95,0.14,0.7,0.18,152.715
0.1,0.1,0.95,0.14,0.72,0.18,161.595
0.1,0.1,0.95,0.14,0.74,0.18,170.723
0.1,0.1,0.95,0.14,0.76,0.18,180.099
0.1,0.1,0.95,0.14,0.78,0.18,189.723
0.1,0.1,0.95,0.14,0.8,0.18,199.595
0.1,0.1,0.95,0.14,0.82,0.18,209.715
0.1,0.1,0.95,0.14,0.84,0.18,220.083
0.1,0.1,0.95,0.14,0.86,0.18,230.697
0.1,0.1,0.95,0.14,0.88,0.18,241.559
0.1,0.1,0.95,0.14,0.9,0.18,252.667
0.1,0.1,0.95,0.14,0.92,0.18,264.023
0.1,0.1,0.95,0.14,0.94,0.18,275.624
0.1,0.1,0.95,0.14,0.96,0.18,287.472
0.1,0.1,0.95,0.14,0.98,0.18,299.566
0.1,0.1,0.95,0.16,0,0.18,0.371092
0.1,0.1,0.95,0.16,0.02,0.18,0.116112
0.1,0.1,0.95,0.16,0.04,0.18,0.0581464
0.1,0.1,0.95,0.16,0.06,0.18,0.197003
0.1,0.1,0.95,0.16,0.08,0.18,0.532491
0.1,0.1,0.95,0.16,0.1,0.18,1.06442
0.1,0.1,0.95,0.16,0.12,0.18,1.79261
0.1,0.1,0.95,0.16,0.14,0.18,2.71688
0.1,0.1,0.95,0.16,0.16,0.18,3.83704
0.1,0.1,0.95,0.16,0.18,0.18,5.15291
0.1,0.1,0.95,0.16,0.2,0.18,6.66433
0.1,0.1,0.95,0.16,0.22,0.18,8.3711
0.1,0.1,0.95,0.16,0.24,0.18,10.2731
0.1,0.1,0.95,0.16,0.26,0.18,12.3701
0.1,0.1,0.95,0.16,0.28,0.18,14.6619
0.1,0.1,0.95,0.16,0.3,0.18,17.1484
0.1,0.1,0.95,0.16,0.32,0.18,19.8294
0.1,0.1,0.95,0.16,0.34,0.18,22.7048
0.1,0.1,0.95,0.16,0.36,0.18,25.7743
0.1,0.1,0.95,0.16,0.38,0.18,29.0379
0.1,0.1,0.95,0.16,0.4,0.18,32.4953
0.1,0.1,0.95,0.16,0.42,0.18,36.1464
0.1,0.1,0.95,0.16,0.44,0.18,39.991
0.1,0.1,0.95,0.16,0.46,0.18,44.029
0.1,0.1,0.95,0.16,0.48,0.18,48.2602
0.1,0.1,0.95,0.16,0.5,0.18,52.6845
0.1,0.1,0.95,0.16,0.52,0.18,57.3017
0.1,0.1,0.95,0.16,0.54,0.18,62.1116
0.1,0.1,0.95,0.16,0.56,0.18,67.1141
0.1,0.1,0.95,0.16,0.58,0.18,72.3091
0.1,0.1,0.95,0.16,0.6,0.18,77.6964
0.1,0.1,0.95,0.16,0.62,0.18,83.2758
0.1,0.1,0.95,0.16,0.64,0.18,89.0471
0.1,0.1,0.95,0.16,0.66,0.18,95.0103
0.1,0.1,0.95,0.16,0.68,0.18,101.165
0.1,0.1,0.95,0.16,0.7,0.18,107.512
0.1,0.1,0.95,0.16,0.72,0.18,114.05
0.1,0.1,0.95,0.16,0.74,0.18,120.779
0.1,0.1,0.95,0.16,0.76,0.18,127.699
0.1,0.1,0.95,0.16,0.78,0.18,134.81
0.1,0.1,0.95,0.16,0.8,0.18,142.112
0.1,0.1,0.95,0.16,0.82,0.18,149.604
0.1,0.1,0.95,0.16,0.84,0.18,157.288
0.1,0.1,0.95,0.16,0.86,0.18,165.161
0.1,0.1,0.95,0.16,0.88,0.18,173.225
0.1,0.1,0.95,0.16,0.9,0.18,181.479
0.1,0.1,0.95,0.16,0.92,0.18,189.922
0.1,0.1,0.95,0.16,0.94,0.18,198.556
0.1,0.1,0.95,0.16,0.96,0.18,207.379
0.1,0.1,0.95,0.16,0.98,0.18,216.392
0.1,0.1,0.95,0.18,0,0.18,0.858581
0.1,0.1,0.95,0.18,0.02,0.18,0.432284
0.1,0.1,0.95,0.18,0.04,0.18,0.161882
0.1,0.1,0.95,0.18,0.06,0.18,0.0472351
0.1,0.1,0.95,0.18,0.08,0.18,0.0882044
0.1,0.1,0.95,0.18,0.1,0.18,0.284654
0.1,0.1,0.95,0.18,0.12,0.18,0.63645
0.1,0.1,0.95,0.18,0.14,0.18,1.14346
0.1,0.1,0.95,0.18,0.16,0.18,1.80555
0.1,0.1,0.95,0.18,0.18,0.18,2.6226
0.1,0.1,0.95,0.18,0.2,0.18,3.59446
0.1,0.1,0.95,0.18,0.22,0.18,4.72103
0.1,0.1,0.95,0.18,0.24,0.18,6.00217
0.1,0.1,0.95,0.18,0.26,0.18,7.43776
0.1,0.1,0.95,0.18,0.28,0.18,9.02767
0.1,0.1,0.95,0.18,0.3,0.18,10.7718
0.1,0.1,0.95,0.18,0.32,0.18,12.67
0.1,0.1,0.95,0.18,0.34,0.18,14.7221
0.1,0.1,0.95,0.18,0.36,0.18,16.9281
0.1,0.1,0.95,0.18,0.38,0.18,19.2878
0.1,0.1,0.95,0.18,0.4,0.18,21.8012
0.1,0.1,0.95,0.18,0.42,0.18,24.468
0.1,0.1,0.95,0.18,0.44,0.18,27.2882
0.1,0.1,0.95,0.18,0.46,0.18,30.2616
0.1,0.1,0.95,0.18,0.48,0.18,33.3882
0.1,0.1,0.95,0.18,0.5,0.18,36.6678
0.1,0.1,0.95,0.18,0.52,0.18,40.1004
0.1,0.1,0.95,0.18,0.54,0.18,43.6857
0.1,0.1,0.95,0.18,0.56,0.18,47.4238
0.1,0.1,0.95,0.18,0.58,0.18,51.3144
0.1,0.1,0.95,0.18,0.6,0.18,55.3575
0.1,0.1,0.95,0.18,0.62,0.18,59.553
0.1,0.1,0.95,0.18,0.64,0.18,63.9007
0.1,0.1,0.95,0.18,0.66,0.18,68.4006
0.1,0.1,0.95,0.18,0.68,0.18,73.0526
0.1,0.1,0.95,0.18,0.7,0.18,77.8564
0.1,0.1,0.95,0.18,0.72,0.18,82.8121
0.1,0.1,0.95,0.18,0.74,0.18,87.9195
0.1,0.1,0.95,0.18,0.76,0.18,93.1785
0.1,0.1,0.95,0.18,0.78,0.18,98.5891
0.1,0.1,0.95,0.18,0.8,0.18,104.151
0.1,0.1,0.95,0.18,0.82,0.18,109.864
0.1,0.1,0.95,0.18,0.84,0.18,115.729
0.1,0.1,0.95,0.18,0.86,0.18,121.744
0.1,0.1,0.95,0.18,0.88,0.18,127.911
0.1,0.1,0.95,0.18,0.9,0.18,134.228
0.1,0.1,0.95,0.18,0.92,0.18,140.696
0.1,0.1,0.95,0.18,0.94,0.18,147.315
0.1,0.1,0.95,0.18,0.96,0.18,154.085
0.1,0.1,0.95,0.18,0.98,0.18,161.005
0.1,0.1,0.95,0.2,0,0.18,1.49582
0.1,0.1,0.95,0.2,0.02,0.18,0.967953
0.1,0.1,0.95,0.2,0.04,0.18,0.566518
0.1,0.1,0.95,0.2,0.06,0.18,0.291409
0.1,0.1,0.95,0.2,0.08,0.18,0.14252
0.1,0.1,0.95,0.2,0.1,0.18,0.11975
0.1,0.1,0.95,0.2,0.12,0.18,0.222998
0.1,0.1,0.95,0.2,0.14,0.18,0.452165
0.1,0.1,0.95,0.2,0.16,0.18,0.807152
0.1,0.1,0.95,0.2,0.18,0.18,1.28786
0.1,0.1,0.95,0.2,0.2,0.18,1.8942
0.1,0.1,0.95,0.2,0.22,0.18,2.62607
0.1,0.1,0.95,0.2,0.24,0.18,3.48338
0.1,0.1,0.95,0.2,0.26,0.18,4.46603
0.1,0.1,0.95,0.2,0.28,0.18,5.57393
0.1,0.1,0.95,0.2,0.3,0.18,6.807
0.1,0.1,0.95,0.2,0.32,0.18,8.16513
0.1,0.1,0.95,0.2,0.34,0.18,9.64825
0.1,0.1,0.95,0.2,0.36,0.18,11.2563
0.1,0.1,0.95,0.2,0.38,0.18,12.9891
0.1,0.1,0.95,0.2,0.4,0.18,14.8466
0.1,0.1,0.95,0.2,0.42,0.18,16.8287
0.1,0.1,0.95,0.2,0.44,0.18,18.9354
0.1,0.1,0.95,0.2,0.46,0.18,21.1666
0.1,0.1,0.95,0.2,0.48,0.18,23.5221
0.1,0.1,0.95,0.2,0.5,0.18,26.0019
0.1,0.1,0.95,0.2,0.52,0.18,28.6059
0.1,0.1,0.95,0.2,0.54,0.18,31.334
0.1,0.1,0.95,0.2,0.56,0.18,34.1862
0.1,0.1,0.95,0.2,0.58,0.18,37.1623
0.1,0.1,0.95,0.2,0.6,0.18,40.2623
0.1,0.1,0.95,0.2,0.62,0.18,43.486
0.1,0.1,0.95,0.2,0.64,0.18,46.8335
0.1,0.1,0.95,0.2,0.66,0.18,50.3046
0.1,0.1,0.95,0.2,0.68,0.18,53.8992
0.1,0.1,0.95,0.2,0.7,0.18,57.6173
0.1,0.1,0.95,0.2,0.72,0.18,61.4588
0.1,0.1,0.95,0.2,0.74,0.18,65.4236
0.1,0.1,0.95,0.2,0.76,0.18,69.5116
0.1,0.1,0.95,0.2,0.78,0.18,73.7228
0.1,0.1,0.95,0.2,0.8,0.18,78.057
0.1,0.1,0.95,0.2,0.82,0.18,82.5143
0.1,0.1,0.95,0.2,0.84,0.18,87.0944
0.1,0.1,0.95,0.2,0.86,0.18,91.7974
0.1,0.1,0.95,0.2,0.88,0.18,96.6231
0.1,0.1,0.95,0.2,0.9,0.18,101.572
0.1,0.1,0.95,0.2,0.92,0.18,106.643
0.1,0.1,0.95,0.2,0.94,0.18,111.836
0.1,0.1,0.95,0.2,0.96,0.18,117.152
0.1,0.1,0.95,0.2,0.98,0.18,122.591
0.1,0.1,0.95,0.22,0,0.18,2.18211
0.1,0.1,0.95,0.22,0.02,0.18,1.59468
0.1,0.1,0.95,0.22,0.04,0.18,1.11184
0.1,0.1,0.95,0.22,0.06,0.18,0.733523
0.1,0.1,0.95,0.22,0.08,0.18,0.45964
0.1,0.1,0.95,0.22,0.1,0.18,0.290114
0.1,0.1,0.95,0.22,0.12,0.18,0.224867
0.1,0.1,0.95,0.22,0.14,0.18,0.263823
0.1,0.1,0.95,0.22,0.16,0.18,0.406906
0.1,0.1,0.95,0.22,0.18,0.18,0.654041
0.1,0.1,0.95,0.22,0.2,0.18,1.00515
0.1,0.1,0.95,0.22,0.22,0.18,1.46017
0.1,0.1,0.95,0.22,0.24,0.18,2.01902
0.1,0.1,0.95,0.22,0.26,0.18,2.68163
0.1,0.1,0.95,0.22,0.28,0.18,3.44793
0.1,0.1,0.95,0.22,0.3,0.18,4.31784
0.1,0.1,0.95,0.22,0.32,0.18,5.29131
0.1,0.1,0.95,0.22,0.34,0.18,6.36826
0.1,0.1,0.95,0.22,0.36,0.18,7.54861
0.1,0.1,0.95,0.22,0.38,0.18,8.83231
0.1,0.1,0.95,0.22,0.4,0.18,10.2193
0.1,0.1,0.95,0.22,0.42,0.18,11.7095
0.1,0.1,0.95,0.22,0.44,0.18,13.3028
0.1,0.1,0.95,0.22,0.46,0.18,14.9992
0.1,0.1,0.95,0.22,0.48,0.18,16.7986
0.1,0.1,0.95,0.22,0.5,0.18,18.701
0.1,0.1,0.95,0.22,0.52,0.18,20.7062
0.1,0.1,0.95,0.22,0.54,0.18,22.8142
0.1,0.1,0.95,0.22,0.56,0.18,25.025
0.1,0.1,0.95,0.22,0.58,0.18,27.3385
0.1,0.1,0.95,0.22,0.6,0.18,29.7546
0.1,0.1,0.95,0.22,0.62,0.18,32.2733
0.1,0.1,0.95,0.22,0.64,0.18,34.8945
0.1,0.1,0.95,0.22,0.66,0.18,37.6181
0.1,0.1,0.95,0.22,0.68,0.18,40.4441
0.1,0.1,0.95,0.22,0.7,0.18,43.3724
0.1,0.1,0.95,0.22,0.72,0.18,46.4029
0.1,0.1,0.95,0.22,0.74,0.18,49.5357
0.1,0.1,0.95,0.22,0.76,0.18,52.7705
0.1,0.1,0.95,0.22,0.78,0.18,56.1075
0.1,0.1,0.95,0.22,0.8,0.18,59.5464
0.1,0.1,0.95,0.22,0.82,0.18,63.0873
0.1,0.1,0.95,0.22,0.84,0.18,66.7301
0.1,0.1,0.95,0.22,0.86,0.18,70.4748
0.1,0.1,0.95,0.22,0.88,0.18,74.3212
0.1,0.1,0.95,0.22,0.9,0.18,78.2693
0.1,0.1,0.95,0.22,0.92,0.18,82.319
0.1,0.1,0.95,0.22,0.94,0.18,86.4704
0.1,0.1,0.95,0.22,0.96,0.18,90.7233
0.1,0.1,0.95,0.22,0.98,0.18,95.0777
0.1,0.1,0.95,0.24,0,0.18,2.86835
0.1,0.1,0.95,0.24,0.02,0.18,2.2475
0.1,0.1,0.95,0.24,0.04,0.18,1.71462
0.1,0.1,0.95,0.24,0.06,0.18,1.26964
0.1,0.1,0.95,0.24,0.08,0.18,0.912515
0.1,0.1,0.95,0.24,0.1,0.18,0.643168
0.1,0.1,0.95,0.24,0.12,0.18,0.46154
0.1,0.1,0.95,0.24,0.14,0.18,0.367572
0.1,0.1,0.95,0.24,0.16,0.18,0.361203
0.1,0.1,0.95,0.24,0.18,0.18,0.442375
0.1,0.1,0.95,0.24,0.2,0.18,0.611029
0.1,0.1,0.95,0.24,0.22,0.18,0.867106
0.1,0.1,0.95,0.24,0.24,0.18,1.21055
0.1,0.1,0.95,0.24,0.26,0.18,1.64131
0.1,0.1,0.95,0.24,0.28,0.18,2.15931
0.1,0.1,0.95,0.24,0.3,0.18,2.76452
0.1,0.1,0.95,0.24,0.32,0.18,3.45687
0.1,0.1,0.95,0.24,0.34,0.18,4.23631
0.1,0.1,0.95,0.24,0.36,0.18,5.10279
0.1,0.1,0.95,0.24,0.38,0.18,6.05624
0.1,0.1,0.95,0.24,0.4,0.18,7.09663
0.1,0.1,0.95,0.24,0.42,0.18,8.22389
0.1,0.1,0.95,0.24,0.44,0.18,9.43797
0.1,0.1,0.95,0.24,0.46,0.18,10.7388
0.1,0.1,0.95,0.24,0.48,0.18,12.1264
0.1,0.1,0.95,0.24,0.5,0.18,13.6006
0.1,0.1,0.95,0.24,0.52,0.18,15.1615
0.1,0.1,0.95,0.24,0.54,0.18,16.8089
0.1,0.1,0.95,0.24,0.56,0.18,18.5428
0.1,0.1,0.95,0.24,0.58,0.18,20.3632
0.1,0.1,0.95,0.24,0.6,0.18,22.2701
0.1,0.1,0.95,0.24,0.62,0.18,24.2632
0.1,0.1,0.95,0.24,0.64,0.18,26.3427
0.1,0.1,0.95,0.24,0.66,0.18,28.5085
0.1,0.1,0.95,0.24,0.68,0.18,30.7605
0.1,0.1,0.95,0.24,0.7,0.18,33.0987
0.1,0.1,0.95,0.24,0.72,0.18,35.5229
0.1,0.1,0.95,0.24,0.74,0.18,38.0333
0.1,0.1,0.95,0.24,0.76,0.18,40.6297
0.1,0.1,0.95,0.24,0.78,0.18,43.312
0.1,0.1,0.95,0.24,0.8,0.18,46.0803
0.1,0.1,0.95,0.24,0.82,0.18,48.9345
0.1,0.1,0.95,0.24,0.84,0.18,51.8745
0.1,0.1,0.95,0.24,0.86,0.18,54.9003
0.1,0.1,0.95,0.24,0.88,0.18,58.0119
0.1,0.1,0.95,0.24,0.9,0.18,61.2091
0.1,0.1,0.95,0.24,0.92,0.18,64.492
0.1,0.1,0.95,0.24,0.94,0.18,67.8606
0.1,0.1,0.95,0.24,0.96,0.18,71.3146
0.1,0.1,0.95,0.24,0.98,0.18,74.8542
0.1,0.1,0.95,0.26,0,0.18,3.53083
0.1,0.1,0.95,0.26,0.02,0.18,2.89325
0.1,0.1,0.95,0.26,0.04,0.18,2.33068
0.1,0.1,0.95,0.26,0.06,0.18,1.84309
0.1,0.1,0.95,0.26,0.08,0.18,1.43041
0.1,0.1,0.95,0.26,0.1,0.18,1.09259
0.1,0.1,0.95,0.26,0.12,0.18,0.829589
0.1,0.1,0.95,0.26,0.14,0.18,0.641356
0.1,0.1,0.95,0.26,0.16,0.18,0.527842
0.1,0.1,0.95,0.26,0.18,0.18,0.488999
0.1,0.1,0.95,0.26,0.2,0.18,0.52478
0.1,0.1,0.95,0.26,0.22,0.18,0.635138
0.1,0.1,0.95,0.26,0.24,0.18,0.820028
0.1,0.1,0.95,0.26,0.26,0.18,1.0794
0.1,0.1,0.95,0.26,0.28,0.18,1.41322
0.1,0.1,0.95,0.26,0.3,0.18,1.82143
0.1,0.1,0.95,0.26,0.32,0.18,2.304
0.1,0.1,0.95,0.26,0.34,0.18,2.86087
0.1,0.1,0.95,0.26,0.36,0.18,3.49201
0.1,0.1,0.95,0.26,0.38,0.18,4.19737
0.1,0.1,0.95,0.26,0.4,0.18,4.97691
0.1,0.1,0.95,0.26,0.42,0.18,5.83058
0.1,0.1,0.95,0.26,0.44,0.18,6.75835
0.1,0.1,0.95,0.26,0.46,0.18,7.76017
0.1,0.1,0.95,0.26,0.48,0.18,8.836
0.1,0.1,0.95,0.26,0.5,0.18,9.9858
0.1,0.1,0.95,0.26,0.52,0.18,11.2095
0.1,0.1,0.95,0.26,0.54,0.18,12.5072
0.1,0.1,0.95,0.26,0.56,0.18,13.8786
0.1,0.1,0.95,0.26,0.58,0.18,15.3239
0.1,0.1,0.95,0.26,0.6,0.18,16.8429
0.1,0.1,0.95,0.26,0.62,0.18,18.4357
0.1,0.1,0.95,0.26,0.64,0.18,20.1022
0.1,0.1,0.95,0.26,0.66,0.18,21.8423
0.1,0.1,0.95,0.26,0.68,0.18,23.656
0.1,0.1,0.95,0.26,0.7,0.18,25.5432
0.1,0.1,0.95,0.26,0.72,0.18,27.5041
0.1,0.1,0.95,0.26,0.74,0.18,29.5384
0.1,0.1,0.95,0.26,0.76,0.18,31.6461
0.1,0.1,0.95,0.26,0.78,0.18,33.8273
0.1,0.1,0.95,0.26,0.8,0.18,36.0819
0.1,0.1,0.95,0.26,0.82,0.18,38.4098
0.1,0.1,0.95,0.26,0.84,0.18,40.811
0.1,0.1,0.95,0.26,0.86,0.18,43.2855
0.1,0.1,0.95,0.26,0.88,0.18,45.8332
0.1,0.1,0.95,0.26,0.9,0.18,48.4541
0.1,0.1,0.95,0.26,0.92,0.18,51.1481
0.1,0.1,0.95,0.26,0.94,0.18,53.9153
0.1,0.1,0.95,0.26,0.96,0.18,56.7555
0.1,0.1,0.95,0.26,0.98,0.18,59.6688
0.1,0.1,0.95,0.28,0,0.18,4.15882
0.1,0.1,0.95,0.28,0.02,0.18,3.51534
0.1,0.1,0.95,0.28,0.04,0.18,2.93659
0.1,0.1,0.95,0.28,0.06,0.18,2.42253
0.1,0.1,0.95,0.28,0.08,0.18,1.97311
0.1,0.1,0.95,0.28,0.1,0.18,1.5883
0.1,0.1,0.95,0.28,0.12,0.18,1.26806
0.1,0.1,0.95,0.28,0.14,0.18,1.01234
0.1,0.1,0.95,0.28,0.16,0.18,0.821106
0.1,0.1,0.95,0.28,0.18,0.18,0.694319
0.1,0.1,0.95,0.28,0.2,0.18,0.63194
0.1,0.1,0.95,0.28,0.22,0.18,0.633931
0.1,0.1,0.95,0.28,0.24,0.18,0.700254
0.1,0.1,0.95,0.28,0.26,0.18,0.830872
0.1,0.1,0.95,0.28,0.28,0.18,1.02575
0.1,0.1,0.95,0.28,0.3,0.18,1.28485
0.1,0.1,0.95,0.28,0.32,0.18,1.60813
0.1,0.1,0.95,0.28,0.34,0.18,1.99556
0.1,0.1,0.95,0.28,0.36,0.18,2.44711
0.1,0.1,0.95,0.28,0.38,0.18,2.96273
0.1,0.1,0.95,0.28,0.4,0.18,3.5424
0.1,0.1,0.95,0.28,0.42,0.18,4.18608
0.1,0.1,0.95,0.28,0.44,0.18,4.89374
0.1,0.1,0.95,0.28,0.46,0.18,5.66533
0.1,0.1,0.95,0.28,0.48,0.18,6.50083
0.1,0.1,0.95,0.28,0.5,0.18,7.4002
0.1,0.1,0.95,0.28,0.52,0.18,8.36341
0.1,0.1,0.95,0.28,0.54,0.18,9.39043
0.1,0.1,0.95,0.28,0.56,0.18,10.4812
0.1,0.1,0.95,0.28,0.58,0.18,11.6358
0.1,0.1,0.95,0.28,0.6,0.18,12.854
0.1,0.1,0.95,0.28,0.62,0.18,14.1359
0.1,0.1,0.95,0.28,0.64,0.18,15.4815
0.1,0.1,0.95,0.28,0.66,0.18,16.8906
0.1,0.1,0.95,0.28,0.68,0.18,18.3634
0.1,0.1,0.95,0.28,0.7,0.18,19.8997
0.1,0.1,0.95,0.28,0.72,0.18,21.4995
0.1,0.1,0.95,0.28,0.74,0.18,23.1628
0.1,0.1,0.95,0.28,0.76,0.18,24.8895
0.1,0.1,0.95,0.28,0.78,0.18,26.6797
0.1,0.1,0.95,0.28,0.8,0.18,28.5333
0.1,0.1,0.95,0.28,0.82,0.18,30.4502
0.1,0.1,0.95,0.28,0.84,0.18,32.4305
0.1,0.1,0.95,0.28,0.86,0.18,34.474
0.1,0.1,0.95,0.28,0.88,0.18,36.5808
0.1,0.1,0.95,0.28,0.9,0.18,38.7509
0.1,0.1,0.95,0.28,0.92,0.18,40.9842
0.1,0.1,0.95,0.28,0.94,0.18,43.2806
0.1,0.1,0.95,0.28,0.96,0.18,45.6402
0.1,0.1,0.95,0.28,0.98,0.18,48.0629
0.1,0.1,0.95,0.3,0,0.18,4.74831
0.1,0.1,0.95,0.3,0.02,0.18,4.10603
0.1,0.1,0.95,0.3,0.04,0.18,3.52018
0.1,0.1,0.95,0.3,0.06,0.18,2.99071
0.1,0.1,0.95,0.3,0.08,0.18,2.51761
0.1,0.1,0.95,0.3,0.1,0.18,2.10082
0.1,0.1,0.95,0.3,0.12,0.18,1.74032
0.1,0.1,0.95,0.3,0.14,0.18,1.43607
0.1,0.1,0.95,0.3,0.16,0.18,1.18804
0.1,0.1,0.95,0.3,0.18,0.18,0.996203
0.1,0.1,0.95,0.3,0.2,0.18,0.86052
0.1,0.1,0.95,0.3,0.22,0.18,0.780962
0.1,0.1,0.95,0.3,0.24,0.18,0.757497
0.1,0.1,0.95,0.3,0.26,0.18,0.790095
0.1,0.1,0.95,0.3,0.28,0.18,0.878725
0.1,0.1,0.95,0.3,0.3,0.18,1.02336
0.1,0.1,0.95,0.3,0.32,0.18,1.22396
0.1,0.1,0.95,0.3,0.34,0.18,1.4805
0.1,0.1,0.95,0.3,0.36,0.18,1.79296
0.1,0.1,0.95,0.3,0.38,0.18,2.1613
0.1,0.1,0.95,0.3,0.4,0.18,2.58549
0.1,0.1,0.95,0.3,0.42,0.18,3.06551
0.1,0.1,0.95,0.3,0.44,0.18,3.60133
0.1,0.1,0.95,0.3,0.46,0.18,4.19291
0.1,0.1,0.95,0.3,0.48,0.18,4.84024
0.1,0.1,0.95,0.3,0.5,0.18,5.54328
0.1,0.1,0.95,0.3,0.52,0.18,6.302
0.1,0.1,0.95,0.3,0.54,0.18,7.11638
0.1,0.1,0.95,0.3,0.56,0.18,7.98639
0.1,0.1,0.95,0.3,0.58,0.18,8.912
0.1,0.1,0.95,0.3,0.6,0.18,9.89319
0.1,0.1,0.95,0.3,0.62,0.18,10.9299
0.1,0.1,0.95,0.3,0.64,0.18,12.0222
0.1,0.1,0.95,0.3,0.66,0.18,13.1699
0.1,0.1,0.95,0.3,0.68,0.18,14.3732
0.1,0.1,0.95,0.3,0.7,0.18,15.6318
0.1,0.1,0.95,0.3,0.72,0.18,16.9459
0.1,0.1,0.95,0.3,0.74,0.18,18.3154
0.1,0.1,0.95,0.3,0.76,0.18,19.7402
0.1,0.1,0.95,0.3,0.78,0.18,21.2204
0.1,0.1,0.95,0.3,0.8,0.18,22.7559
0.1,0.1,0.95,0.3,0.82,0.18,24.3467
0.1,0.1,0.95,0.3,0.84,0.18,25.9927
0.1,0.1,0.95,0.3,0.86,0.18,27.694
0.1,0.1,0.95,0.3,0.88,0.18,29.4505
0.1,0.1,0.95,0.3,0.9,0.18,31.2622
0.1,0.1,0.95,0.3,0.92,0.18,33.129
0.1,0.1,0.95,0.3,0.94,0.18,35.051
0.1,0.1,0.95,0.3,0.96,0.18,37.0281
0.1,0.1,0.95,0.3,0.98,0.18,39.0603
0.1,0.1,0.95,0.32,0,0.18,5.29881
0.1,0.1,0.95,0.32,0.02,0.18,4.6624
0.1,0.1,0.95,0.32,0.04,0.18,4.07562
0.1,0.1,0.95,0.32,0.06,0.18,3.53843
0.1,0.1,0.95,0.32,0.08,0.18,3.0508
0.1,0.1,0.95,0.32,0.1,0.18,2.6127
0.1,0.1,0.95,0.32,0.12,0.18,2.22411
0.1,0.1,0.95,0.32,0.14,0.18,1.885
0.1,0.1,0.95,0.32,0.16,0.18,1.59534
0.1,0.1,0.95,0.32,0.18,0.18,1.3551
0.1,0.1,0.95,0.32,0.2,0.18,1.16426
0.1,0.1,0.95,0.32,0.22,0.18,1.02278
0.1,0.1,0.95,0.32,0.24,0.18,0.93065
0.1,0.1,0.95,0.32,0.26,0.18,0.887835
0.1,0.1,0.95,0.32,0.28,0.18,0.89431
0.1,0.1,0.95,0.32,0.3,0.18,0.950052
0.1,0.1,0.95,0.32,0.32,0.18,1.05503
0.1,0.1,0.95,0.32,0.34,0.18,1.20923
0.1,0.1,0.95,0.32,0.36,0.18,1.41262
0.1,0.1,0.95,0.32,0.38,0.18,1.66517
0.1,0.1,0.95,0.32,0.4,0.18,1.96687
0.1,0.1,0.95,0.32,0.42,0.18,2.31768
0.1,0.1,0.95,0.32,0.44,0.18,2.71759
0.1,0.1,0.95,0.32,0.46,0.18,3.16656
0.1,0.1,0.95,0.32,0.48,0.18,3.66459
0.1,0.1,0.95,0.32,0.5,0.18,4.21163
0.1,0.1,0.95,0.32,0.52,0.18,4.80768
0.1,0.1,0.95,0.32,0.54,0.18,5.4527
0.1,0.1,0.95,0.32,0.56,0.18,6.14668
0.1,0.1,0.95,0.32,0.58,0.18,6.88958
0.1,0.1,0.95,0.32,0.6,0.18,7.6814
0.1,0.1,0.95,0.32,0.62,0.18,8.5221
0.1,0.1,0.95,0.32,0.64,0.18,9.41166
0.1,0.1,0.95,0.32,0.66,0.18,10.3501
0.1,0.1,0.95,0.32,0.68,0.18,11.3373
0.1,0.1,0.95,0.32,0.7,0.18,12.3733
0.1,0.1,0.95,0.32,0.72,0.18,13.4581
0.1,0.1,0.95,0.32,0.74,0.18,14.5917
0.1,0.1,0.95,0.32,0.76,0.18,15.7739
0.1,0.1,0.95,0.32,0.78,0.18,17.0049
0.1,0.1,0.95,0.32,0.8,0.18,18.2846
0.1,0.1,0.95,0.32,0.82,0.18,19.613
0.1,0.1,0.95,0.32,0.84,0.18,20.9899
0.1,0.1,0.95,0.32,0.86,0.18,22.4156
0.1,0.1,0.95,0.32,0.88,0.18,23.8898
0.1,0.1,0.95,0.32,0.9,0.18,25.4126
0.1,0.1,0.95,0.32,0.92,0.18,26.984
0.1,0.1,0.95,0.32,0.94,0.18,28.6039
0.1,0.1,0.95,0.32,0.96,0.18,30.2723
0.1,0.1,0.95,0.32,0.98,0.18,31.9892
0.1,0.1,0.95,0.34,0,0.18,5.81161
0.1,0.1,0.95,0.34,0.02,0.18,5.18413
0.1,0.1,0.95,0.34,0.04,0.18,4.60063
0.1,0.1,0.95,0.34,0.06,0.18,4.06108
0.1,0.1,0.95,0.34,0.08,0.18,3.56546
0.1,0.1,0.95,0.34,0.1,0.18,3.11375
0.1,0.1,0.95,0.34,0.12,0.18,2.70592
0.1,0.1,0.95,0.34,0.14,0.18,2.34194
0.1,0.1,0.95,0.34,0.16,0.18,2.0218
0.1,0.1,0.95,0.34,0.18,0.18,1.74547
0.1,0.1,0.95,0.34,0.2,0.18,1.51292
0.1,0.1,0.95,0.34,0.22,0.18,1.32414
0.1,0.1,0.95,0.34,0.24,0.18,1.17911
0.1,0.1,0.95,0.34,0.26,0.18,1.07779
0.1,0.1,0.95,0.34,0.28,0.18,1.02017
0.1,0.1,0.95,0.34,0.3,0.18,1.00623
0.1,0.1,0.95,0.34,0.32,0.18,1.03594
0.1,0.1,0.95,0.34,0.34,0.18,1.10928
0.1,0.1,0.95,0.34,0.36,0.18,1.22624
0.1,0.1,0.95,0.34,0.38,0.18,1.3868
0.1,0.1,0.95,0.34,0.4,0.18,1.59092
0.1,0.1,0.95,0.34,0.42,0.18,1.83859
0.1,0.1,0.95,0.34,0.44,0.18,2.1298
0.1,0.1,0.95,0.34,0.46,0.18,2.46451
0.1,0.1,0.95,0.34,0.48,0.18,2.84272
0.1,0.1,0.95,0.34,0.5,0.18,3.2644
0.1,0.1,0.95,0.34,0.52,0.18,3.72953
0.1,0.1,0.95,0.34,0.54,0.18,4.23809
0.1,0.1,0.95,0.34,0.56,0.18,4.79006
0.1,0.1,0.95,0.34,0.58,0.18,5.38542
0.1,0.1,0.95,0.34,0.6,0.18,6.02416
0.1,0.1,0.95,0.34,0.62,0.18,6.70625
0.1,0.1,0.95,0.34,0.64,0.18,7.43168
0.1,0.1,0.95,0.34,0.66,0.18,8.20042
0.1,0.1,0.95,0.34,0.68,0.18,9.01246
0.1,0.1,0.95,0.34,0.7,0.18,9.86778
0.1,0.1,0.95,0.34,0.72,0.18,10.7664
0.1,0.1,0.95,0.34,0.74,0.18,11.7082
0.1,0.1,0.95,0.34,0.76,0.18,12.6932
0.1,0.1,0.95,0.34,0.78,0.18,13.7215
0.1,0.1,0.95,0.34,0.8,0.18,14.7929
0.1,0.1,0.95,0.34,0.82,0.18,15.9075
0.1,0.1,0.95,0.34,0.84,0.18,17.0653
0.1,0.1,0.95,0.34,0.86,0.18,18.2662
0.1,0.1,0.95,0.34,0.88,0.18,19.5102
0.1,0.1,0.95,0.34,0.9,0.18,20.7973
0.1,0.1,0.95,0.34,0.92,0.18,22.1275
0.1,0.1,0.95,0.34,0.94,0.18,23.5007
0.1,0.1,0.95,0.34,0.96,0.18,24.917
0.1,0.1,0.95,0.34,0.98,0.18,26.3763
0.1,0.1,0.95,0.36,0,0.18,6.28888
0.1,0.1,0.95,0.36,0.02,0.18,5.67228
0.1,0.1,0.95,0.36,0.04,0.18,5.09493
0.1,0.1,0.95,0.36,0.06,0.18,4.5568
0.1,0.1,0.95,0.36,0.08,0.18,4.05789
0.1,0.1,0.95,0.36,0.1,0.18,3.59815
0.1,0.1,0.95,0.36,0.12,0.18,3.17758
0.1,0.1,0.95,0.36,0.14,0.18,2.79616
0.1,0.1,0.95,0.36,0.16,0.18,2.45385
0.1,0.1,0.95,0.36,0.18,0.18,2.15065
0.1,0.1,0.95,0.36,0.2,0.18,1.88653
0.1,0.1,0.95,0.36,0.22,0.18,1.66148
0.1,0.1,0.95,0.36,0.24,0.18,1.47547
0.1,0.1,0.95,0.36,0.26,0.18,1.32849
0.1,0.1,0.95,0.36,0.28,0.18,1.22051
0.1,0.1,0.95,0.36,0.3,0.18,1.15152
0.1,0.1,0.95,0.36,0.32,0.18,1.1215
0.1,0.1,0.95,0.36,0.34,0.18,1.13044
0.1,0.1,0.95,0.36,0.36,0.18,1.1783
0.1,0.1,0.95,0.36,0.38,0.18,1.26509
0.1,0.1,0.95,0.36,0.4,0.18,1.39077
0.1,0.1,0.95,0.36,0.42,0.18,1.55533
0.1,0.1,0.95,0.36,0.44,0.18,1.75875
0.1,0.1,0.95,0.36,0.46,0.18,2.00102
0.1,0.1,0.95,0.36,0.48,0.18,2.28212
0.1,0.1,0.95,0.36,0.5,0.18,2.60203
0.1,0.1,0.95,0.36,0.52,0.18,2.96074
0.1,0.1,0.95,0.36,0.54,0.18,3.35823
0.1,0.1,0.95,0.36,0.56,0.18,3.79447
0.1,0.1,0.95,0.36,0.58,0.18,4.26946
0.1,0.1,0.95,0.36,0.6,0.18,4.78318
0.1,0.1,0.95,0.36,0.62,0.18,5.33561
0.1,0.1,0.95,0.36,0.64,0.18,5.92674
0.1,0.1,0.95,0.36,0.66,0.18,6.55654
0.1,0.1,0.95,0.36,0.68,0.18,7.22501
0.1,0.1,0.95,0.36,0.7,0.18,7.93213
0.1,0.1,0.95,0.36,0.72,0.18,8.67788
0.1,0.1,0.95,0.36,0.74,0.18,9.46225
0.1,0.1,0.95,0.36,0.76,0.18,10.2852
0.1,0.1,0.95,0.36,0.78,0.18,11.1468
0.1,0.1,0.95,0.36,0.8,0.18,12.0469
0.1,0.1,0.95,0.36,0.82,0.18,12.9856
0.1,0.1,0.95,0.36,0.84,0.18,13.9628
0.1,0.1,0.95,0.36,0.86,0.18,14.9785
0.1,0.1,0.95,0.36,0.88,0.18,16.0327
0.1,0.1,0.95,0.36,0.9,0.18,17.1255
0.1,0.1,0.95,0.36,0.92,0.18,18.2567
0.1,0.1,0.95,0.36,0.94,0.18,19.4264
0.1,0.1,0.95,0.36,0.96,0.18,20.6345
0.1,0.1,0.95,0.36,0.98,0.18,21.881
0.1,0.1,0.95,0.38,0,0.18,6.73312
0.1,0.1,0.95,0.38,0.02,0.18,6.12862
0.1,0.1,0.95,0.38,0.04,0.18,5.55935
0.1,0.1,0.95,0.38,0.06,0.18,5.02531
0.1,0.1,0.95,0.38,0.08,0.18,4.52648
0.1,0.1,0.95,0.38,0.1,0.18,4.06283
0.1,0.1,0.95,0.38,0.12,0.18,3.63435
0.1,0.1,0.95,0.38,0.14,0.18,3.24102
0.1,0.1,0.95,0.38,0.16,0.18,2.88283
0.1,0.1,0.95,0.38,0.18,0.18,2.55975
0.1,0.1,0.95,0.38,0.2,0.18,2.27177
0.1,0.1,0.95,0.38,0.22,0.18,2.01888
0.1,0.1,0.95,0.38,0.24,0.18,1.80105
0.1,0.1,0.95,0.38,0.26,0.18,1.61827
0.1,0.1,0.95,0.38,0.28,0.18,1.47052
0.1,0.1,0.95,0.38,0.3,0.18,1.35779
0.1,0.1,0.95,0.38,0.32,0.18,1.28006
0.1,0.1,0.95,0.38,0.34,0.18,1.23731
0.1,0.1,0.95,0.38,0.36,0.18,1.22954
0.1,0.1,0.95,0.38,0.38,0.18,1.25672
0.1,0.1,0.95,0.38,0.4,0.18,1.31883
0.1,0.1,0.95,0.38,0.42,0.18,1.41588
0.1,0.1,0.95,0.38,0.44,0.18,1.54783
0.1,0.1,0.95,0.38,0.46,0.18,1.71467
0.1,0.1,0.95,0.38,0.48,0.18,1.91639
0.1,0.1,0.95,0.38,0.5,0.18,2.15298
0.1,0.1,0.95,0.38,0.52,0.18,2.42442
0.1,0.1,0.95,0.38,0.54,0.18,2.73069
0.1,0.1,0.95,0.38,0.56,0.18,3.07178
0.1,0.1,0.95,0.38,0.58,0.18,3.44768
0.1,0.1,0.95,0.38,0.6,0.18,3.85837
0.1,0.1,0.95,0.38,0.62,0.18,4.30384
0.1,0.1,0.95,0.38,0.64,0.18,4.78407
0.1,0.1,0.95,0.38,0.66,0.18,5.29906
0.1,0.1,0.95,0.38,0.68,0.18,5.84878
0.1,0.1,0.95,0.38,0.7,0.18,6.43322
0.1,0.1,0.95,0.38,0.72,0.18,7.05237
0.1,0.1,0.95,0.38,0.74,0.18,7.70622
0.1,0.1,0.95,0.38,0.76,0.18,8.39474
0.1,0.1,0.95,0.38,0.78,0.18,9.11794
0.1,0.1,0.95,0.38,0.8,0.18,9.87579
0.1,0.1,0.95,0.38,0.82,0.18,10.6683
0.1,0.1,0.95,0.38,0.84,0.18,11.4954
0.1,0.1,0.95,0.38,0.86,0.18,12.3571
0.1,0.1,0.95,0.38,0.88,0.18,13.2535
0.1,0.1,0.95,0.38,0.9,0.18,14.1844
0.1,0.1,0.95,0.38,0.92,0.18,15.1499
0.1,0.1,0.95,0.38,0.94,0.18,16.1499
0.1,0.1,0.95,0.38,0.96,0.18,17.1846
0.1,0.1,0.95,0.38,0.98,0.18,18.2537
0.1,0.1,0.95,0.4,0,0.18,7.14693
0.1,0.1,0.95,0.4,0.02,0.18,6.55521
0.1,0.1,0.95,0.4,0.04,0.18,5.99531
0.1,0.1,0.95,0.4,0.06,0.18,5.46722
0.1,0.1,0.95,0.4,0.08,0.18,4.97092
0.1,0.1,0.95,0.4,0.1,0.18,4.50638
0.1,0.1,0.95,0.4,0.12,0.18,4.07361
0.1,0.1,0.95,0.4,0.14,0.18,3.67257
0.1,0.1,0.95,0.4,0.16,0.18,3.30326
0.1,0.1,0.95,0.4,0.18,0.18,2.96566
0.1,0.1,0.95,0.4,0.2,0.18,2.65976
0.1,0.1,0.95,0.4,0.22,0.18,2.38554
0.1,0.1,0.95,0.4,0.24,0.18,2.14298
0.1,0.1,0.95,0.4,0.26,0.18,1.93207
0.1,0.1,0.95,0.4,0.28,0.18,1.7528
0.1,0.1,0.95,0.4,0.3,0.18,1.60516
0.1,0.1,0.95,0.4,0.32,0.18,1.48912
0.1,0.1,0.95,0.4,0.34,0.18,1.40468
0.1,0.1,0.95,0.4,0.36,0.18,1.35182
0.1,0.1,0.95,0.4,0.38,0.18,1.33053
0.1,0.1,0.95,0.4,0.4,0.18,1.3408
0.1,0.1,0.95,0.4,0.42,0.18,1.3826
0.1,0.1,0.95,0.4,0.44,0.18,1.45594
0.1,0.1,0.95,0.4,0.46,0.18,1.56079
0.1,0.1,0.95,0.4,0.48,0.18,1.69715
0.1,0.1,0.95,0.4,0.5,0.18,1.86499
0.1,0.1,0.95,0.4,0.52,0.18,2.06432
0.1,0.1,0.95,0.4,0.54,0.18,2.29511
0.1,0.1,0.95,0.4,0.56,0.18,2.55735
0.1,0.1,0.95,0.4,0.58,0.18,2.85103
0.1,0.1,0.95,0.4,0.6,0.18,3.17613
0.1,0.1,0.95,0.4,0.62,0.18,3.53266
0.1,0.1,0.95,0.4,0.64,0.18,3.92058
0.1,0.1,0.95,0.4,0.66,0.18,4.3399
0.1,0.1,0.95,0.4,0.68,0.18,4.7906
0.1,0.1,0.95,0.4,0.7,0.18,5.27266
0.1,0.1,0.95,0.4,0.72,0.18,5.78607
0.1,0.1,0.95,0.4,0.74,0.18,6.33084
0.1,0.1,0.95,0.4,0.76,0.18,6.90693
0.1,0.1,0.95,0.4,0.78,0.18,7.51434
0.1,0.1,0.95,0.4,0.8,0.18,8.15305
0.1,0.1,0.95,0.4,0.82,0.18,8.82307
0.1,0.1,0.95,0.4,0.84,0.18,9.52437
0.1,0.1,0.95,0.4,0.86,0.18,10.2569
0.1,0.1,0.95,0.4,0.88,0.18,11.0208
0.1,0.1,0.95,0.4,0.9,0.18,11.8159
0.1,0.1,0.95,0.4,0.92,0.18,12.6422
0.1,0.1,0.95,0.4,0.94,0.18,13.4997
0.1,0.1,0.95,0.4,0.96,0.18,14.3885
0.1,0.1,0.95,0.4,0.98,0.18,15.3085
0.1,0.1,0.95,0.42,0,0.18,7.5328
0.1,0.1,0.95,0.42,0.02,0.18,6.95421
0.1,0.1,0.95,0.42,0.04,0.18,6.4045
0.1,0.1,0.95,0.42,0.06,0.18,5.88365
0.1,0.1,0.95,0.42,0.08,0.18,5.39164
0.1,0.1,0.95,0.42,0.1,0.18,4.92846
0.1,0.1,0.95,0.42,0.12,0.18,4.4941
0.1,0.1,0.95,0.42,0.14,0.18,4.08855
0.1,0.1,0.95,0.42,0.16,0.18,3.71179
0.1,0.1,0.95,0.42,0.18,0.18,3.3638
0.1,0.1,0.95,0.42,0.2,0.18,3.04458
0.1,0.1,0.95,0.42,0.22,0.18,2.7541
0.1,0.1,0.95,0.42,0.24,0.18,2.49237
0.1,0.1,0.95,0.42,0.26,0.18,2.25936
0.1,0.1,0.95,0.42,0.28,0.18,2.05506
0.1,0.1,0.95,0.42,0.3,0.18,1.87947
0.1,0.1,0.95,0.42,0.32,0.18,1.73256
0.1,0.1,0.95,0.42,0.34,0.18,1.61433
0.1,0.1,0.95,0.42,0.36,0.18,1.52477
0.1,0.1,0.95,0.42,0.38,0.18,1.46385
0.1,0.1,0.95,0.42,0.4,0.18,1.43158
0.1,0.1,0.95,0.42,0.42,0.18,1.42794
0.1,0.1,0.95,0.42,0.44,0.18,1.45291
0.1,0.1,0.95,0.42,0.46,0.18,1.5065
0.1,0.1,0.95,0.42,0.48,0.18,1.58867
0.1,0.1,0.95,0.42,0.5,0.18,1.69943
0.1,0.1,0.95,0.42,0.52,0.18,1.83876
0.1,0.1,0.95,0.42,0.54,0.18,2.00666
0.1,0.1,0.95,0.42,0.56,0.18,2.2031
0.1,0.1,0.95,0.42,0.58,0.18,2.42809
0.1,0.1,0.95,0.42,0.6,0.18,2.6816
0.1,0.1,0.95,0.42,0.62,0.18,2.96363
0.1,0.1,0.95,0.42,0.64,0.18,3.27417
0.1,0.1,0.95,0.42,0.66,0.18,3.6132
0.1,0.1,0.95,0.42,0.68,0.18,3.98072
0.1,0.1,0.95,0.42,0.7,0.18,4.37672
0.1,0.1,0.95,0.42,0.72,0.18,4.80118
0.1,0.1,0.95,0.42,0.74,0.18,5.2541
0.1,0.1,0.95,0.42,0.76,0.18,5.73546
0.1,0.1,0.95,0.42,0.78,0.18,6.24525
0.1,0.1,0.95,0.42,0.8,0.18,6.78347
0.1,0.1,0.95,0.42,0.82,0.18,7.3501
0.1,0.1,0.95,0.42,0.84,0.18,7.94514
0.1,0.1,0.95,0.42,0.86,0.18,8.56856
0.1,0.1,0.95,0.42,0.88,0.18,9.22037
0.1,0.1,0.95,0.42,0.9,0.18,9.90056
0.1,0.1,0.95,0.42,0.92,0.18,10.6091
0.1,0.1,0.95,0.42,0.94,0.18,11.346
0.1,0.1,0.95,0.42,0.96,0.18,12.1113
0.1,0.1,0.95,0.42,0.98,0.18,12.9048
0.1,0.1,0.95,0.44,0,0.18,7.89312
0.1,0.1,0.95,0.44,0.02,0.18,7.32775
0.1,0.1,0.95,0.44,0.04,0.18,6.7887
0.1,0.1,0.95,0.44,0.06,0.18,6.27596
0.1,0.1,0.95,0.44,0.08,0.18,5.78952
0.1,0.1,0.95,0.44,0.1,0.18,5.32935
0.1,0.1,0.95,0.44,0.12,0.18,4.89546
0.1,0.1,0.95,0.44,0.14,0.18,4.48782
0.1,0.1,0.95,0.44,0.16,0.18,4.10643
0.1,0.1,0.95,0.44,0.18,0.18,3.75127
0.1,0.1,0.95,0.44,0.2,0.18,3.42233
0.1,0.1,0.95,0.44,0.22,0.18,3.11961
0.1,0.1,0.95,0.44,0.24,0.18,2.84308
0.1,0.1,0.95,0.44,0.26,0.18,2.59274
0.1,0.1,0.95,0.44,0.28,0.18,2.36857
0.1,0.1,0.95,0.44,0.3,0.18,2.17057
0.1,0.1,0.95,0.44,0.32,0.18,1.99873
0.1,0.1,0.95,0.44,0.34,0.18,1.85303
0.1,0.1,0.95,0.44,0.36,0.18,1.73346
0.1,0.1,0.95,0.44,0.38,0.18,1.64002
0.1,0.1,0.95,0.44,0.4,0.18,1.57268
0.1,0.1,0.95,0.44,0.42,0.18,1.53146
0.1,0.1,0.95,0.44,0.44,0.18,1.51632
0.1,0.1,0.95,0.44,0.46,0.18,1.52727
0.1,0.1,0.95,0.44,0.48,0.18,1.56428
0.1,0.1,0.95,0.44,0.5,0.18,1.62736
0.1,0.1,0.95,0.44,0.52,0.18,1.7165
0.1,0.1,0.95,0.44,0.54,0.18,1.83167
0.1,0.1,0.95,0.44,0.56,0.18,1.97288
0.1,0.1,0.95,0.44,0.58,0.18,2.14011
0.1,0.1,0.95,0.44,0.6,0.18,2.33336
0.1,0.1,0.95,0.44,0.62,0.18,2.55261
0.1,0.1,0.95,0.44,0.64,0.18,2.79785
0.1,0.1,0.95,0.44,0.66,0.18,3.06908
0.1,0.1,0.95,0.44,0.68,0.18,3.36629
0.1,0.1,0.95,0.44,0.7,0.18,3.68946
0.1,0.1,0.95,0.44,0.72,0.18,4.03859
0.1,0.1,0.95,0.44,0.74,0.18,4.41367
0.1,0.1,0.95,0.44,0.76,0.18,4.81468
0.1,0.1,0.95,0.44,0.78,0.18,5.24163
0.1,0.1,0.95,0.44,0.8,0.18,5.6945
0.1,0.1,0.95,0.44,0.82,0.18,6.17328
0.1,0.1,0.95,0.44,0.84,0.18,6.67796
0.1,0.1,0.95,0.44,0.86,0.18,7.20854
0.1,0.1,0.95,0.44,0.88,0.18,7.765
0.1,0.1,0.95,0.44,0.9,0.18,8.34734
0.1,0.1,0.95,0.44,0.92,0.18,8.95555
0.1,0.1,0.95,0.44,0.94,0.18,9.58962
0.1,0.1,0.95,0.44,0.96,0.18,10.2495
0.1,0.1,0.95,0.44,0.98,0.18,10.9353
0.1,0.1,0.95,0.46,0,0.18,8.23006
0.1,0.1,0.95,0.46,0.02,0.18,7.67784
0.1,0.1,0.95,0.46,0.04,0.18,7.1497
0.1,0.1,0.95,0.46,0.06,0.18,6.64565
0.1,0.1,0.95,0.46,0.08,0.18,6.16566
0.1,0.1,0.95,0.46,0.1,0.18,5.70973
0.1,0.1,0.95,0.46,0.12,0.18,5.27784
0.1,0.1,0.95,0.46,0.14,0.18,4.86999
0.1,0.1,0.95,0.46,0.16,0.18,4.48616
0.1,0.1,0.95,0.46,0.18,0.18,4.12634
0.1,0.1,0.95,0.46,0.2,0.18,3.79053
0.1,0.1,0.95,0.46,0.22,0.18,3.47871
0.1,0.1,0.95,0.46,0.24,0.18,3.19086
0.1,0.1,0.95,0.46,0.26,0.18,2.927
0.1,0.1,0.95,0.46,0.28,0.18,2.68709
0.1,0.1,0.95,0.46,0.3,0.18,2.47114
0.1,0.1,0.95,0.46,0.32,0.18,2.27912
0.1,0.1,0.95,0.46,0.34,0.18,2.11105
0.1,0.1,0.95,0.46,0.36,0.18,1.96689
0.1,0.1,0.95,0.46,0.38,0.18,1.84665
0.1,0.1,0.95,0.46,0.4,0.18,1.75032
0.1,0.1,0.95,0.46,0.42,0.18,1.67788
0.1,0.1,0.95,0.46,0.44,0.18,1.62933
0.1,0.1,0.95,0.46,0.46,0.18,1.60466
0.1,0.1,0.95,0.46,0.48,0.18,1.60386
0.1,0.1,0.95,0.46,0.5,0.18,1.62692
0.1,0.1,0.95,0.46,0.52,0.18,1.67383
0.1,0.1,0.95,0.46,0.54,0.18,1.74458
0.1,0.1,0.95,0.46,0.56,0.18,1.83917
0.1,0.1,0.95,0.46,0.58,0.18,1.95758
0.1,0.1,0.95,0.46,0.6,0.18,2.09981
0.1,0.1,0.95,0.46,0.62,0.18,2.26585
0.1,0.1,0.95,0.46,0.64,0.18,2.45569
0.1,0.1,0.95,0.46,0.66,0.18,2.66933
0.1,0.1,0.95,0.46,0.68,0.18,2.90674
0.1,0.1,0.95,0.46,0.7,0.18,3.16794
0.1,0.1,0.95,0.46,0.72,0.18,3.4529
0.1,0.1,0.95,0.46,0.74,0.18,3.76162
0.1,0.1,0.95,0.46,0.76,0.18,4.09409
0.1,0.1,0.95,0.46,0.78,0.18,4.4503
0.1,0.1,0.95,0.46,0.8,0.18,4.83025
0.1,0.1,0.95,0.46,0.82,0.18,5.23393
0.1,0.1,0.95,0.46,0.84,0.18,5.66132
0.1,0.1,0.95,0.46,0.86,0.18,6.11243
0.1,0.1,0.95,0.46,0.88,0.18,6.58724
0.1,0.1,0.95,0.46,0.9,0.18,7.08575
0.1,0.1,0.95,0.46,0.92,0.18,7.60794
0.1,0.1,0.95,0.46,0.94,0.18,8.15382
0.1,0.1,0.95,0.46,0.96,0.18,8.72337
0.1,0.1,0.95,0.46,0.98,0.18,9.31658
0.1,0.1,0.95,0.48,0,0.18,8.54564
0.1,0.1,0.95,0.48,0.02,0.18,8.00636
0.1,0.1,0.95,0.48,0.04,0.18,7.48922
0.1,0.1,0.95,0.48,0.06,0.18,6.9942
0.1,0.1,0.95,0.48,0.08,0.18,6.52129
0.1,0.1,0.95,0.48,0.1,0.18,6.07048
0.1,0.1,0.95,0.48,0.12,0.18,5.64176
0.1,0.1,0.95,0.48,0.14,0.18,5.23512
0.1,0.1,0.95,0.48,0.16,0.18,4.85056
0.1,0.1,0.95,0.48,0.18,0.18,4.48806
0.1,0.1,0.95,0.48,0.2,0.18,4.14762
0.1,0.1,0.95,0.48,0.22,0.18,3.82921
0.1,0.1,0.95,0.48,0.24,0.18,3.53285
0.1,0.1,0.95,0.48,0.26,0.18,3.25851
0.1,0.1,0.95,0.48,0.28,0.18,3.00619
0.1,0.1,0.95,0.48,0.3,0.18,2.77587
0.1,0.1,0.95,0.48,0.32,0.18,2.56756
0.1,0.1,0.95,0.48,0.34,0.18,2.38124
0.1,0.1,0.95,0.48,0.36,0.18,2.2169
0.1,0.1,0.95,0.48,0.38,0.18,2.07454
0.1,0.1,0.95,0.48,0.4,0.18,1.95415
0.1,0.1,0.95,0.48,0.42,0.18,1.85571
0.1,0.1,0.95,0.48,0.44,0.18,1.77922
0.1,0.1,0.95,0.48,0.46,0.18,1.72468
0.1,0.1,0.95,0.48,0.48,0.18,1.69207
0.1,0.1,0.95,0.48,0.5,0.18,1.68139
0.1,0.1,0.95,0.48,0.52,0.18,1.69263
0.1,0.1,0.95,0.48,0.54,0.18,1.72578
0.1,0.1,0.95,0.48,0.56,0.18,1.78083
0.1,0.1,0.95,0.48,0.58,0.18,1.85778
0.1,0.1,0.95,0.48,0.6,0.18,1.95661
0.1,0.1,0.95,0.48,0.62,0.18,2.07733
0.1,0.1,0.95,0.48,0.64,0.18,2.21992
0.1,0.1,0.95,0.48,0.66,0.18,2.38438
0.1,0.1,0.95,0.48,0.68,0.18,2.57069
0.1,0.1,0.95,0.48,0.7,0.18,2.77886
0.1,0.1,0.95,0.48,0.72,0.18,3.00887
0.1,0.1,0.95,0.48,0.74,0.18,3.26072
0.1,0.1,0.95,0.48,0.76,0.18,3.53439
0.1,0.1,0.95,0.48,0.78,0.18,3.82989
0.1,0.1,0.95,0.48,0.8,0.18,4.1472
0.1,0.1,0.95,0.48,0.82,0.18,4.48632
0.1,0.1,0.95,0.48,0.84,0.18,4.84724
0.1,0.1,0.95,0.48,0.86,0.18,5.22996
0.1,0.1,0.95,0.48,0.88,0.18,5.63446
0.1,0.1,0.95,0.48,0.9,0.18,6.06074
0.1,0.1,0.95,0.48,0.92,0.18,6.5088
0.1,0.1,0.95,0.48,0.94,0.18,6.97862
0.1,0.1,0.95,0.48,0.96,0.18,7.47019
0.1,0.1,0.95,0.48,0.98,0.18,7.98353
0.1,0.1,0.95,0.5,0,0.18,8.84168
0.1,0.1,0.95,0.5,0.02,0.18,8.31507
0.1,0.1,0.95,0.5,0.04,0.18,7.80887
0.1,0.1,0.95,0.5,0.06,0.18,7.32306
0.1,0.1,0.95,0.5,0.08,0.18,6.85764
0.1,0.1,0.95,0.5,0.1,0.18,6.41259
0.1,0.1,0.95,0.5,0.12,0.18,5.98792
0.1,0.1,0.95,0.5,0.14,0.18,5.5836
0.1,0.1,0.95,0.5,0.16,0.18,5.19963
0.1,0.1,0.95,0.5,0.18,0.18,4.83601
0.1,0.1,0.95,0.5,0.2,0.18,4.49272
0.1,0.1,0.95,0.5,0.22,0.18,4.16975
0.1,0.1,0.95,0.5,0.24,0.18,3.8671
0.1,0.1,0.95,0.5,0.26,0.18,3.58476
0.1,0.1,0.95,0.5,0.28,0.18,3.32271
0.1,0.1,0.95,0.5,0.3,0.18,3.08097
0.1,0.1,0.95,0.5,0.32,0.18,2.8595
0.1,0.1,0.95,0.5,0.34,0.18,2.65832
0.1,0.1,0.95,0.5,0.36,0.18,2.4774
0.1,0.1,0.95,0.5,0.38,0.18,2.31675
0.1,0.1,0.95,0.5,0.4,0.18,2.17635
0.1,0.1,0.95,0.5,0.42,0.18,2.05621
0.1,0.1,0.95,0.5,0.44,0.18,1.9563
0.1,0.1,0.95,0.5,0.46,0.18,1.87662
0.1,0.1,0.95,0.5,0.48,0.18,1.81717
0.1,0.1,0.95,0.5,0.5,0.18,1.77794
0.1,0.1,0.95,0.5,0.52,0.18,1.75893
0.1,0.1,0.95,0.5,0.54,0.18,1.76011
0.1,0.1,0.95,0.5,0.56,0.18,1.7815
0.1,0.1,0.95,0.5,0.58,0.18,1.82308
0.1,0.1,0.95,0.5,0.6,0.18,1.88484
0.1,0.1,0.95,0.5,0.62,0.18,1.96678
0.1,0.1,0.95,0.5,0.64,0.18,2.06889
0.1,0.1,0.95,0.5,0.66,0.18,2.19117
0.1,0.1,0.95,0.5,0.68,0.18,2.3336
0.1,0.1,0.95,0.5,0.7,0.18,2.49618
0.1,0.1,0.95,0.5,0.72,0.18,2.67891
0.1,0.1,0.95,0.5,0.74,0.18,2.88178
0.1,0.1,0.95,0.5,0.76,0.18,3.10478
0.1,0.1,0.95,0.5,0.78,0.18,3.34791
0.1,0.1,0.95,0.5,0.8,0.18,3.61115
0.1,0.1,0.95,0.5,0.82,0.18,3.89451
0.1,0.1,0.95,0.5,0.84,0.18,4.19797
0.1,0.1,0.95,0.5,0.86,0.18,4.52153
0.1,0.1,0.95,0.5,0.88,0.18,4.86519
0.1,0.1,0.95,0.5,0.9,0.18,5.22893
0.1,0.1,0.95,0.5,0.92,0.18,5.61275
0.1,0.1,0.95,0.5,0.94,0.18,6.01665
0.1,0.1,0.95,0.5,0.96,0.18,6.44062
0.1,0.1,0.95,0.5,0.98,0.18,6.88465
0.1,0.1,0.95,0.52,0,0.18,9.11981
0.1,0.1,0.95,0.52,0.02,0.18,8.60555
0.1,0.1,0.95,0.52,0.04,0.18,8.11016
0.1,0.1,0.95,0.52,0.06,0.18,7.63363
0.1,0.1,0.95,0.52,0.08,0.18,7.17596
0.1,0.1,0.95,0.52,0.1,0.18,6.73713
0.1,0.1,0.95,0.52,0.12,0.18,6.31714
0.1,0.1,0.95,0.52,0.14,0.18,5.91598
0.1,0.1,0.95,0.52,0.16,0.18,5.53364
0.1,0.1,0.95,0.52,0.18,0.18,5.17012
0.1,0.1,0.95,0.52,0.2,0.18,4.8254
0.1,0.1,0.95,0.52,0.22,0.18,4.49949
0.1,0.1,0.95,0.52,0.24,0.18,4.19236
0.1,0.1,0.95,0.52,0.26,0.18,3.90402
0.1,0.1,0.95,0.52,0.28,0.18,3.63446
0.1,0.1,0.95,0.52,0.3,0.18,3.38367
0.1,0.1,0.95,0.52,0.32,0.18,3.15164
0.1,0.1,0.95,0.52,0.34,0.18,2.93837
0.1,0.1,0.95,0.52,0.36,0.18,2.74385
0.1,0.1,0.95,0.52,0.38,0.18,2.56807
0.1,0.1,0.95,0.52,0.4,0.18,2.41102
0.1,0.1,0.95,0.52,0.42,0.18,2.27271
0.1,0.1,0.95,0.52,0.44,0.18,2.15312
0.1,0.1,0.95,0.52,0.46,0.18,2.05225
0.1,0.1,0.95,0.52,0.48,0.18,1.97008
0.1,0.1,0.95,0.52,0.5,0.18,1.90662
0.1,0.1,0.95,0.52,0.52,0.18,1.86186
0.1,0.1,0.95,0.52,0.54,0.18,1.83579
0.1,0.1,0.95,0.52,0.56,0.18,1.8284
0.1,0.1,0.95,0.52,0.58,0.18,1.83969
0.1,0.1,0.95,0.52,0.6,0.18,1.86966
0.1,0.1,0.95,0.52,0.62,0.18,1.91829
0.1,0.1,0.95,0.52,0.64,0.18,1.98558
0.1,0.1,0.95,0.52,0.66,0.18,2.07153
0.1,0.1,0.95,0.52,0.68,0.18,2.17612
0.1,0.1,0.95,0.52,0.7,0.18,2.29936
0.1,0.1,0.95,0.52,0.72,0.18,2.44124
0.1,0.1,0.95,0.52,0.74,0.18,2.60174
0.1,0.1,0.95,0.52,0.76,0.18,2.78087
0.1,0.1,0.95,0.52,0.78,0.18,2.97862
0.1,0.1,0.95,0.52,0.8,0.18,3.19498
0.1,0.1,0.95,0.52,0.82,0.18,3.42995
0.1,0.1,0.95,0.52,0.84,0.18,3.68352
0.1,0.1,0.95,0.52,0.86,0.18,3.95569
0.1,0.1,0.95,0.52,0.88,0.18,4.24645
0.1,0.1,0.95,0.52,0.9,0.18,4.55579
0.1,0.1,0.95,0.52,0.92,0.18,4.88372
0.1,0.1,0.95,0.52,0.94,0.18,5.23021
0.1,0.1,0.95,0.52,0.96,0.18,5.59528
0.1,0.1,0.95,0.52,0.98,0.18,5.97891
0.1,0.1,0.95,0.54,0,0.18,9.38154
0.1,0.1,0.95,0.54,0.02,0.18,8.87926
0.1,0.1,0.95,0.54,0.04,0.18,8.39448
0.1,0.1,0.95,0.54,0.06,0.18,7.92721
0.1,0.1,0.95,0.54,0.08,0.18,7.47742
0.1,0.1,0.95,0.54,0.1,0.18,7.04512
0.1,0.1,0.95,0.54,0.12,0.18,6.63029
0.1,0.1,0.95,0.54,0.14,0.18,6.23293
0.1,0.1,0.95,0.54,0.16,0.18,5.85303
0.1,0.1,0.95,0.54,0.18,0.18,5.49058
0.1,0.1,0.95,0.54,0.2,0.18,5.14558
0.1,0.1,0.95,0.54,0.22,0.18,4.81801
0.1,0.1,0.95,0.54,0.24,0.18,4.50788
0.1,0.1,0.95,0.54,0.26,0.18,4.21518
0.1,0.1,0.95,0.54,0.28,0.18,3.93989
0.1,0.1,0.95,0.54,0.3,0.18,3.68202
0.1,0.1,0.95,0.54,0.32,0.18,3.44156
0.1,0.1,0.95,0.54,0.34,0.18,3.21849
0.1,0.1,0.95,0.54,0.36,0.18,3.01282
0.1,0.1,0.95,0.54,0.38,0.18,2.82454
0.1,0.1,0.95,0.54,0.4,0.18,2.65364
0.1,0.1,0.95,0.54,0.42,0.18,2.50012
0.1,0.1,0.95,0.54,0.44,0.18,2.36397
0.1,0.1,0.95,0.54,0.46,0.18,2.24518
0.1,0.1,0.95,0.54,0.48,0.18,2.14375
0.1,0.1,0.95,0.54,0.5,0.18,2.05967
0.1,0.1,0.95,0.54,0.52,0.18,1.99294
0.1,0.1,0.95,0.54,0.54,0.18,1.94355
0.1,0.1,0.95,0.54,0.56,0.18,1.9115
0.1,0.1,0.95,0.54,0.58,0.18,1.89678
0.1,0.1,0.95,0.54,0.6,0.18,1.89938
0.1,0.1,0.95,0.54,0.62,0.18,1.9193
0.1,0.1,0.95,0.54,0.64,0.18,1.95653
0.1,0.1,0.95,0.54,0.66,0.18,2.01107
0.1,0.1,0.95,0.54,0.68,0.18,2.08292
0.1,0.1,0.95,0.54,0.7,0.18,2.17206
0.1,0.1,0.95,0.54,0.72,0.18,2.27849
0.1,0.1,0.95,0.54,0.74,0.18,2.40221
0.1,0.1,0.95,0.54,0.76,0.18,2.54322
0.1,0.1,0.95,0.54,0.78,0.18,2.70149
0.1,0.1,0.95,0.54,0.8,0.18,2.87704
0.1,0.1,0.95,0.54,0.82,0.18,3.06986
0.1,0.1,0.95,0.54,0.84,0.18,3.27993
0.1,0.1,0.95,0.54,0.86,0.18,3.50726
0.1,0.1,0.95,0.54,0.88,0.18,3.75184
0.1,0.1,0.95,0.54,0.9,0.18,4.01367
0.1,0.1,0.95,0.54,0.92,0.18,4.29273
0.1,0.1,0.95,0.54,0.94,0.18,4.58904
0.1,0.1,0.95,0.54,0.96,0.18,4.90257
0.1,0.1,0.95,0.54,0.98,0.18,5.23332
0.1,0.1,0.95,0.56,0,0.18,9.62819
0.1,0.1,0.95,0.56,0.02,0.18,9.13752
0.1,0.1,0.95,0.56,0.04,0.18,8.66313
0.1,0.1,0.95,0.56,0.06,0.18,8.20502
0.1,0.1,0.95,0.56,0.08,0.18,7.76317
0.1,0.1,0.95,0.56,0.1,0.18,7.33759
0.1,0.1,0.95,0.56,0.12,0.18,6.92826
0.1,0.1,0.95,0.56,0.14,0.18,6.53517
0.1,0.1,0.95,0.56,0.16,0.18,6.15833
0.1,0.1,0.95,0.56,0.18,0.18,5.79772
0.1,0.1,0.95,0.56,0.2,0.18,5.45334
0.1,0.1,0.95,0.56,0.22,0.18,5.12519
0.1,0.1,0.95,0.56,0.24,0.18,4.81325
0.1,0.1,0.95,0.56,0.26,0.18,4.51751
0.1,0.1,0.95,0.56,0.28,0.18,4.23799
0.1,0.1,0.95,0.56,0.3,0.18,3.97466
0.1,0.1,0.95,0.56,0.32,0.18,3.72752
0.1,0.1,0.95,0.56,0.34,0.18,3.49657
0.1,0.1,0.95,0.56,0.36,0.18,3.2818
0.1,0.1,0.95,0.56,0.38,0.18,3.08321
0.1,0.1,0.95,0.56,0.4,0.18,2.90078
0.1,0.1,0.95,0.56,0.42,0.18,2.73452
0.1,0.1,0.95,0.56,0.44,0.18,2.58442
0.1,0.1,0.95,0.56,0.46,0.18,2.45047
0.1,0.1,0.95,0.56,0.48,0.18,2.33267
0.1,0.1,0.95,0.56,0.5,0.18,2.23102
0.1,0.1,0.95,0.56,0.52,0.18,2.1455
0.1,0.1,0.95,0.56,0.54,0.18,2.07612
0.1,0.1,0.95,0.56,0.56,0.18,2.02286
0.1,0.1,0.95,0.56,0.58,0.18,1.98572
0.1,0.1,0.95,0.56,0.6,0.18,1.96471
0.1,0.1,0.95,0.56,0.62,0.18,1.9598
0.1,0.1,0.95,0.56,0.64,0.18,1.971
0.1,0.1,0.95,0.56,0.66,0.18,1.99831
0.1,0.1,0.95,0.56,0.68,0.18,2.04171
0.1,0.1,0.95,0.56,0.7,0.18,2.10121
0.1,0.1,0.95,0.56,0.72,0.18,2.17679
0.1,0.1,0.95,0.56,0.74,0.18,2.26846
0.1,0.1,0.95,0.56,0.76,0.18,2.3762
0.1,0.1,0.95,0.56,0.78,0.18,2.50002
0.1,0.1,0.95,0.56,0.8,0.18,2.63991
0.1,0.1,0.95,0.56,0.82,0.18,2.79586
0.1,0.1,0.95,0.56,0.84,0.18,2.96787
0.1,0.1,0.95,0.56,0.86,0.18,3.15593
0.1,0.1,0.95,0.56,0.88,0.18,3.36005
0.1,0.1,0.95,0.56,0.9,0.18,3.58021
0.1,0.1,0.95,0.56,0.92,0.18,3.81641
0.1,0.1,0.95,0.56,0.94,0.18,4.06865
0.1,0.1,0.95,0.56,0.96,0.18,4.33691
0.1,0.1,0.95,0.56,0.98,0.18,4.62121
0.1,0.1,0.95,0.58,0,0.18,9.86099
0.1,0.1,0.95,0.58,0.02,0.18,9.38154
0.1,0.1,0.95,0.58,0.04,0.18,8.91728
0.1,0.1,0.95,0.58,0.06,0.18,8.46818
0.1,0.1,0.95,0.58,0.08,0.18,8.03426
0.1,0.1,0.95,0.58,0.1,0.18,7.61551
0.1,0.1,0.95,0.58,0.12,0.18,7.21191
0.1,0.1,0.95,0.58,0.14,0.18,6.82346
0.1,0.1,0.95,0.58,0.16,0.18,6.45016
0.1,0.1,0.95,0.58,0.18,0.18,6.09199
0.1,0.1,0.95,0.58,0.2,0.18,5.74896
0.1,0.1,0.95,0.58,0.22,0.18,5.42106
0.1,0.1,0.95,0.58,0.24,0.18,5.10828
0.1,0.1,0.95,0.58,0.26,0.18,4.81062
0.1,0.1,0.95,0.58,0.28,0.18,4.52807
0.1,0.1,0.95,0.58,0.3,0.18,4.26063
0.1,0.1,0.95,0.58,0.32,0.18,4.00828
0.1,0.1,0.95,0.58,0.34,0.18,3.77103
0.1,0.1,0.95,0.58,0.36,0.18,3.54888
0.1,0.1,0.95,0.58,0.38,0.18,3.3418
0.1,0.1,0.95,0.58,0.4,0.18,3.14981
0.1,0.1,0.95,0.58,0.42,0.18,2.9729
0.1,0.1,0.95,0.58,0.44,0.18,2.81105
0.1,0.1,0.95,0.58,0.46,0.18,2.66427
0.1,0.1,0.95,0.58,0.48,0.18,2.53255
0.1,0.1,0.95,0.58,0.5,0.18,2.41588
0.1,0.1,0.95,0.58,0.52,0.18,2.31427
0.1,0.1,0.95,0.58,0.54,0.18,2.2277
0.1,0.1,0.95,0.58,0.56,0.18,2.15618
0.1,0.1,0.95,0.58,0.58,0.18,2.09969
0.1,0.1,0.95,0.58,0.6,0.18,2.05823
0.1,0.1,0.95,0.58,0.62,0.18,2.0318
0.1,0.1,0.95,0.58,0.64,0.18,2.0204
0.1,0.1,0.95,0.58,0.66,0.18,2.02401
0.1,0.1,0.95,0.58,0.68,0.18,2.04264
0.1,0.1,0.95,0.58,0.7,0.18,2.07628
0.1,0.1,0.95,0.58,0.72,0.18,2.12492
0.1,0.1,0.95,0.58,0.74,0.18,2.18857
0.1,0.1,0.95,0.58,0.76,0.18,2.26721
0.1,0.1,0.95,0.58,0.78,0.18,2.36084
0.1,0.1,0.95,0.58,0.8,0.18,2.46946
0.1,0.1,0.95,0.58,0.82,0.18,2.59307
0.1,0.1,0.95,0.58,0.84,0.18,2.73165
0.1,0.1,0.95,0.58,0.86,0.18,2.88521
0.1,0.1,0.95,0.58,0.88,0.18,3.05375
0.1,0.1,0.95,0.58,0.9,0.18,3.23724
0.1,0.1,0.95,0.58,0.92,0.18,3.4357
0.1,0.1,0.95,0.58,0.94,0.18,3.64912
0.1,0.1,0.95,0.58,0.96,0.18,3.8775
0.1,0.1,0.95,0.58,0.98,0.18,4.12082
0.1,0.1,0.95,0.6,0,0.18,10.081
0.1,0.1,0.95,0.6,0.02,0.18,9.61242
0.1,0.1,0.95,0.6,0.04,0.18,9.15799
0.1,0.1,0.95,0.6,0.06,0.18,8.71775
0.1,0.1,0.95,0.6,0.08,0.18,8.29169
0.1,0.1,0.95,0.6,0.1,0.18,7.87981
0.1,0.1,0.95,0.6,0.12,0.18,7.48209
0.1,0.1,0.95,0.6,0.14,0.18,7.09854
0.1,0.1,0.95,0.6,0.16,0.18,6.72914
0.1,0.1,0.95,0.6,0.18,0.18,6.37389
0.1,0.1,0.95,0.6,0.2,0.18,6.03279
0.1,0.1,0.95,0.6,0.22,0.18,5.70584
0.1,0.1,0.95,0.6,0.24,0.18,5.39301
0.1,0.1,0.95,0.6,0.26,0.18,5.09432
0.1,0.1,0.95,0.6,0.28,0.18,4.80976
0.1,0.1,0.95,0.6,0.3,0.18,4.53931
0.1,0.1,0.95,0.6,0.32,0.18,4.28298
0.1,0.1,0.95,0.6,0.34,0.18,4.04077
0.1,0.1,0.95,0.6,0.36,0.18,3.81266
0.1,0.1,0.95,0.6,0.38,0.18,3.59865
0.1,0.1,0.95,0.6,0.4,0.18,3.39874
0.1,0.1,0.95,0.6,0.42,0.18,3.21292
0.1,0.1,0.95,0.6,0.44,0.18,3.04119
0.1,0.1,0.95,0.6,0.46,0.18,2.88355
0.1,0.1,0.95,0.6,0.48,0.18,2.73998
0.1,0.1,0.95,0.6,0.5,0.18,2.61049
0.1,0.1,0.95,0.6,0.52,0.18,2.49507
0.1,0.1,0.95,0.6,0.54,0.18,2.39371
0.1,0.1,0.95,0.6,0.56,0.18,2.30642
0.1,0.1,0.95,0.6,0.58,0.18,2.23319
0.1,0.1,0.95,0.6,0.6,0.18,2.174
0.1,0.1,0.95,0.6,0.62,0.18,2.12887
0.1,0.1,0.95,0.6,0.64,0.18,2.09779
0.1,0.1,0.95,0.6,0.66,0.18,2.08074
0.1,0.1,0.95,0.6,0.68,0.18,2.07773
0.1,0.1,0.95,0.6,0.7,0.18,2.08875
0.1,0.1,0.95,0.6,0.72,0.18,2.11381
0.1,0.1,0.95,0.6,0.74,0.18,2.15288
0.1,0.1,0.95,0.6,0.76,0.18,2.20598
0.1,0.1,0.95,0.6,0.78,0.18,2.2731
0.1,0.1,0.95,0.6,0.8,0.18,2.35423
0.1,0.1,0.95,0.6,0.82,0.18,2.44936
0.1,0.1,0.95,0.6,0.84,0.18,2.55851
0.1,0.1,0.95,0.6,0.86,0.18,2.68165
0.1,0.1,0.95,0.6,0.88,0.18,2.81879
0.1,0.1,0.95,0.6,0.9,0.18,2.96992
0.1,0.1,0.95,0.6,0.92,0.18,3.13505
0.1,0.1,0.95,0.6,0.94,0.18,3.31416
0.1,0.1,0.95,0.6,0.96,0.18,3.50725
0.1,0.1,0.95,0.6,0.98,0.18,3.71432
0.1,0.1,0.95,0.62,0,0.18,10.2893
0.1,0.1,0.95,0.62,0.02,0.18,9.83113
0.1,0.1,0.95,0.62,0.04,0.18,9.38626
0.1,0.1,0.95,0.62,0.06,0.18,8.95468
0.1,0.1,0.95,0.62,0.08,0.18,8.53638
0.1,0.1,0.95,0.62,0.1,0.18,8.13136
0.1,0.1,0.95,0.62,0.12,0.18,7.73961
0.1,0.1,0.95,0.62,0.14,0.18,7.36113
0.1,0.1,0.95,0.62,0.16,0.18,6.99591
0.1,0.1,0.95,0.62,0.18,0.18,6.64395
0.1,0.1,0.95,0.62,0.2,0.18,6.30524
0.1,0.1,0.95,0.62,0.22,0.18,5.97979
0.1,0.1,0.95,0.62,0.24,0.18,5.66757
0.1,0.1,0.95,0.62,0.26,0.18,5.36859
0.1,0.1,0.95,0.62,0.28,0.18,5.08285
0.1,0.1,0.95,0.62,0.3,0.18,4.81033
0.1,0.1,0.95,0.62,0.32,0.18,4.55105
0.1,0.1,0.95,0.62,0.34,0.18,4.30498
0.1,0.1,0.95,0.62,0.36,0.18,4.07212
0.1,0.1,0.95,0.62,0.38,0.18,3.85248
0.1,0.1,0.95,0.62,0.4,0.18,3.64605
0.1,0.1,0.95,0.62,0.42,0.18,3.45282
0.1,0.1,0.95,0.62,0.44,0.18,3.27279
0.1,0.1,0.95,0.62,0.46,0.18,3.10596
0.1,0.1,0.95,0.62,0.48,0.18,2.95231
0.1,0.1,0.95,0.62,0.5,0.18,2.81185
0.1,0.1,0.95,0.62,0.52,0.18,2.68458
0.1,0.1,0.95,0.62,0.54,0.18,2.57048
0.1,0.1,0.95,0.62,0.56,0.18,2.46956
0.1,0.1,0.95,0.62,0.58,0.18,2.38181
0.1,0.1,0.95,0.62,0.6,0.18,2.30723
0.1,0.1,0.95,0.62,0.62,0.18,2.24581
0.1,0.1,0.95,0.62,0.64,0.18,2.19756
0.1,0.1,0.95,0.62,0.66,0.18,2.16245
0.1,0.1,0.95,0.62,0.68,0.18,2.1405
0.1,0.1,0.95,0.62,0.7,0.18,2.1317
0.1,0.1,0.95,0.62,0.72,0.18,2.13604
0.1,0.1,0.95,0.62,0.74,0.18,2.15352
0.1,0.1,0.95,0.62,0.76,0.18,2.18415
0.1,0.1,0.95,0.62,0.78,0.18,2.2279
0.1,0.1,0.95,0.62,0.8,0.18,2.28478
0.1,0.1,0.95,0.62,0.82,0.18,2.35479
0.1,0.1,0.95,0.62,0.84,0.18,2.43793
0.1,0.1,0.95,0.62,0.86,0.18,2.53418
0.1,0.1,0.95,0.62,0.88,0.18,2.64355
0.1,0.1,0.95,0.62,0.9,0.18,2.76603
0.1,0.1,0.95,0.62,0.92,0.18,2.90162
0.1,0.1,0.95,0.62,0.94,0.18,3.05031
0.1,0.1,0.95,0.62,0.96,0.18,3.21211
0.1,0.1,0.95,0.62,0.98,0.18,3.38701
0.1,0.1,0.95,0.64,0,0.18,10.4867
0.1,0.1,0.95,0.64,0.02,0.18,10.0386
0.1,0.1,0.95,0.64,0.04,0.18,9.60298
0.1,0.1,0.95,0.64,0.06,0.18,9.17984
0.1,0.1,0.95,0.64,0.08,0.18,8.76917
0.1,0.1,0.95,0.64,0.1,0.18,8.37097
0.1,0.1,0.95,0.64,0.12,0.18,7.98523
0.1,0.1,0.95,0.64,0.14,0.18,7.61194
0.1,0.1,0.95,0.64,0.16,0.18,7.25111
0.1,0.1,0.95,0.64,0.18,0.18,6.90272
0.1,0.1,0.95,0.64,0.2,0.18,6.56677
0.1,0.1,0.95,0.64,0.22,0.18,6.24325
0.1,0.1,0.95,0.64,0.24,0.18,5.93217
0.1,0.1,0.95,0.64,0.26,0.18,5.63352
0.1,0.1,0.95,0.64,0.28,0.18,5.3473
0.1,0.1,0.95,0.64,0.3,0.18,5.07349
0.1,0.1,0.95,0.64,0.32,0.18,4.81209
0.1,0.1,0.95,0.64,0.34,0.18,4.56311
0.1,0.1,0.95,0.64,0.36,0.18,4.32654
0.1,0.1,0.95,0.64,0.38,0.18,4.10237
0.1,0.1,0.95,0.64,0.4,0.18,3.8906
0.1,0.1,0.95,0.64,0.42,0.18,3.69123
0.1,0.1,0.95,0.64,0.44,0.18,3.50424
0.1,0.1,0.95,0.64,0.46,0.18,3.32965
0.1,0.1,0.95,0.64,0.48,0.18,3.16744
0.1,0.1,0.95,0.64,0.5,0.18,3.01761
0.1,0.1,0.95,0.64,0.52,0.18,2.88015
0.1,0.1,0.95,0.64,0.54,0.18,2.75507
0.1,0.1,0.95,0.64,0.56,0.18,2.64236
0.1,0.1,0.95,0.64,0.58,0.18,2.54202
0.1,0.1,0.95,0.64,0.6,0.18,2.45404
0.1,0.1,0.95,0.64,0.62,0.18,2.37842
0.1,0.1,0.95,0.64,0.64,0.18,2.31515
0.1,0.1,0.95,0.64,0.66,0.18,2.26423
0.1,0.1,0.95,0.64,0.68,0.18,2.22567
0.1,0.1,0.95,0.64,0.7,0.18,2.19944
0.1,0.1,0.95,0.64,0.72,0.18,2.18556
0.1,0.1,0.95,0.64,0.74,0.18,2.18402
0.1,0.1,0.95,0.64,0.76,0.18,2.19481
0.1,0.1,0.95,0.64,0.78,0.18,2.21794
0.1,0.1,0.95,0.64,0.8,0.18,2.25339
0.1,0.1,0.95,0.64,0.82,0.18,2.30117
0.1,0.1,0.95,0.64,0.84,0.18,2.36126
0.1,0.1,0.95,0.64,0.86,0.18,2.43368
0.1,0.1,0.95,0.64,0.88,0.18,2.51841
0.1,0.1,0.95,0.64,0.9,0.18,2.61546
0.1,0.1,0.95,0.64,0.92,0.18,2.72481
0.1,0.1,0.95,0.64,0.94,0.18,2.84647
0.1,0.1,0.95,0.64,0.96,0.18,2.98043
0.1,0.1,0.95,0.64,0.98,0.18,3.12668
0.1,0.1,0.95,0.66,0,0.18,10.674
0.1,0.1,0.95,0.66,0.02,0.18,10.2356
0.1,0.1,0.95,0.66,0.04,0.18,9.80896
0.1,0.1,0.95,0.66,0.06,0.18,9.39405
0.1,0.1,0.95,0.66,0.08,0.18,8.99087
0.1,0.1,0.95,0.66,0.1,0.18,8.59941
0.1,0.1,0.95,0.66,0.12,0.18,8.21967
0.1,0.1,0.95,0.66,0.14,0.18,7.85165
0.1,0.1,0.95,0.66,0.16,0.18,7.49534
0.1,0.1,0.95,0.66,0.18,0.18,7.15073
0.1,0.1,0.95,0.66,0.2,0.18,6.81783
0.1,0.1,0.95,0.66,0.22,0.18,6.49662
0.1,0.1,0.95,0.66,0.24,0.18,6.18711
0.1,0.1,0.95,0.66,0.26,0.18,5.88929
0.1,0.1,0.95,0.66,0.28,0.18,5.60315
0.1,0.1,0.95,0.66,0.3,0.18,5.3287
0.1,0.1,0.95,0.66,0.32,0.18,5.06592
0.1,0.1,0.95,0.66,0.34,0.18,4.81482
0.1,0.1,0.95,0.66,0.36,0.18,4.5754
0.1,0.1,0.95,0.66,0.38,0.18,4.34763
0.1,0.1,0.95,0.66,0.4,0.18,4.13153
0.1,0.1,0.95,0.66,0.42,0.18,3.9271
0.1,0.1,0.95,0.66,0.44,0.18,3.73431
0.1,0.1,0.95,0.66,0.46,0.18,3.55319
0.1,0.1,0.95,0.66,0.48,0.18,3.38371
0.1,0.1,0.95,0.66,0.5,0.18,3.22587
0.1,0.1,0.95,0.66,0.52,0.18,3.07968
0.1,0.1,0.95,0.66,0.54,0.18,2.94513
0.1,0.1,0.95,0.66,0.56,0.18,2.82221
0.1,0.1,0.95,0.66,0.58,0.18,2.71093
0.1,0.1,0.95,0.66,0.6,0.18,2.61128
0.1,0.1,0.95,0.66,0.62,0.18,2.52325
0.1,0.1,0.95,0.66,0.64,0.18,2.44684
0.1,0.1,0.95,0.66,0.66,0.18,2.38206
0.1,0.1,0.95,0.66,0.68,0.18,2.32889
0.1,0.1,0.95,0.66,0.7,0.18,2.28733
0.1,0.1,0.95,0.66,0.72,0.18,2.25739
0.1,0.1,0.95,0.66,0.74,0.18,2.23905
0.1,0.1,0.95,0.66,0.76,0.18,2.23231
0.1,0.1,0.95,0.66,0.78,0.18,2.23718
0.1,0.1,0.95,0.66,0.8,0.18,2.25364
0.1,0.1,0.95,0.66,0.82,0.18,2.2817
0.1,0.1,0.95,0.66,0.84,0.18,2.32135
0.1,0.1,0.95,0.66,0.86,0.18,2.37258
0.1,0.1,0.95,0.66,0.88,0.18,2.43541
0.1,0.1,0.95,0.66,0.9,0.18,2.50981
0.1,0.1,0.95,0.66,0.92,0.18,2.5958
0.1,0.1,0.95,0.66,0.94,0.18,2.69336
0.1,0.1,0.95,0.66,0.96,0.18,2.80249
0.1,0.1,0.95,0.66,0.98,0.18,2.9232
0.1,0.1,0.95,0.68,0,0.18,10.852
0.1,0.1,0.95,0.68,0.02,0.18,10.4229
0.1,0.1,0.95,0.68,0.04,0.18,10.005
0.1,0.1,0.95,0.68,0.06,0.18,9.59806
0.1,0.1,0.95,0.68,0.08,0.18,9.2022
0.1,0.1,0.95,0.68,0.1,0.18,8.81739
0.1,0.1,0.95,0.68,0.12,0.18,8.44362
0.1,0.1,0.95,0.68,0.14,0.18,8.08089
0.1,0.1,0.95,0.68,0.16,0.18,7.7292
0.1,0.1,0.95,0.68,0.18,0.18,7.38853
0.1,0.1,0.95,0.68,0.2,0.18,7.0589
0.1,0.1,0.95,0.68,0.22,0.18,6.74029
0.1,0.1,0.95,0.68,0.24,0.18,6.43269
0.1,0.1,0.95,0.68,0.26,0.18,6.13612
0.1,0.1,0.95,0.68,0.28,0.18,5.85055
0.1,0.1,0.95,0.68,0.3,0.18,5.576
0.1,0.1,0.95,0.68,0.32,0.18,5.31245
0.1,0.1,0.95,0.68,0.34,0.18,5.0599
0.1,0.1,0.95,0.68,0.36,0.18,4.81835
0.1,0.1,0.95,0.68,0.38,0.18,4.58779
0.1,0.1,0.95,0.68,0.4,0.18,4.36823
0.1,0.1,0.95,0.68,0.42,0.18,4.15965
0.1,0.1,0.95,0.68,0.44,0.18,3.96206
0.1,0.1,0.95,0.68,0.46,0.18,3.77545
0.1,0.1,0.95,0.68,0.48,0.18,3.59982
0.1,0.1,0.95,0.68,0.5,0.18,3.43516
0.1,0.1,0.95,0.68,0.52,0.18,3.28147
0.1,0.1,0.95,0.68,0.54,0.18,3.13876
0.1,0.1,0.95,0.68,0.56,0.18,3.00701
0.1,0.1,0.95,0.68,0.58,0.18,2.88622
0.1,0.1,0.95,0.68,0.6,0.18,2.77639
0.1,0.1,0.95,0.68,0.62,0.18,2.67752
0.1,0.1,0.95,0.68,0.64,0.18,2.5896
0.1,0.1,0.95,0.68,0.66,0.18,2.51263
0.1,0.1,0.95,0.68,0.68,0.18,2.44661
0.1,0.1,0.95,0.68,0.7,0.18,2.39153
0.1,0.1,0.95,0.68,0.72,0.18,2.3474
0.1,0.1,0.95,0.68,0.74,0.18,2.3142
0.1,0.1,0.95,0.68,0.76,0.18,2.29194
0.1,0.1,0.95,0.68,0.78,0.18,2.28062
0.1,0.1,0.95,0.68,0.8,0.18,2.28022
0.1,0.1,0.95,0.68,0.82,0.18,2.29075
0.1,0.1,0.95,0.68,0.84,0.18,2.31221
0.1,0.1,0.95,0.68,0.86,0.18,2.34458
0.1,0.1,0.95,0.68,0.88,0.18,2.38788
0.1,0.1,0.95,0.68,0.9,0.18,2.44209
0.1,0.1,0.95,0.68,0.92,0.18,2.50722
0.1,0.1,0.95,0.68,0.94,0.18,2.58326
0.1,0.1,0.95,0.68,0.96,0.18,2.6702
0.1,0.1,0.95,0.68,0.98,0.18,2.76805
0.1,0.1,0.95,0.7,0,0.18,11.0213
0.1,0.1,0.95,0.7,0.02,0.18,10.6013
0.1,0.1,0.95,0.7,0.04,0.18,10.1917
0.1,0.1,0.95,0.7,0.06,0.18,9.79254
0.1,0.1,0.95,0.7,0.08,0.18,9.40383
0.1,0.1,0.95,0.7,0.1,0.18,9.02555
0.1,0.1,0.95,0.7,0.12,0.18,8.6577
0.1,0.1,0.95,0.7,0.14,0.18,8.30026
0.1,0.1,0.95,0.7,0.16,0.18,7.95325
0.1,0.1,0.95,0.7,0.18,0.18,7.61664
0.1,0.1,0.95,0.7,0.2,0.18,7.29045
0.1,0.1,0.95,0.7,0.22,0.18,6.97465
0.1,0.1,0.95,0.7,0.24,0.18,6.66927
0.1,0.1,0.95,0.7,0.26,0.18,6.37428
0.1,0.1,0.95,0.7,0.28,0.18,6.08968
0.1,0.1,0.95,0.7,0.3,0.18,5.81548
0.1,0.1,0.95,0.7,0.32,0.18,5.55166
0.1,0.1,0.95,0.7,0.34,0.18,5.29823
0.1,0.1,0.95,0.7,0.36,0.18,5.05519
0.1,0.1,0.95,0.7,0.38,0.18,4.82252
0.1,0.1,0.95,0.7,0.4,0.18,4.60023
0.1,0.1,0.95,0.7,0.42,0.18,4.38831
0.1,0.1,0.95,0.7,0.44,0.18,4.18675
0.1,0.1,0.95,0.7,0.46,0.18,3.99557
0.1,0.1,0.95,0.7,0.48,0.18,3.81475
0.1,0.1,0.95,0.7,0.5,0.18,3.64429
0.1,0.1,0.95,0.7,0.52,0.18,3.48419
0.1,0.1,0.95,0.7,0.54,0.18,3.33444
0.1,0.1,0.95,0.7,0.56,0.18,3.19504
0.1,0.1,0.95,0.7,0.58,0.18,3.06599
0.1,0.1,0.95,0.7,0.6,0.18,2.94729
0.1,0.1,0.95,0.7,0.62,0.18,2.83893
0.1,0.1,0.95,0.7,0.64,0.18,2.74091
0.1,0.1,0.95,0.7,0.66,0.18,2.65323
0.1,0.1,0.95,0.7,0.68,0.18,2.57589
0.1,0.1,0.95,0.7,0.7,0.18,2.50888
0.1,0.1,0.95,0.7,0.72,0.18,2.45219
0.1,0.1,0.95,0.7,0.74,0.18,2.40584
0.1,0.1,0.95,0.7,0.76,0.18,2.3698
0.1,0.1,0.95,0.7,0.78,0.18,2.34409
0.1,0.1,0.95,0.7,0.8,0.18,2.3287
0.1,0.1,0.95,0.7,0.82,0.18,2.32363
0.1,0.1,0.95,0.7,0.84,0.18,2.32886
0.1,0.1,0.95,0.7,0.86,0.18,2.34441
0.1,0.1,0.95,0.7,0.88,0.18,2.37027
0.1,0.1,0.95,0.7,0.9,0.18,2.40643
0.1,0.1,0.95,0.7,0.92,0.18,2.4529
0.1,0.1,0.95,0.7,0.94,0.18,2.50967
0.1,0.1,0.95,0.7,0.96,0.18,2.57673
0.1,0.1,0.95,0.7,0.98,0.18,2.6541
0.1,0.1,0.95,0.72,0,0.18,11.1825
0.1,0.1,0.95,0.72,0.02,0.18,10.7712
0.1,0.1,0.95,0.72,0.04,0.18,10.3697
0.1,0.1,0.95,0.72,0.06,0.18,9.97812
0.1,0.1,0.95,0.72,0.08,0.18,9.59639
0.1,0.1,0.95,0.72,0.1,0.18,9.22452
0.1,0.1,0.95,0.72,0.12,0.18,8.8625
0.1,0.1,0.95,0.72,0.14,0.18,8.51034
0.1,0.1,0.95,0.72,0.16,0.18,8.16802
0.1,0.1,0.95,0.72,0.18,0.18,7.83555
0.1,0.1,0.95,0.72,0.2,0.18,7.51292
0.1,0.1,0.95,0.72,0.22,0.18,7.20013
0.1,0.1,0.95,0.72,0.24,0.18,6.89718
0.1,0.1,0.95,0.72,0.26,0.18,6.60406
0.1,0.1,0.95,0.72,0.28,0.18,6.32076
0.1,0.1,0.95,0.72,0.3,0.18,6.04729
0.1,0.1,0.95,0.72,0.32,0.18,5.78364
0.1,0.1,0.95,0.72,0.34,0.18,5.52981
0.1,0.1,0.95,0.72,0.36,0.18,5.2858
0.1,0.1,0.95,0.72,0.38,0.18,5.0516
0.1,0.1,0.95,0.72,0.4,0.18,4.82721
0.1,0.1,0.95,0.72,0.42,0.18,4.61263
0.1,0.1,0.95,0.72,0.44,0.18,4.40786
0.1,0.1,0.95,0.72,0.46,0.18,4.21288
0.1,0.1,0.95,0.72,0.48,0.18,4.02771
0.1,0.1,0.95,0.72,0.5,0.18,3.85233
0.1,0.1,0.95,0.72,0.52,0.18,3.68674
0.1,0.1,0.95,0.72,0.54,0.18,3.53095
0.1,0.1,0.95,0.72,0.56,0.18,3.38494
0.1,0.1,0.95,0.72,0.58,0.18,3.24872
0.1,0.1,0.95,0.72,0.6,0.18,3.12228
0.1,0.1,0.95,0.72,0.62,0.18,3.00562
0.1,0.1,0.95,0.72,0.64,0.18,2.89874
0.1,0.1,0.95,0.72,0.66,0.18,2.80163
0.1,0.1,0.95,0.72,0.68,0.18,2.7143
0.1,0.1,0.95,0.72,0.7,0.18,2.63673
0.1,0.1,0.95,0.72,0.72,0.18,2.56894
0.1,0.1,0.95,0.72,0.74,0.18,2.51091
0.1,0.1,0.95,0.72,0.76,0.18,2.46264
0.1,0.1,0.95,0.72,0.78,0.18,2.42413
0.1,0.1,0.95,0.72,0.8,0.18,2.39538
0.1,0.1,0.95,0.72,0.82,0.18,2.37638
0.1,0.1,0.95,0.72,0.84,0.18,2.36714
0.1,0.1,0.95,0.72,0.86,0.18,2.36764
0.1,0.1,0.95,0.72,0.88,0.18,2.3779
0.1,0.1,0.95,0.72,0.9,0.18,2.3979
0.1,0.1,0.95,0.72,0.92,0.18,2.42764
0.1,0.1,0.95,0.72,0.94,0.18,2.46712
0.1,0.1,0.95,0.72,0.96,0.18,2.51634
0.1,0.1,0.95,0.72,0.98,0.18,2.5753
0.1,0.1,0.95,0.74,0,0.18,11.3362
0.1,0.1,0.95,0.74,0.02,0.18,10.9333
0.1,0.1,0.95,0.74,0.04,0.18,10.5397
0.1,0.1,0.95,0.74,0.06,0.18,10.1554
0.1,0.1,0.95,0.74,0.08,0.18,9.78045
0.1,0.1,0.95,0.74,0.1,0.18,9.41485
0.1,0.1,0.95,0.74,0.12,0.18,9.05858
0.1,0.1,0.95,0.74,0.14,0.18,8.71165
0.1,0.1,0.95,0.74,0.16,0.18,8.37404
0.1,0.1,0.95,0.74,0.18,0.18,8.04575
0.1,0.1,0.95,0.74,0.2,0.18,7.72678
0.1,0.1,0.95,0.74,0.22,0.18,7.41713
0.1,0.1,0.95,0.74,0.24,0.18,7.11679
0.1,0.1,0.95,0.74,0.26,0.18,6.82576
0.1,0.1,0.95,0.74,0.28,0.18,6.54404
0.1,0.1,0.95,0.74,0.3,0.18,6.27162
0.1,0.1,0.95,0.74,0.32,0.18,6.0085
0.1,0.1,0.95,0.74,0.34,0.18,5.75468
0.1,0.1,0.95,0.74,0.36,0.18,5.51016
0.1,0.1,0.95,0.74,0.38,0.18,5.27493
0.1,0.1,0.95,0.74,0.4,0.18,5.04899
0.1,0.1,0.95,0.74,0.42,0.18,4.83233
0.1,0.1,0.95,0.74,0.44,0.18,4.62497
0.1,0.1,0.95,0.74,0.46,0.18,4.42688
0.1,0.1,0.95,0.74,0.48,0.18,4.23807
0.1,0.1,0.95,0.74,0.5,0.18,4.05854
0.1,0.1,0.95,0.74,0.52,0.18,3.88829
0.1,0.1,0.95,0.74,0.54,0.18,3.7273
0.1,0.1,0.95,0.74,0.56,0.18,3.57559
0.1,0.1,0.95,0.74,0.58,0.18,3.43314
0.1,0.1,0.95,0.74,0.6,0.18,3.29996
0.1,0.1,0.95,0.74,0.62,0.18,3.17604
0.1,0.1,0.95,0.74,0.64,0.18,3.06138
0.1,0.1,0.95,0.74,0.66,0.18,2.95597
0.1,0.1,0.95,0.74,0.68,0.18,2.85982
0.1,0.1,0.95,0.74,0.7,0.18,2.77292
0.1,0.1,0.95,0.74,0.72,0.18,2.69527
0.1,0.1,0.95,0.74,0.74,0.18,2.62687
0.1,0.1,0.95,0.74,0.76,0.18,2.56772
0.1,0.1,0.95,0.74,0.78,0.18,2.51781
0.1,0.1,0.95,0.74,0.8,0.18,2.47714
0.1,0.1,0.95,0.74,0.82,0.18,2.4457
0.1,0.1,0.95,0.74,0.84,0.18,2.42351
0.1,0.1,0.95,0.74,0.86,0.18,2.41055
0.1,0.1,0.95,0.74,0.88,0.18,2.40682
0.1,0.1,0.95,0.74,0.9,0.18,2.41232
0.1,0.1,0.95,0.74,0.92,0.18,2.42704
0.1,0.1,0.95,0.74,0.94,0.18,2.45099
0.1,0.1,0.95,0.74,0.96,0.18,2.48417
0.1,0.1,0.95,0.74,0.98,0.18,2.52656
0.1,0.1,0.95,0.76,0,0.18,11.483
0.1,0.1,0.95,0.76,0.02,0.18,11.0881
0.1,0.1,0.95,0.76,0.04,0.18,10.702
0.1,0.1,0.95,0.76,0.06,0.18,10.3249
0.1,0.1,0.95,0.76,0.08,0.18,9.95653
0.1,0.1,0.95,0.76,0.1,0.18,9.59707
0.1,0.1,0.95,0.76,0.12,0.18,9.24645
0.1,0.1,0.95,0.76,0.14,0.18,8.90469
0.1,0.1,0.95,0.76,0.16,0.18,8.57176
0.1,0.1,0.95,0.76,0.18,0.18,8.24768
0.1,0.1,0.95,0.76,0.2,0.18,7.93243
0.1,0.1,0.95,0.76,0.22,0.18,7.62602
0.1,0.1,0.95,0.76,0.24,0.18,7.32844
0.1,0.1,0.95,0.76,0.26,0.18,7.03969
0.1,0.1,0.95,0.76,0.28,0.18,6.75977
0.1,0.1,0.95,0.76,0.3,0.18,6.48867
0.1,0.1,0.95,0.76,0.32,0.18,6.22639
0.1,0.1,0.95,0.76,0.34,0.18,5.97293
0.1,0.1,0.95,0.76,0.36,0.18,5.72828
0.1,0.1,0.95,0.76,0.38,0.18,5.49245
0.1,0.1,0.95,0.76,0.4,0.18,5.26542
0.1,0.1,0.95,0.76,0.42,0.18,5.0472
0.1,0.1,0.95,0.76,0.44,0.18,4.83779
0.1,0.1,0.95,0.76,0.46,0.18,4.63718
0.1,0.1,0.95,0.76,0.48,0.18,4.44538
0.1,0.1,0.95,0.76,0.5,0.18,4.26237
0.1,0.1,0.95,0.76,0.52,0.18,4.08815
0.1,0.1,0.95,0.76,0.54,0.18,3.92273
0.1,0.1,0.95,0.76,0.56,0.18,3.7661
0.1,0.1,0.95,0.76,0.58,0.18,3.61825
0.1,0.1,0.95,0.76,0.6,0.18,3.4792
0.1,0.1,0.95,0.76,0.62,0.18,3.34892
0.1,0.1,0.95,0.76,0.64,0.18,3.22743
0.1,0.1,0.95,0.76,0.66,0.18,3.11472
0.1,0.1,0.95,0.76,0.68,0.18,3.01079
0.1,0.1,0.95,0.76,0.7,0.18,2.91562
0.1,0.1,0.95,0.76,0.72,0.18,2.82924
0.1,0.1,0.95,0.76,0.74,0.18,2.75162
0.1,0.1,0.95,0.76,0.76,0.18,2.68277
0.1,0.1,0.95,0.76,0.78,0.18,2.62269
0.1,0.1,0.95,0.76,0.8,0.18,2.57137
0.1,0.1,0.95,0.76,0.82,0.18,2.52881
0.1,0.1,0.95,0.76,0.84,0.18,2.49502
0.1,0.1,0.95,0.76,0.86,0.18,2.46998
0.1,0.1,0.95,0.76,0.88,0.18,2.4537
0.1,0.1,0.95,0.76,0.9,0.18,2.44617
0.1,0.1,0.95,0.76,0.92,0.18,2.44739
0.1,0.1,0.95,0.76,0.94,0.18,2.45736
0.1,0.1,0.95,0.76,0.96,0.18,2.47608
0.1,0.1,0.95,0.76,0.98,0.18,2.50354
0.1,0.1,0.95,0.78,0,0.18,11.6231
0.1,0.1,0.95,0.78,0.02,0.18,11.236
0.1,0.1,0.95,0.78,0.04,0.18,10.8573
0.1,0.1,0.95,0.78,0.06,0.18,10.487
0.1,0.1,0.95,0.78,0.08,0.18,10.1251
0.1,0.1,0.95,0.78,0.1,0.18,9.77166
0.1,0.1,0.95,0.78,0.12,0.18,9.42659
0.1,0.1,0.95,0.78,0.14,0.18,9.08993
0.1,0.1,0.95,0.78,0.16,0.18,8.76165
0.1,0.1,0.95,0.78,0.18,0.18,8.44178
0.1,0.1,0.95,0.78,0.2,0.18,8.1303
0.1,0.1,0.95,0.78,0.22,0.18,7.8272
0.1,0.1,0.95,0.78,0.24,0.18,7.5325
0.1,0.1,0.95,0.78,0.26,0.18,7.24617
0.1,0.1,0.95,0.78,0.28,0.18,6.96823
0.1,0.1,0.95,0.78,0.3,0.18,6.69867
0.1,0.1,0.95,0.78,0.32,0.18,6.43749
0.1,0.1,0.95,0.78,0.34,0.18,6.18467
0.1,0.1,0.95,0.78,0.36,0.18,5.94023
0.1,0.1,0.95,0.78,0.38,0.18,5.70416
0.1,0.1,0.95,0.78,0.4,0.18,5.47646
0.1,0.1,0.95,0.78,0.42,0.18,5.25712
0.1,0.1,0.95,0.78,0.44,0.18,5.04614
0.1,0.1,0.95,0.78,0.46,0.18,4.84352
0.1,0.1,0.95,0.78,0.48,0.18,4.64926
0.1,0.1,0.95,0.78,0.5,0.18,4.46335
0.1,0.1,0.95,0.78,0.52,0.18,4.2858
0.1,0.1,0.95,0.78,0.54,0.18,4.11659
0.1,0.1,0.95,0.78,0.56,0.18,3.95574
0.1,0.1,0.95,0.78,0.58,0.18,3.80323
0.1,0.1,0.95,0.78,0.6,0.18,3.65906
0.1,0.1,0.95,0.78,0.62,0.18,3.52324
0.1,0.1,0.95,0.78,0.64,0.18,3.39576
0.1,0.1,0.95,0.78,0.66,0.18,3.27661
0.1,0.1,0.95,0.78,0.68,0.18,3.1658
0.1,0.1,0.95,0.78,0.7,0.18,3.06332
0.1,0.1,0.95,0.78,0.72,0.18,2.96918
0.1,0.1,0.95,0.78,0.74,0.18,2.88336
0.1,0.1,0.95,0.78,0.76,0.18,2.80587
0.1,0.1,0.95,0.78,0.78,0.18,2.73671
0.1,0.1,0.95,0.78,0.8,0.18,2.67587
0.1,0.1,0.95,0.78,0.82,0.18,2.62335
0.1,0.1,0.95,0.78,0.84,0.18,2.57915
0.1,0.1,0.95,0.78,0.86,0.18,2.54327
0.1,0.1,0.95,0.78,0.88,0.18,2.51571
0.1,0.1,0.95,0.78,0.9,0.18,2.49645
0.1,0.1,0.95,0.78,0.92,0.18,2.48551
0.1,0.1,0.95,0.78,0.94,0.18,2.48288
0.1,0.1,0.95,0.78,0.96,0.18,2.48856
0.1,0.1,0.95,0.78,0.98,0.18,2.50254
0.1,0.1,0.95,0.8,0,0.18,11.7572
0.1,0.1,0.95,0.8,0.02,0.18,11.3776
0.1,0.1,0.95,0.8,0.04,0.18,11.006
0.1,0.1,0.95,0.8,0.06,0.18,10.6423
0.1,0.1,0.95,0.8,0.08,0.18,10.2867
0.1,0.1,0.95,0.8,0.1,0.18,9.93908
0.1,0.1,0.95,0.8,0.12,0.18,9.59945
0.1,0.1,0.95,0.8,0.14,0.18,9.2678
0.1,0.1,0.95,0.8,0.16,0.18,8.94413
0.1,0.1,0.95,0.8,0.18,0.18,8.62845
0.1,0.1,0.95,0.8,0.2,0.18,8.32075
0.1,0.1,0.95,0.8,0.22,0.18,8.02103
0.1,0.1,0.95,0.8,0.24,0.18,7.72928
0.1,0.1,0.95,0.8,0.26,0.18,7.4455
0.1,0.1,0.95,0.8,0.28,0.18,7.1697
0.1,0.1,0.95,0.8,0.3,0.18,6.90186
0.1,0.1,0.95,0.8,0.32,0.18,6.64199
0.1,0.1,0.95,0.8,0.34,0.18,6.39007
0.1,0.1,0.95,0.8,0.36,0.18,6.14612
0.1,0.1,0.95,0.8,0.38,0.18,5.91013
0.1,0.1,0.95,0.8,0.4,0.18,5.68209
0.1,0.1,0.95,0.8,0.42,0.18,5.46201
0.1,0.1,0.95,0.8,0.44,0.18,5.24988
0.1,0.1,0.95,0.8,0.46,0.18,5.04569
0.1,0.1,0.95,0.8,0.48,0.18,4.84945
0.1,0.1,0.95,0.8,0.5,0.18,4.66116
0.1,0.1,0.95,0.8,0.52,0.18,4.48081
0.1,0.1,0.95,0.8,0.54,0.18,4.3084
0.1,0.1,0.95,0.8,0.56,0.18,4.14393
0.1,0.1,0.95,0.8,0.58,0.18,3.9874
0.1,0.1,0.95,0.8,0.6,0.18,3.8388
0.1,0.1,0.95,0.8,0.62,0.18,3.69814
0.1,0.1,0.95,0.8,0.64,0.18,3.5654
0.1,0.1,0.95,0.8,0.66,0.18,3.44059
0.1,0.1,0.95,0.8,0.68,0.18,3.32371
0.1,0.1,0.95,0.8,0.7,0.18,3.21475
0.1,0.1,0.95,0.8,0.72,0.18,3.11372
0.1,0.1,0.95,0.8,0.74,0.18,3.02061
0.1,0.1,0.95,0.8,0.76,0.18,2.93541
0.1,0.1,0.95,0.8,0.78,0.18,2.85814
0.1,0.1,0.95,0.8,0.8,0.18,2.78878
0.1,0.1,0.95,0.8,0.82,0.18,2.72733
0.1,0.1,0.95,0.8,0.84,0.18,2.67379
0.1,0.1,0.95,0.8,0.86,0.18,2.62816
0.1,0.1,0.95,0.8,0.88,0.18,2.59044
0.1,0.1,0.95,0.8,0.9,0.18,2.56063
0.1,0.1,0.95,0.8,0.92,0.18,2.53872
0.1,0.1,0.95,0.8,0.94,0.18,2.52471
0.1,0.1,0.95,0.8,0.96,0.18,2.51861
0.1,0.1,0.95,0.8,0.98,0.18,2.5204
0.1,0.1,0.95,0.82,0,0.18,11.8855
0.1,0.1,0.95,0.82,0.02,0.18,11.5131
0.1,0.1,0.95,0.82,0.04,0.18,11.1484
0.1,0.1,0.95,0.82,0.06,0.18,10.7912
0.1,0.1,0.95,0.82,0.08,0.18,10.4417
0.1,0.1,0.95,0.82,0.1,0.18,10.0997
0.1,0.1,0.95,0.82,0.12,0.18,9.76542
0.1,0.1,0.95,0.82,0.14,0.18,9.43871
0.1,0.1,0.95,0.82,0.16,0.18,9.1196
0.1,0.1,0.95,0.82,0.18,0.18,8.80809
0.1,0.1,0.95,0.82,0.2,0.18,8.50417
0.1,0.1,0.95,0.82,0.22,0.18,8.20785
0.1,0.1,0.95,0.82,0.24,0.18,7.91913
0.1,0.1,0.95,0.82,0.26,0.18,7.63799
0.1,0.1,0.95,0.82,0.28,0.18,7.36444
0.1,0.1,0.95,0.82,0.3,0.18,7.09848
0.1,0.1,0.95,0.82,0.32,0.18,6.84009
0.1,0.1,0.95,0.82,0.34,0.18,6.58929
0.1,0.1,0.95,0.82,0.36,0.18,6.34607
0.1,0.1,0.95,0.82,0.38,0.18,6.11043
0.1,0.1,0.95,0.82,0.4,0.18,5.88236
0.1,0.1,0.95,0.82,0.42,0.18,5.66186
0.1,0.1,0.95,0.82,0.44,0.18,5.44893
0.1,0.1,0.95,0.82,0.46,0.18,5.24357
0.1,0.1,0.95,0.82,0.48,0.18,5.04578
0.1,0.1,0.95,0.82,0.5,0.18,4.85555
0.1,0.1,0.95,0.82,0.52,0.18,4.67288
0.1,0.1,0.95,0.82,0.54,0.18,4.49777
0.1,0.1,0.95,0.82,0.56,0.18,4.33023
0.1,0.1,0.95,0.82,0.58,0.18,4.17023
0.1,0.1,0.95,0.82,0.6,0.18,4.01779
0.1,0.1,0.95,0.82,0.62,0.18,3.87291
0.1,0.1,0.95,0.82,0.64,0.18,3.73557
0.1,0.1,0.95,0.82,0.66,0.18,3.60579
0.1,0.1,0.95,0.82,0.68,0.18,3.48355
0.1,0.1,0.95,0.82,0.7,0.18,3.36886
0.1,0.1,0.95,0.82,0.72,0.18,3.26171
0.1,0.1,0.95,0.82,0.74,0.18,3.1621
0.1,0.1,0.95,0.82,0.76,0.18,3.07003
0.1,0.1,0.95,0.82,0.78,0.18,2.9855
0.1,0.1,0.95,0.82,0.8,0.18,2.9085
0.1,0.1,0.95,0.82,0.82,0.18,2.83904
0.1,0.1,0.95,0.82,0.84,0.18,2.77712
0.1,0.1,0.95,0.82,0.86,0.18,2.72272
0.1,0.1,0.95,0.82,0.88,0.18,2.67585
0.1,0.1,0.95,0.82,0.9,0.18,2.63652
0.1,0.1,0.95,0.82,0.92,0.18,2.6047
0.1,0.1,0.95,0.82,0.94,0.18,2.58041
0.1,0.1,0.95,0.82,0.96,0.18,2.56365
0.1,0.1,0.95,0.82,0.98,0.18,2.5544
0.1,0.1,0.95,0.84,0,0.18,12.0085
0.1,0.1,0.95,0.84,0.02,0.18,11.6431
0.1,0.1,0.95,0.84,0.04,0.18,11.2849
0.1,0.1,0.95,0.84,0.06,0.18,10.934
0.1,0.1,0.95,0.84,0.08,0.18,10.5904
0.1,0.1,0.95,0.84,0.1,0.18,10.254
0.1,0.1,0.95,0.84,0.12,0.18,9.92491
0.1,0.1,0.95,0.84,0.14,0.18,9.60304
0.1,0.1,0.95,0.84,0.16,0.18,9.28842
0.1,0.1,0.95,0.84,0.18,0.18,8.98104
0.1,0.1,0.95,0.84,0.2,0.18,8.6809
0.1,0.1,0.95,0.84,0.22,0.18,8.38801
0.1,0.1,0.95,0.84,0.24,0.18,8.10234
0.1,0.1,0.95,0.84,0.26,0.18,7.82392
0.1,0.1,0.95,0.84,0.28,0.18,7.55272
0.1,0.1,0.95,0.84,0.3,0.18,7.28876
0.1,0.1,0.95,0.84,0.32,0.18,7.03202
0.1,0.1,0.95,0.84,0.34,0.18,6.78251
0.1,0.1,0.95,0.84,0.36,0.18,6.54022
0.1,0.1,0.95,0.84,0.38,0.18,6.30516
0.1,0.1,0.95,0.84,0.4,0.18,6.07732
0.1,0.1,0.95,0.84,0.42,0.18,5.85669
0.1,0.1,0.95,0.84,0.44,0.18,5.64328
0.1,0.1,0.95,0.84,0.46,0.18,5.43708
0.1,0.1,0.95,0.84,0.48,0.18,5.2381
0.1,0.1,0.95,0.84,0.5,0.18,5.04632
0.1,0.1,0.95,0.84,0.52,0.18,4.86176
0.1,0.1,0.95,0.84,0.54,0.18,4.6844
0.1,0.1,0.95,0.84,0.56,0.18,4.51424
0.1,0.1,0.95,0.84,0.58,0.18,4.35129
0.1,0.1,0.95,0.84,0.6,0.18,4.19554
0.1,0.1,0.95,0.84,0.62,0.18,4.04699
0.1,0.1,0.95,0.84,0.64,0.18,3.90564
0.1,0.1,0.95,0.84,0.66,0.18,3.77148
0.1,0.1,0.95,0.84,0.68,0.18,3.64452
0.1,0.1,0.95,0.84,0.7,0.18,3.52475
0.1,0.1,0.95,0.84,0.72,0.18,3.41217
0.1,0.1,0.95,0.84,0.74,0.18,3.30677
0.1,0.1,0.95,0.84,0.76,0.18,3.20857
0.1,0.1,0.95,0.84,0.78,0.18,3.11755
0.1,0.1,0.95,0.84,0.8,0.18,3.03372
0.1,0.1,0.95,0.84,0.82,0.18,2.95707
0.1,0.1,0.95,0.84,0.84,0.18,2.88759
0.1,0.1,0.95,0.84,0.86,0.18,2.8253
0.1,0.1,0.95,0.84,0.88,0.18,2.77019
0.1,0.1,0.95,0.84,0.9,0.18,2.72225
0.1,0.1,0.95,0.84,0.92,0.18,2.68148
0.1,0.1,0.95,0.84,0.94,0.18,2.64789
0.1,0.1,0.95,0.84,0.96,0.18,2.62147
0.1,0.1,0.95,0.84,0.98,0.18,2.60222
0.1,0.1,0.95,0.86,0,0.18,12.1264
0.1,0.1,0.95,0.86,0.02,0.18,11.7677
0.1,0.1,0.95,0.86,0.04,0.18,11.416
0.1,0.1,0.95,0.86,0.06,0.18,11.0712
0.1,0.1,0.95,0.86,0.08,0.18,10.7333
0.1,0.1,0.95,0.86,0.1,0.18,10.4023
0.1,0.1,0.95,0.86,0.12,0.18,10.0783
0.1,0.1,0.95,0.86,0.14,0.18,9.76116
0.1,0.1,0.95,0.86,0.16,0.18,9.45095
0.1,0.1,0.95,0.86,0.18,0.18,9.14766
0.1,0.1,0.95,0.86,0.2,0.18,8.85128
0.1,0.1,0.95,0.86,0.22,0.18,8.5618
0.1,0.1,0.95,0.86,0.24,0.18,8.27924
0.1,0.1,0.95,0.86,0.26,0.18,8.00357
0.1,0.1,0.95,0.86,0.28,0.18,7.73481
0.1,0.1,0.95,0.86,0.3,0.18,7.47294
0.1,0.1,0.95,0.86,0.32,0.18,7.21798
0.1,0.1,0.95,0.86,0.34,0.18,6.96991
0.1,0.1,0.95,0.86,0.36,0.18,6.72873
0.1,0.1,0.95,0.86,0.38,0.18,6.49445
0.1,0.1,0.95,0.86,0.4,0.18,6.26705
0.1,0.1,0.95,0.86,0.42,0.18,6.04655
0.1,0.1,0.95,0.86,0.44,0.18,5.83292
0.1,0.1,0.95,0.86,0.46,0.18,5.62619
0.1,0.1,0.95,0.86,0.48,0.18,5.42633
0.1,0.1,0.95,0.86,0.5,0.18,5.23336
0.1,0.1,0.95,0.86,0.52,0.18,5.04727
0.1,0.1,0.95,0.86,0.54,0.18,4.86805
0.1,0.1,0.95,0.86,0.56,0.18,4.69571
0.1,0.1,0.95,0.86,0.58,0.18,4.53024
0.1,0.1,0.95,0.86,0.6,0.18,4.37164
0.1,0.1,0.95,0.86,0.62,0.18,4.21992
0.1,0.1,0.95,0.86,0.64,0.18,4.07506
0.1,0.1,0.95,0.86,0.66,0.18,3.93707
0.1,0.1,0.95,0.86,0.68,0.18,3.80594
0.1,0.1,0.95,0.86,0.7,0.18,3.68168
0.1,0.1,0.95,0.86,0.72,0.18,3.56428
0.1,0.1,0.95,0.86,0.74,0.18,3.45374
0.1,0.1,0.95,0.86,0.76,0.18,3.35007
0.1,0.1,0.95,0.86,0.78,0.18,3.25324
0.1,0.1,0.95,0.86,0.8,0.18,3.16328
0.1,0.1,0.95,0.86,0.82,0.18,3.08017
0.1,0.1,0.95,0.86,0.84,0.18,3.00391
0.1,0.1,0.95,0.86,0.86,0.18,2.9345
0.1,0.1,0.95,0.86,0.88,0.18,2.87194
0.1,0.1,0.95,0.86,0.9,0.18,2.81623
0.1,0.1,0.95,0.86,0.92,0.18,2.76737
0.1,0.1,0.95,0.86,0.94,0.18,2.72535
0.1,0.1,0.95,0.86,0.96,0.18,2.69018
0.1,0.1,0.95,0.86,0.98,0.18,2.66185
0.1,0.1,0.95,0.88,0,0.18,12.2395
0.1,0.1,0.95,0.88,0.02,0.18,11.8873
0.1,0.1,0.95,0.88,0.04,0.18,11.5418
0.1,0.1,0.95,0.88,0.06,0.18,11.2029
0.1,0.1,0.95,0.88,0.08,0.18,10.8706
0.1,0.1,0.95,0.88,0.1,0.18,10.5449
0.1,0.1,0.95,0.88,0.12,0.18,10.2258
0.1,0.1,0.95,0.88,0.14,0.18,9.91338
0.1,0.1,0.95,0.88,0.16,0.18,9.60752
0.1,0.1,0.95,0.88,0.18,0.18,9.30826
0.1,0.1,0.95,0.88,0.2,0.18,9.01561
0.1,0.1,0.95,0.88,0.22,0.18,8.72955
0.1,0.1,0.95,0.88,0.24,0.18,8.45009
0.1,0.1,0.95,0.88,0.26,0.18,8.17723
0.1,0.1,0.95,0.88,0.28,0.18,7.91095
0.1,0.1,0.95,0.88,0.3,0.18,7.65127
0.1,0.1,0.95,0.88,0.32,0.18,7.39818
0.1,0.1,0.95,0.88,0.34,0.18,7.15168
0.1,0.1,0.95,0.88,0.36,0.18,6.91176
0.1,0.1,0.95,0.88,0.38,0.18,6.67843
0.1,0.1,0.95,0.88,0.4,0.18,6.45167
0.1,0.1,0.95,0.88,0.42,0.18,6.2315
0.1,0.1,0.95,0.88,0.44,0.18,6.01791
0.1,0.1,0.95,0.88,0.46,0.18,5.81089
0.1,0.1,0.95,0.88,0.48,0.18,5.61045
0.1,0.1,0.95,0.88,0.5,0.18,5.41658
0.1,0.1,0.95,0.88,0.52,0.18,5.22928
0.1,0.1,0.95,0.88,0.54,0.18,5.04855
0.1,0.1,0.95,0.88,0.56,0.18,4.87439
0.1,0.1,0.95,0.88,0.58,0.18,4.7068
0.1,0.1,0.95,0.88,0.6,0.18,4.54577
0.1,0.1,0.95,0.88,0.62,0.18,4.3913
0.1,0.1,0.95,0.88,0.64,0.18,4.2434
0.1,0.1,0.95,0.88,0.66,0.18,4.10206
0.1,0.1,0.95,0.88,0.68,0.18,3.96727
0.1,0.1,0.95,0.88,0.7,0.18,3.83905
0.1,0.1,0.95,0.88,0.72,0.18,3.71737
0.1,0.1,0.95,0.88,0.74,0.18,3.60226
0.1,0.1,0.95,0.88,0.76,0.18,3.49369
0.1,0.1,0.95,0.88,0.78,0.18,3.39168
0.1,0.1,0.95,0.88,0.8,0.18,3.29622
0.1,0.1,0.95,0.88,0.82,0.18,3.2073
0.1,0.1,0.95,0.88,0.84,0.18,3.12494
0.1,0.1,0.95,0.88,0.86,0.18,3.04911
0.1,0.1,0.95,0.88,0.88,0.18,2.97984
0.1,0.1,0.95,0.88,0.9,0.18,2.9171
0.1,0.1,0.95,0.88,0.92,0.18,2.86091
0.1,0.1,0.95,0.88,0.94,0.18,2.81125
0.1,0.1,0.95,0.88,0.96,0.18,2.76814
0.1,0.1,0.95,0.88,0.98,0.18,2.73156
0.1,0.1,0.95,0.9,0,0.18,12.3482
0.1,0.1,0.95,0.9,0.02,0.18,12.0023
0.1,0.1,0.95,0.9,0.04,0.18,11.6628
0.1,0.1,0.95,0.9,0.06,0.18,11.3296
0.1,0.1,0.95,0.9,0.08,0.18,11.0027
0.1,0.1,0.95,0.9,0.1,0.18,10.6822
0.1,0.1,0.95,0.9,0.12,0.18,10.3679
0.1,0.1,0.95,0.9,0.14,0.18,10.06
0.1,0.1,0.95,0.9,0.16,0.18,9.75843
0.1,0.1,0.95,0.9,0.18,0.18,9.46315
0.1,0.1,0.95,0.9,0.2,0.18,9.17418
0.1,0.1,0.95,0.9,0.22,0.18,8.89153
0.1,0.1,0.95,0.9,0.24,0.18,8.61518
0.1,0.1,0.95,0.9,0.26,0.18,8.34514
0.1,0.1,0.95,0.9,0.28,0.18,8.08141
0.1,0.1,0.95,0.9,0.3,0.18,7.82397
0.1,0.1,0.95,0.9,0.32,0.18,7.57284
0.1,0.1,0.95,0.9,0.34,0.18,7.32801
0.1,0.1,0.95,0.9,0.36,0.18,7.08948
0.1,0.1,0.95,0.9,0.38,0.18,6.85724
0.1,0.1,0.95,0.9,0.4,0.18,6.63129
0.1,0.1,0.95,0.9,0.42,0.18,6.41164
0.1,0.1,0.95,0.9,0.44,0.18,6.19828
0.1,0.1,0.95,0.9,0.46,0.18,5.99121
0.1,0.1,0.95,0.9,0.48,0.18,5.79042
0.1,0.1,0.95,0.9,0.5,0.18,5.59592
0.1,0.1,0.95,0.9,0.52,0.18,5.40771
0.1,0.1,0.95,0.9,0.54,0.18,5.22578
0.1,0.1,0.95,0.9,0.56,0.18,5.05013
0.1,0.1,0.95,0.9,0.58,0.18,4.88076
0.1,0.1,0.95,0.9,0.6,0.18,4.71766
0.1,0.1,0.95,0.9,0.62,0.18,4.56085
0.1,0.1,0.95,0.9,0.64,0.18,4.41031
0.1,0.1,0.95,0.9,0.66,0.18,4.26604
0.1,0.1,0.95,0.9,0.68,0.18,4.12804
0.1,0.1,0.95,0.9,0.7,0.18,3.99632
0.1,0.1,0.95,0.9,0.72,0.18,3.87087
0.1,0.1,0.95,0.9,0.74,0.18,3.75168
0.1,0.1,0.95,0.9,0.76,0.18,3.63876
0.1,0.1,0.95,0.9,0.78,0.18,3.5321
0.1,0.1,0.95,0.9,0.8,0.18,3.43171
0.1,0.1,0.95,0.9,0.82,0.18,3.33759
0.1,0.1,0.95,0.9,0.84,0.18,3.24972
0.1,0.1,0.95,0.9,0.86,0.18,3.16811
0.1,0.1,0.95,0.9,0.88,0.18,3.09276
0.1,0.1,0.95,0.9,0.9,0.18,3.02367
0.1,0.1,0.95,0.9,0.92,0.18,2.96083
0.1,0.1,0.95,0.9,0.94,0.18,2.90425
0.1,0.1,0.95,0.9,0.96,0.18,2.85392
0.1,0.1,0.95,0.9,0.98,0.18,2.80984
0.1,0.1,0.95,0.92,0,0.18,12.4526
0.1,0.1,0.95,0.92,0.02,0.18,12.1129
0.1,0.1,0.95,0.92,0.04,0.18,11.7791
0.1,0.1,0.95,0.92,0.06,0.18,11.4515
0.1,0.1,0.95,0.92,0.08,0.18,11.1299
0.1,0.1,0.95,0.92,0.1,0.18,10.8143
0.1,0.1,0.95,0.92,0.12,0.18,10.5048
0.1,0.1,0.95,0.92,0.14,0.18,10.2014
0.1,0.1,0.95,0.92,0.16,0.18,9.90397
0.1,0.1,0.95,0.92,0.18,0.18,9.61261
0.1,0.1,0.95,0.92,0.2,0.18,9.32729
0.1,0.1,0.95,0.92,0.22,0.18,9.04801
0.1,0.1,0.95,0.92,0.24,0.18,8.77477
0.1,0.1,0.95,0.92,0.26,0.18,8.50757
0.1,0.1,0.95,0.92,0.28,0.18,8.2464
0.1,0.1,0.95,0.92,0.3,0.18,7.99127
0.1,0.1,0.95,0.92,0.32,0.18,7.74216
0.1,0.1,0.95,0.92,0.34,0.18,7.49909
0.1,0.1,0.95,0.92,0.36,0.18,7.26205
0.1,0.1,0.95,0.92,0.38,0.18,7.03103
0.1,0.1,0.95,0.92,0.4,0.18,6.80604
0.1,0.1,0.95,0.92,0.42,0.18,6.58706
0.1,0.1,0.95,0.92,0.44,0.18,6.37412
0.1,0.1,0.95,0.92,0.46,0.18,6.16719
0.1,0.1,0.95,0.92,0.48,0.18,5.96628
0.1,0.1,0.95,0.92,0.5,0.18,5.77139
0.1,0.1,0.95,0.92,0.52,0.18,5.58251
0.1,0.1,0.95,0.92,0.54,0.18,5.39965
0.1,0.1,0.95,0.92,0.56,0.18,5.2228
0.1,0.1,0.95,0.92,0.58,0.18,5.05196
0.1,0.1,0.95,0.92,0.6,0.18,4.88713
0.1,0.1,0.95,0.92,0.62,0.18,4.72831
0.1,0.1,0.95,0.92,0.64,0.18,4.57549
0.1,0.1,0.95,0.92,0.66,0.18,4.42868
0.1,0.1,0.95,0.92,0.68,0.18,4.28788
0.1,0.1,0.95,0.92,0.7,0.18,4.15308
0.1,0.1,0.95,0.92,0.72,0.18,4.02428
0.1,0.1,0.95,0.92,0.74,0.18,3.90148
0.1,0.1,0.95,0.92,0.76,0.18,3.78468
0.1,0.1,0.95,0.92,0.78,0.18,3.67387
0.1,0.1,0.95,0.92,0.8,0.18,3.56906
0.1,0.1,0.95,0.92,0.82,0.18,3.47025
0.1,0.1,0.95,0.92,0.84,0.18,3.37743
0.1,0.1,0.95,0.92,0.86,0.18,3.2906
0.1,0.1,0.95,0.92,0.88,0.18,3.20977
0.1,0.1,0.95,0.92,0.9,0.18,3.13492
0.1,0.1,0.95,0.92,0.92,0.18,3.06606
0.1,0.1,0.95,0.92,0.94,0.18,3.00319
0.1,0.1,0.95,0.92,0.96,0.18,2.94631
0.1,0.1,0.95,0.92,0.98,0.18,2.89541
0.1,0.1,0.95,0.94,0,0.18,12.5531
0.1,0.1,0.95,0.94,0.02,0.18,12.2192
0.1,0.1,0.95,0.94,0.04,0.18,11.8911
0.1,0.1,0.95,0.94,0.06,0.18,11.5689
0.1,0.1,0.95,0.94,0.08,0.18,11.2524
0.1,0.1,0.95,0.94,0.1,0.18,10.9417
0.1,0.1,0.95,0.94,0.12,0.18,10.6368
0.1,0.1,0.95,0.94,0.14,0.18,10.3377
0.1,0.1,0.95,0.94,0.16,0.18,10.0444
0.1,0.1,0.95,0.94,0.18,0.18,9.7569
0.1,0.1,0.95,0.94,0.2,0.18,9.47519
0.1,0.1,0.95,0.94,0.22,0.18,9.19926
0.1,0.1,0.95,0.94,0.24,0.18,8.92911
0.1,0.1,0.95,0.94,0.26,0.18,8.66475
0.1,0.1,0.95,0.94,0.28,0.18,8.40617
0.1,0.1,0.95,0.94,0.3,0.18,8.15337
0.1,0.1,0.95,0.94,0.32,0.18,7.90635
0.1,0.1,0.95,0.94,0.34,0.18,7.66511
0.1,0.1,0.95,0.94,0.36,0.18,7.42964
0.1,0.1,0.95,0.94,0.38,0.18,7.19995
0.1,0.1,0.95,0.94,0.4,0.18,6.97603
0.1,0.1,0.95,0.94,0.42,0.18,6.75788
0.1,0.1,0.95,0.94,0.44,0.18,6.5455
0.1,0.1,0.95,0.94,0.46,0.18,6.33889
0.1,0.1,0.95,0.94,0.48,0.18,6.13805
0.1,0.1,0.95,0.94,0.5,0.18,5.94297
0.1,0.1,0.95,0.94,0.52,0.18,5.75365
0.1,0.1,0.95,0.94,0.54,0.18,5.5701
0.1,0.1,0.95,0.94,0.56,0.18,5.39231
0.1,0.1,0.95,0.94,0.58,0.18,5.22028
0.1,0.1,0.95,0.94,0.6,0.18,5.054
0.1,0.1,0.95,0.94,0.62,0.18,4.89348
0.1,0.1,0.95,0.94,0.64,0.18,4.73872
0.1,0.1,0.95,0.94,0.66,0.18,4.58972
0.1,0.1,0.95,0.94,0.68,0.18,4.44646
0.1,0.1,0.95,0.94,0.7,0.18,4.30896
0.1,0.1,0.95,0.94,0.72,0.18,4.1772
0.1,0.1,0.95,0.94,0.74,0.18,4.0512
0.1,0.1,0.95,0.94,0.76,0.18,3.93094
0.1,0.1,0.95,0.94,0.78,0.18,3.81643
0.1,0.1,0.95,0.94,0.8,0.18,3.70767
0.1,0.1,0.95,0.94,0.82,0.18,3.60465
0.1,0.1,0.95,0.94,0.84,0.18,3.50737
0.1,0.1,0.95,0.94,0.86,0.18,3.41584
0.1,0.1,0.95,0.94,0.88,0.18,3.33004
0.1,0.1,0.95,0.94,0.9,0.18,3.24999
0.1,0.1,0.95,0.94,0.92,0.18,3.17567
0.1,0.1,0.95,0.94,0.94,0.18,3.10709
0.1,0.1,0.95,0.94,0.96,0.18,3.04424
0.1,0.1,0.95,0.94,0.98,0.18,2.98713
0.1,0.1,0.95,0.96,0,0.18,12.6499
0.1,0.1,0.95,0.96,0.02,0.18,12.3217
0.1,0.1,0.95,0.96,0.04,0.18,11.999
0.1,0.1,0.95,0.96,0.06,0.18,11.6819
0.1,0.1,0.95,0.96,0.08,0.18,11.3704
0.1,0.1,0.95,0.96,0.1,0.18,11.0645
0.1,0.1,0.95,0.96,0.12,0.18,10.7641
0.1,0.1,0.95,0.96,0.14,0.18,10.4693
0.1,0.1,0.95,0.96,0.16,0.18,10.18
0.1,0.1,0.95,0.96,0.18,0.18,9.89629
0.1,0.1,0.95,0.96,0.2,0.18,9.61812
0.1,0.1,0.95,0.96,0.22,0.18,9.3455
0.1,0.1,0.95,0.96,0.24,0.18,9.07843
0.1,0.1,0.95,0.96,0.26,0.18,8.81691
0.1,0.1,0.95,0.96,0.28,0.18,8.56093
0.1,0.1,0.95,0.96,0.3,0.18,8.3105
0.1,0.1,0.95,0.96,0.32,0.18,8.0656
0.1,0.1,0.95,0.96,0.34,0.18,7.82625
0.1,0.1,0.95,0.96,0.36,0.18,7.59244
0.1,0.1,0.95,0.96,0.38,0.18,7.36416
0.1,0.1,0.95,0.96,0.4,0.18,7.14142
0.1,0.1,0.95,0.96,0.42,0.18,6.92421
0.1,0.1,0.95,0.96,0.44,0.18,6.71254
0.1,0.1,0.95,0.96,0.46,0.18,6.5064
0.1,0.1,0.95,0.96,0.48,0.18,6.30578
0.1,0.1,0.95,0.96,0.5,0.18,6.1107
0.1,0.1,0.95,0.96,0.52,0.18,5.92115
0.1,0.1,0.95,0.96,0.54,0.18,5.73712
0.1,0.1,0.95,0.96,0.56,0.18,5.55861
0.1,0.1,0.95,0.96,0.58,0.18,5.38563
0.1,0.1,0.95,0.96,0.6,0.18,5.21817
0.1,0.1,0.95,0.96,0.62,0.18,5.05623
0.1,0.1,0.95,0.96,0.64,0.18,4.89982
0.1,0.1,0.95,0.96,0.66,0.18,4.74891
0.1,0.1,0.95,0.96,0.68,0.18,4.60353
0.1,0.1,0.95,0.96,0.7,0.18,4.46366
0.1,0.1,0.95,0.96,0.72,0.18,4.32931
0.1,0.1,0.95,0.96,0.74,0.18,4.20047
0.1,0.1,0.95,0.96,0.76,0.18,4.07715
0.1,0.1,0.95,0.96,0.78,0.18,3.95933
0.1,0.1,0.95,0.96,0.8,0.18,3.84703
0.1,0.1,0.95,0.96,0.82,0.18,3.74023
0.1,0.1,0.95,0.96,0.84,0.18,3.63894
0.1,0.1,0.95,0.96,0.86,0.18,3.54316
0.1,0.1,0.95,0.96,0.88,0.18,3.45288
0.1,0.1,0.95,0.96,0.9,0.18,3.3681
0.1,0.1,0.95,0.96,0.92,0.18,3.28883
0.1,0.1,0.95,0.96,0.94,0.18,3.21506
0.1,0.1,0.95,0.96,0.96,0.18,3.1468
0.1,0.1,0.95,0.96,0.98,0.18,3.08403
0.1,0.1,0.95,0.98,0,0.18,12.743
0.1,0.1,0.95,0.98,0.02,0.18,12.4204
0.1,0.1,0.95,0.98,0.04,0.18,12.103
0.1,0.1,0.95,0.98,0.06,0.18,11.791
0.1,0.1,0.95,0.98,0.08,0.18,11.4843
0.1,0.1,0.95,0.98,0.1,0.18,11.183
0.1,0.1,0.95,0.98,0.12,0.18,10.887
0.1,0.1,0.95,0.98,0.14,0.18,10.5963
0.1,0.1,0.95,0.98,0.16,0.18,10.311
0.1,0.1,0.95,0.98,0.18,0.18,10.031
0.1,0.1,0.95,0.98,0.2,0.18,9.75633
0.1,0.1,0.95,0.98,0.22,0.18,9.48698
0.1,0.1,0.95,0.98,0.24,0.18,9.22296
0.1,0.1,0.95,0.98,0.26,0.18,8.96427
0.1,0.1,0.95,0.98,0.28,0.18,8.71089
0.1,0.1,0.95,0.98,0.3,0.18,8.46284
0.1,0.1,0.95,0.98,0.32,0.18,8.2201
0.1,0.1,0.95,0.98,0.34,0.18,7.98269
0.1,0.1,0.95,0.98,0.36,0.18,7.75059
0.1,0.1,0.95,0.98,0.38,0.18,7.5238
0.1,0.1,0.95,0.98,0.4,0.18,7.30233
0.1,0.1,0.95,0.98,0.42,0.18,7.08617
0.1,0.1,0.95,0.98,0.44,0.18,6.87532
0.1,0.1,0.95,0.98,0.46,0.18,6.66978
0.1,0.1,0.95,0.98,0.48,0.18,6.46955
0.1,0.1,0.95,0.98,0.5,0.18,6.27462
0.1,0.1,0.95,0.98,0.52,0.18,6.085
0.1,0.1,0.95,0.98,0.54,0.18,5.90069
0.1,0.1,0.95,0.98,0.56,0.18,5.72167
0.1,0.1,0.95,0.98,0.58,0.18,5.54796
0.1,0.1,0.95,0.98,0.6,0.18,5.37955
0.1,0.1,0.95,0.98,0.62,0.18,5.21644
0.1,0.1,0.95,0.98,0.64,0.18,5.05862
0.1,0.1,0.95,0.98,0.66,0.18,4.9061
0.1,0.1,0.95,0.98,0.68,0.18,4.75888
0.1,0.1,0.95,0.98,0.7,0.18,4.61696
0.1,0.1,0.95,0.98,0.72,0.18,4.48032
0.1,0.1,0.95,0.98,0.74,0.18,4.34898
0.1,0.1,0.95,0.98,0.76,0.18,4.22293
0.1,0.1,0.95,0.98,0.78,0.18,4.10217
0.1,0.1,0.95,0.98,0.8,0.18,3.98669
0.1,0.1,0.95,0.98,0.82,0.18,3.87651
0.1,0.1,0.95,0.98,0.84,0.18,3.77161
0.1,0.1,0.95,0.98,0.86,0.18,3.672
0.1,0.1,0.95,0.98,0.88,0.18,3.57767
0.1,0.1,0.95,0.98,0.9,0.18,3.48862
0.1,0.1,0.95,0.98,0.92,0.18,3.40486
0.1,0.1,0.95,0.98,0.94,0.18,3.32638
0.1,0.1,0.95,0.98,0.96,0.18,3.25317
0.1,0.1,0.95,0.98,0.98,0.18,3.18525
