0,0.732568,0.296182,0.657532,0.967724,0.411926,0.152867,9268.59
1,0.732568,0.296182,0.657532,0.967724,0.411926,0.152867,9268.59
2,0.707635,0.0959951,0.671767,0.772371,0.0168094,0.555564,30.5267
3,0.501181,0.432703,0.322514,0.76232,0.125432,0.252252,27.3593
4,0.501181,0.432703,0.322514,0.76232,0.125432,0.252252,27.3593
5,0.555392,0.307573,0.417515,0.861278,0.0658607,0.336543,24.3973
6,0.523222,0.393278,0.301985,0.877681,0.0817062,0.249135,22.7659
7,0.561695,0.399782,0.305077,0.87504,0.0894643,0.249463,22.2626
8,0.517855,0.429436,0.297435,0.854645,0.0832257,0.239792,21.923
9,0.471377,0.346623,0.193251,0.840942,0.072914,0.158661,20.0196
10,0.471377,0.346623,0.193251,0.840942,0.072914,0.158661,20.0196
11,0.471377,0.346623,0.193251,0.840942,0.072914,0.158661,20.0196
12,0.450626,0.354872,0.192142,0.880391,0.0386744,0.156889,18.8483
13,0.392216,0.370655,0.197092,0.853151,0.0376939,0.157475,18.5363
14,0.469899,0.442641,0.1664,0.853117,0.0337618,0.133731,17.6378
15,0.453781,0.349563,0.121722,0.851266,0.0289742,0.0970473,16.0578
16,0.453781,0.349563,0.121722,0.851266,0.0289742,0.0970473,0.281231
17,0.453781,0.349563,0.121722,0.851266,0.0289742,0.0970473,0.281231
18,0.452461,0.446112,0.194681,0.868417,0.00810391,0.0835869,0.154224
19,0.649151,0.338644,0.136173,0.614582,0.00233828,0.130155,0.0393079
20,0.747475,0.272245,0.0557841,0.881945,0.0693698,0.0161484,0.0165493
21,0.747475,0.272245,0.0557841,0.881945,0.0693698,0.0161484,0.0165493
22,0.747475,0.272245,0.0557841,0.881945,0.0693698,0.0161484,0.0165493
23,0.747475,0.272245,0.0557841,0.881945,0.0693698,0.0161484,0.0165493
24,0.747475,0.272245,0.0557841,0.881945,0.0693698,0.0161484,0.0165493
25,0.747475,0.272245,0.0557841,0.881945,0.0693698,0.0161484,0.0165493
26,0.747475,0.272245,0.0557841,0.881945,0.0693698,0.0161484,0.0165493
27,0.747475,0.272245,0.0557841,0.881945,0.0693698,0.0161484,0.0165493
28,0.747475,0.272245,0.0557841,0.881945,0.0693698,0.0161484,0.0165493
29,0.751686,0.240659,0.101847,0.717674,0.0281848,0.065428,0.00535821
30,0.751686,0.240659,0.101847,0.717674,0.0281848,0.065428,0.00535821
31,0.751686,0.240659,0.101847,0.717674,0.0281848,0.065428,0.00535821
32,0.751686,0.240659,0.101847,0.717674,0.0281848,0.065428,0.00535821
33,0.751686,0.240659,0.101847,0.717674,0.0281848,0.065428,0.00535821
34,0.751686,0.240659,0.101847,0.717674,0.0281848,0.065428,0.00535821
35,0.751686,0.240659,0.101847,0.717674,0.0281848,0.065428,0.00535821
36,0.751686,0.240659,0.101847,0.717674,0.0281848,0.065428,0.00535821
37,0.751686,0.240659,0.101847,0.717674,0.0281848,0.065428,0.00535821
38,0.751686,0.240659,0.101847,0.717674,0.0281848,0.065428,0.00535821
39,0.751686,0.240659,0.101847,0.717674,0.0281848,0.065428,0.00535821
40,0.86101,0.321761,0.0755043,0.455241,0.0128819,0.0521344,0.00366634
41,0.86101,0.321761,0.0755043,0.455241,0.0128819,0.0521344,0.00366634
42,0.86101,0.321761,0.0755043,0.455241,0.0128819,0.0521344,0.00366634
43,0.86101,0.321761,0.0755043,0.455241,0.0128819,0.0521344,0.00366634
44,0.86101,0.321761,0.0755043,0.455241,0.0128819,0.0521344,0.00366634
45,0.86101,0.321761,0.0755043,0.455241,0.0128819,0.0521344,0.00366634
46,0.86101,0.321761,0.0755043,0.455241,0.0128819,0.0521344,0.00366634
47,0.86101,0.321761,0.0755043,0.455241,0.0128819,0.0521344,0.00366634
48,0.781035,0.261985,0.0950204,0.648584,0.0241038,0.0617358,0.00352046
49,0.781035,0.261985,0.0950204,0.648584,0.0241038,0.0617358,0.00352046
50,0.781035,0.261985,0.0950204,0.648584,0.0241038,0.0617358,0.00352046
51,0.781035,0.261985,0.0950204,0.648584,0.0241038,0.0617358,0.00352046
52,0.781035,0.261985,0.0950204,0.648584,0.0241038,0.0617358,0.00352046
53,0.742288,0.313911,0.127075,0.691041,0.0145473,0.0963518,0.00156391
54,0.742288,0.313911,0.127075,0.691041,0.0145473,0.0963518,0.00156391
55,0.742288,0.313911,0.127075,0.691041,0.0145473,0.0963518,0.00156391
56,0.742288,0.313911,0.127075,0.691041,0.0145473,0.0963518,0.00156391
57,0.742288,0.313911,0.127075,0.691041,0.0145473,0.0963518,0.00156391
58,0.742288,0.313911,0.127075,0.691041,0.0145473,0.0963518,0.00156391
59,0.742288,0.313911,0.127075,0.691041,0.0145473,0.0963518,0.00156391
60,0.742288,0.313911,0.127075,0.691041,0.0145473,0.0963518,0.00156391
61,0.742288,0.313911,0.127075,0.691041,0.0145473,0.0963518,0.00156391
62,0.742288,0.313911,0.127075,0.691041,0.0145473,0.0963518,0.00156391
63,0.742288,0.313911,0.127075,0.691041,0.0145473,0.0963518,0.00156391
64,0.742288,0.313911,0.127075,0.691041,0.0145473,0.0963518,0.00156391
65,0.742288,0.313911,0.127075,0.691041,0.0145473,0.0963518,0.00156391
66,0.742288,0.313911,0.127075,0.691041,0.0145473,0.0963518,0.00156391
67,0.742288,0.313911,0.127075,0.691041,0.0145473,0.0963518,0.00141404
68,0.742288,0.313911,0.127075,0.691041,0.0145473,0.0963518,0.00141404
69,0.742288,0.313911,0.127075,0.691041,0.0145473,0.0963518,0.00141404
70,0.742288,0.313911,0.127075,0.691041,0.0145473,0.0963518,0.00141404
71,0.742288,0.313911,0.127075,0.691041,0.0145473,0.0963518,0.00141404
72,0.742288,0.313911,0.127075,0.691041,0.0145473,0.0963518,0.00141404
73,0.742288,0.313911,0.127075,0.691041,0.0145473,0.0963518,0.00141404
74,0.770472,0.308095,0.122495,0.699013,0.0155072,0.0867988,0.00120491
75,0.770472,0.308095,0.122495,0.699013,0.0155072,0.0867988,0.00120491
76,0.770472,0.308095,0.122495,0.699013,0.0155072,0.0867988,0.00120491
77,0.727809,0.291598,0.11088,0.696096,0.0258468,0.0820611,0.000830332
78,0.727809,0.291598,0.11088,0.696096,0.0258468,0.0820611,0.000830332
79,0.727809,0.291598,0.11088,0.696096,0.0258468,0.0820611,0.000830332
80,0.727809,0.291598,0.11088,0.696096,0.0258468,0.0820611,0.000830332
81,0.727809,0.291598,0.11088,0.696096,0.0258468,0.0820611,0.000830332
82,0.727809,0.291598,0.11088,0.696096,0.0258468,0.0820611,0.000830332
83,0.727809,0.291598,0.11088,0.696096,0.0258468,0.0820611,0.000830332
84,0.727809,0.291598,0.11088,0.696096,0.0258468,0.0820611,0.000830332
85,0.727809,0.291598,0.11088,0.696096,0.0258468,0.0820611,0.000830332
86,0.727809,0.291598,0.11088,0.696096,0.0258468,0.0820611,0.000830332
87,0.727809,0.291598,0.11088,0.696096,0.0258468,0.0820611,0.000830332
88,0.727809,0.291598,0.11088,0.696096,0.0258468,0.0820611,0.000830332
89,0.727809,0.291598,0.11088,0.696096,0.0258468,0.0820611,0.000830332
90,0.727809,0.291598,0.11088,0.696096,0.0258468,0.0820611,0.000830332
91,0.727809,0.291598,0.11088,0.696096,0.0258468,0.0820611,0.000830332
92,0.727809,0.291598,0.11088,0.696096,0.0258468,0.0820611,0.000830332
93,0.727809,0.291598,0.11088,0.696096,0.0258468,0.0820611,0.000830332
94,0.727809,0.291598,0.11088,0.696096,0.0258468,0.0820611,0.000830332
95,0.727809,0.291598,0.11088,0.696096,0.0258468,0.0820611,0.000830332
96,0.727809,0.291598,0.11088,0.696096,0.0258468,0.0820611,0.000830332
97,0.727809,0.291598,0.11088,0.696096,0.0258468,0.0820611,0.000830332
98,0.727809,0.291598,0.11088,0.696096,0.0258468,0.0820611,0.000830332
99,0.727809,0.291598,0.11088,0.696096,0.0258468,0.0820611,0.000830332
100,0.727809,0.291598,0.11088,0.696096,0.0258468,0.0820611,0.000830332
101,0.727809,0.291598,0.11088,0.696096,0.0258468,0.0820611,0.000830332
102,0.727809,0.291598,0.11088,0.696096,0.0258468,0.0820611,0.000830332
103,0.736116,0.282589,0.114121,0.696557,0.0227449,0.0837979,0.000609104
104,0.736116,0.282589,0.114121,0.696557,0.0227449,0.0837979,0.000609104
105,0.736116,0.282589,0.114121,0.696557,0.0227449,0.0837979,0.000609104
106,0.736116,0.282589,0.114121,0.696557,0.0227449,0.0837979,0.000609104
107,0.736116,0.282589,0.114121,0.696557,0.0227449,0.0837979,0.000609104
108,0.736116,0.282589,0.114121,0.696557,0.0227449,0.0837979,0.000609104
109,0.736116,0.282589,0.114121,0.696557,0.0227449,0.0837979,0.000609104
110,0.736116,0.282589,0.114121,0.696557,0.0227449,0.0837979,0.000609104
111,0.736116,0.282589,0.114121,0.696557,0.0227449,0.0837979,0.000609104
112,0.736116,0.282589,0.114121,0.696557,0.0227449,0.0837979,0.000609104
113,0.736116,0.282589,0.114121,0.696557,0.0227449,0.0837979,0.000609104
114,0.736116,0.282589,0.114121,0.696557,0.0227449,0.0837979,0.000609104
115,0.736116,0.282589,0.114121,0.696557,0.0227449,0.0837979,0.000609104
116,0.736116,0.282589,0.114121,0.696557,0.0227449,0.0837979,0.000609104
117,0.736116,0.282589,0.114121,0.696557,0.0227449,0.0837979,0.000609104
118,0.736116,0.282589,0.114121,0.696557,0.0227449,0.0837979,0.000607643
119,0.736116,0.282589,0.114121,0.696557,0.0227449,0.0837979,0.000607643
120,0.736116,0.282589,0.114121,0.696557,0.0227449,0.0837979,0.000607643
121,0.736116,0.282589,0.114121,0.696557,0.0227449,0.0837979,0.000607643
122,0.736116,0.282589,0.114121,0.696557,0.0227449,0.0837979,0.000607643
123,0.736116,0.282589,0.114121,0.696557,0.0227449,0.0837979,0.000607643
124,0.736116,0.282589,0.114121,0.696557,0.0227449,0.0837979,0.000607643
125,0.736116,0.282589,0.114121,0.696557,0.0227449,0.0837979,0.000607643
126,0.736116,0.282589,0.114121,0.696557,0.0227449,0.0837979,0.000607643
127,0.736116,0.282589,0.114121,0.696557,0.0227449,0.0837979,0.000607643
128,0.736116,0.282589,0.114121,0.696557,0.0227449,0.0837979,0.000607643
129,0.736116,0.282589,0.114121,0.696557,0.0227449,0.0837979,0.000607643
130,0.736116,0.282589,0.114121,0.696557,0.0227449,0.0837979,0.000607643
131,0.736116,0.282589,0.114121,0.696557,0.0227449,0.0837979,0.000607643
132,0.736116,0.282589,0.114121,0.696557,0.0227449,0.0837979,0.000607643
133,0.736116,0.282589,0.114121,0.696557,0.0227449,0.0837979,0.000607643
134,0.736116,0.282589,0.114121,0.696557,0.0227449,0.0837979,0.000607643
135,0.736116,0.282589,0.114121,0.696557,0.0227449,0.0837979,0.000607643
136,0.736116,0.282589,0.114121,0.696557,0.0227449,0.0837979,0.000607643
137,0.736116,0.282589,0.114121,0.696557,0.0227449,0.0837979,0.000607643
138,0.736116,0.282589,0.114121,0.696557,0.0227449,0.0837979,0.000607643
139,0.736116,0.282589,0.114121,0.696557,0.0227449,0.0837979,0.000607643
140,0.736116,0.282589,0.114121,0.696557,0.0227449,0.0837979,0.000607643
141,0.736116,0.282589,0.114121,0.696557,0.0227449,0.0837979,0.000607643
142,0.736116,0.282589,0.114121,0.696557,0.0227449,0.0837979,0.000607643
143,0.736116,0.282589,0.114121,0.696557,0.0227449,0.0837979,0.000607643
144,0.736116,0.282589,0.114121,0.696557,0.0227449,0.0837979,0.000607643
145,0.736116,0.282589,0.114121,0.696557,0.0227449,0.0837979,0.000607643
146,0.736116,0.282589,0.114121,0.696557,0.0227449,0.0837979,0.000607643
147,0.736116,0.282589,0.114121,0.696557,0.0227449,0.0837979,0.000607643
148,0.736116,0.282589,0.114121,0.696557,0.0227449,0.0837979,0.000607643
149,0.736116,0.282589,0.114121,0.696557,0.0227449,0.0837979,0.000607643
150,0.736116,0.282589,0.114121,0.696557,0.0227449,0.0837979,0.000607643
151,0.736116,0.282589,0.114121,0.696557,0.0227449,0.0837979,0.000607643
152,0.744658,0.31488,0.120061,0.703836,0.0202563,0.0874483,0.000540948
153,0.744658,0.31488,0.120061,0.703836,0.0202563,0.0874483,0.000540948
154,0.744658,0.31488,0.120061,0.703836,0.0202563,0.0874483,0.000540948
155,0.744658,0.31488,0.120061,0.703836,0.0202563,0.0874483,0.000540948
156,0.744658,0.31488,0.120061,0.703836,0.0202563,0.0874483,0.000540948
157,0.742995,0.294185,0.116276,0.691744,0.0199843,0.0842587,0.000531817
158,0.742995,0.294185,0.116276,0.691744,0.0199843,0.0842587,0.000531817
159,0.742995,0.294185,0.116276,0.691744,0.0199843,0.0842587,0.000531817
160,0.742995,0.294185,0.116276,0.691744,0.0199843,0.0842587,0.000531817
161,0.742995,0.294185,0.116276,0.691744,0.0199843,0.0842587,0.000531817
162,0.742995,0.294185,0.116276,0.691744,0.0199843,0.0842587,0.000531817
163,0.742995,0.294185,0.116276,0.691744,0.0199843,0.0842587,0.000531817
164,0.736501,0.282652,0.114298,0.690902,0.0212193,0.082488,0.000521868
165,0.736501,0.282652,0.114298,0.690902,0.0212193,0.082488,0.000521868
166,0.736501,0.282652,0.114298,0.690902,0.0212193,0.082488,0.000521868
167,0.736501,0.282652,0.114298,0.690902,0.0212193,0.082488,0.000521868
168,0.736501,0.282652,0.114298,0.690902,0.0212193,0.082488,0.000521868
169,0.736501,0.282652,0.114298,0.690902,0.0212193,0.082488,0.000522258
170,0.736501,0.282652,0.114298,0.690902,0.0212193,0.082488,0.000522258
171,0.736501,0.282652,0.114298,0.690902,0.0212193,0.082488,0.000522258
172,0.736501,0.282652,0.114298,0.690902,0.0212193,0.082488,0.000522258
173,0.736501,0.282652,0.114298,0.690902,0.0212193,0.082488,0.000522258
174,0.736501,0.282652,0.114298,0.690902,0.0212193,0.082488,0.000522258
175,0.736501,0.282652,0.114298,0.690902,0.0212193,0.082488,0.000522258
176,0.736501,0.282652,0.114298,0.690902,0.0212193,0.082488,0.000522258
177,0.736501,0.282652,0.114298,0.690902,0.0212193,0.082488,0.000522258
178,0.736501,0.282652,0.114298,0.690902,0.0212193,0.082488,0.000522258
179,0.736501,0.282652,0.114298,0.690902,0.0212193,0.082488,0.000522258
180,0.736501,0.282652,0.114298,0.690902,0.0212193,0.082488,0.000522258
181,0.736501,0.282652,0.114298,0.690902,0.0212193,0.082488,0.000522258
182,0.736501,0.282652,0.114298,0.690902,0.0212193,0.082488,0.000522258
183,0.736501,0.282652,0.114298,0.690902,0.0212193,0.082488,0.000522258
184,0.736501,0.282652,0.114298,0.690902,0.0212193,0.082488,0.000522258
185,0.736501,0.282652,0.114298,0.690902,0.0212193,0.082488,0.000522258
186,0.736501,0.282652,0.114298,0.690902,0.0212193,0.082488,0.000522258
187,0.736501,0.282652,0.114298,0.690902,0.0212193,0.082488,0.000522258
188,0.736501,0.282652,0.114298,0.690902,0.0212193,0.082488,0.000522258
189,0.736501,0.282652,0.114298,0.690902,0.0212193,0.082488,0.000522258
190,0.736501,0.282652,0.114298,0.690902,0.0212193,0.082488,0.000522258
191,0.736501,0.282652,0.114298,0.690902,0.0212193,0.082488,0.000522258
192,0.736501,0.282652,0.114298,0.690902,0.0212193,0.082488,0.000522258
193,0.736501,0.282652,0.114298,0.690902,0.0212193,0.082488,0.000522258
194,0.736501,0.282652,0.114298,0.690902,0.0212193,0.082488,0.000522258
195,0.736501,0.282652,0.114298,0.690902,0.0212193,0.082488,0.000522258
196,0.736501,0.282652,0.114298,0.690902,0.0212193,0.082488,0.000522258
197,0.736501,0.282652,0.114298,0.690902,0.0212193,0.082488,0.000522258
198,0.736501,0.282652,0.114298,0.690902,0.0212193,0.082488,0.000522258
199,0.736501,0.282652,0.114298,0.690902,0.0212193,0.082488,0.000522258
200,0.736501,0.282652,0.114298,0.690902,0.0212193,0.082488,0.000522258
201,0.736501,0.282652,0.114298,0.690902,0.0212193,0.082488,0.000522258
202,0.736501,0.282652,0.114298,0.690902,0.0212193,0.082488,0.000522258
203,0.736501,0.282652,0.114298,0.690902,0.0212193,0.082488,0.000522258
204,0.736501,0.282652,0.114298,0.690902,0.0212193,0.082488,0.000522258
205,0.736501,0.282652,0.114298,0.690902,0.0212193,0.082488,0.000522258
206,0.736501,0.282652,0.114298,0.690902,0.0212193,0.082488,0.000522258
207,0.736501,0.282652,0.114298,0.690902,0.0212193,0.082488,0.000522258
208,0.736501,0.282652,0.114298,0.690902,0.0212193,0.082488,0.000522258
209,0.736501,0.282652,0.114298,0.690902,0.0212193,0.082488,0.000522258
210,0.736501,0.282652,0.114298,0.690902,0.0212193,0.082488,0.000522258
211,0.736501,0.282652,0.114298,0.690902,0.0212193,0.082488,0.000522258
212,0.736501,0.282652,0.114298,0.690902,0.0212193,0.082488,0.000522258
213,0.736501,0.282652,0.114298,0.690902,0.0212193,0.082488,0.000522258
214,0.736501,0.282652,0.114298,0.690902,0.0212193,0.082488,0.000522258
215,0.736501,0.282652,0.114298,0.690902,0.0212193,0.082488,0.000522258
216,0.736501,0.282652,0.114298,0.690902,0.0212193,0.082488,0.000522258
217,0.736501,0.282652,0.114298,0.690902,0.0212193,0.082488,0.000522258
218,0.736501,0.282652,0.114298,0.690902,0.0212193,0.082488,0.000522258
219,0.736501,0.282652,0.114298,0.690902,0.0212193,0.082488,0.000522258
220,0.736501,0.282652,0.114298,0.690902,0.0212193,0.082488,0.000522258
221,0.736501,0.282652,0.114298,0.690902,0.0212193,0.082488,0.000522258
222,0.736501,0.282652,0.114298,0.690902,0.0212193,0.082488,0.000522258
223,0.736501,0.282652,0.114298,0.690902,0.0212193,0.082488,0.000522258
224,0.736501,0.282652,0.114298,0.690902,0.0212193,0.082488,0.000522258
225,0.736501,0.282652,0.114298,0.690902,0.0212193,0.082488,0.000522258
226,0.736501,0.282652,0.114298,0.690902,0.0212193,0.082488,0.000522258
227,0.736501,0.282652,0.114298,0.690902,0.0212193,0.082488,0.000522258
228,0.736501,0.282652,0.114298,0.690902,0.0212193,0.082488,0.000522258
229,0.736501,0.282652,0.114298,0.690902,0.0212193,0.082488,0.000522258
230,0.736501,0.282652,0.114298,0.690902,0.0212193,0.082488,0.000522258
231,0.736501,0.282652,0.114298,0.690902,0.0212193,0.082488,0.000522258
232,0.736501,0.282652,0.114298,0.690902,0.0212193,0.082488,0.000522258
233,0.736501,0.282652,0.114298,0.690902,0.0212193,0.082488,0.000522258
234,0.736501,0.282652,0.114298,0.690902,0.0212193,0.082488,0.000522258
235,0.736501,0.282652,0.114298,0.690902,0.0212193,0.082488,0.000522258
236,0.736501,0.282652,0.114298,0.690902,0.0212193,0.082488,0.000522258
237,0.736501,0.282652,0.114298,0.690902,0.0212193,0.082488,0.000522258
238,0.736501,0.282652,0.114298,0.690902,0.0212193,0.082488,0.000522258
239,0.736501,0.282652,0.114298,0.690902,0.0212193,0.082488,0.000522258
240,0.736501,0.282652,0.114298,0.690902,0.0212193,0.082488,0.000522258
241,0.736501,0.282652,0.114298,0.690902,0.0212193,0.082488,0.000522258
242,0.736501,0.282652,0.114298,0.690902,0.0212193,0.082488,0.000522258
243,0.736501,0.282652,0.114298,0.690902,0.0212193,0.082488,0.000522258
244,0.736501,0.282652,0.114298,0.690902,0.0212193,0.082488,0.000522258
245,0.736501,0.282652,0.114298,0.690902,0.0212193,0.082488,0.000522258
246,0.736501,0.282652,0.114298,0.690902,0.0212193,0.082488,0.000522258
247,0.736501,0.282652,0.114298,0.690902,0.0212193,0.082488,0.000522258
248,0.736501,0.282652,0.114298,0.690902,0.0212193,0.082488,0.000522258
249,0.736501,0.282652,0.114298,0.690902,0.0212193,0.082488,0.000522258
250,0.736501,0.282652,0.114298,0.690902,0.0212193,0.082488,0.000522258
251,0.736501,0.282652,0.114298,0.690902,0.0212193,0.082488,0.000522258
252,0.736501,0.282652,0.114298,0.690902,0.0212193,0.082488,0.000522258
253,0.736501,0.282652,0.114298,0.690902,0.0212193,0.082488,0.000522258
254,0.736501,0.282652,0.114298,0.690902,0.0212193,0.082488,0.000522258
255,0.736501,0.282652,0.114298,0.690902,0.0212193,0.082488,0.000522258
256,0.736501,0.282652,0.114298,0.690902,0.0212193,0.082488,0.000522258
257,0.736501,0.282652,0.114298,0.690902,0.0212193,0.082488,0.000522258
258,0.736501,0.282652,0.114298,0.690902,0.0212193,0.082488,0.000522258
259,0.736501,0.282652,0.114298,0.690902,0.0212193,0.082488,0.000522258
260,0.736501,0.282652,0.114298,0.690902,0.0212193,0.082488,0.000522258
261,0.736501,0.282652,0.114298,0.690902,0.0212193,0.082488,0.000522258
262,0.736501,0.282652,0.114298,0.690902,0.0212193,0.082488,0.000522258
263,0.736501,0.282652,0.114298,0.690902,0.0212193,0.082488,0.000522258
264,0.736501,0.282652,0.114298,0.690902,0.0212193,0.082488,0.000522258
265,0.736501,0.282652,0.114298,0.690902,0.0212193,0.082488,0.000522258
266,0.736501,0.282652,0.114298,0.690902,0.0212193,0.082488,0.000522258
267,0.736501,0.282652,0.114298,0.690902,0.0212193,0.082488,0.000522258
268,0.736501,0.282652,0.114298,0.690902,0.0212193,0.082488,0.000522258
269,0.739009,0.286891,0.113721,0.684843,0.0207388,0.0819906,0.000515432
270,0.739009,0.286891,0.113721,0.684843,0.0207388,0.0819906,0.000515432
271,0.739009,0.286891,0.113721,0.684843,0.0207388,0.0819906,0.000515445
272,0.739009,0.286891,0.113721,0.684843,0.0207388,0.0819906,0.000515445
273,0.739009,0.286891,0.113721,0.684843,0.0207388,0.0819906,0.000515445
274,0.739009,0.286891,0.113721,0.684843,0.0207388,0.0819906,0.000515445
275,0.739009,0.286891,0.113721,0.684843,0.0207388,0.0819906,0.000515445
276,0.739009,0.286891,0.113721,0.684843,0.0207388,0.0819906,0.000515445
277,0.739009,0.286891,0.113721,0.684843,0.0207388,0.0819906,0.000515445
278,0.739009,0.286891,0.113721,0.684843,0.0207388,0.0819906,0.000515445
279,0.739009,0.286891,0.113721,0.684843,0.0207388,0.0819906,0.000515445
280,0.739009,0.286891,0.113721,0.684843,0.0207388,0.0819906,0.000515445
281,0.739009,0.286891,0.113721,0.684843,0.0207388,0.0819906,0.000515445
282,0.739009,0.286891,0.113721,0.684843,0.0207388,0.0819906,0.000515445
283,0.739009,0.286891,0.113721,0.684843,0.0207388,0.0819906,0.000515445
284,0.739009,0.286891,0.113721,0.684843,0.0207388,0.0819906,0.000515445
285,0.739009,0.286891,0.113721,0.684843,0.0207388,0.0819906,0.000515445
286,0.739009,0.286891,0.113721,0.684843,0.0207388,0.0819906,0.000515445
287,0.739009,0.286891,0.113721,0.684843,0.0207388,0.0819906,0.000515445
288,0.739009,0.286891,0.113721,0.684843,0.0207388,0.0819906,0.000515445
289,0.739009,0.286891,0.113721,0.684843,0.0207388,0.0819906,0.000515445
290,0.739009,0.286891,0.113721,0.684843,0.0207388,0.0819906,0.000515445
291,0.739009,0.286891,0.113721,0.684843,0.0207388,0.0819906,0.000515445
292,0.739009,0.286891,0.113721,0.684843,0.0207388,0.0819906,0.000515445
293,0.739009,0.286891,0.113721,0.684843,0.0207388,0.0819906,0.000515445
294,0.739009,0.286891,0.113721,0.684843,0.0207388,0.0819906,0.000515445
295,0.739009,0.286891,0.113721,0.684843,0.0207388,0.0819906,0.000515445
296,0.739009,0.286891,0.113721,0.684843,0.0207388,0.0819906,0.000515445
297,0.739009,0.286891,0.113721,0.684843,0.0207388,0.0819906,0.000515445
298,0.739009,0.286891,0.113721,0.684843,0.0207388,0.0819906,0.000515445
299,0.739009,0.286891,0.113721,0.684843,0.0207388,0.0819906,0.000515445
300,0.739009,0.286891,0.113721,0.684843,0.0207388,0.0819906,0.000515445
301,0.739009,0.286891,0.113721,0.684843,0.0207388,0.0819906,0.000515445
302,0.739009,0.286891,0.113721,0.684843,0.0207388,0.0819906,0.000515445
303,0.739009,0.286891,0.113721,0.684843,0.0207388,0.0819906,0.000515445
304,0.739009,0.286891,0.113721,0.684843,0.0207388,0.0819906,0.000515445
305,0.739009,0.286891,0.113721,0.684843,0.0207388,0.0819906,0.000515445
306,0.739009,0.286891,0.113721,0.684843,0.0207388,0.0819906,0.000515445
307,0.739009,0.286891,0.113721,0.684843,0.0207388,0.0819906,0.000515445
308,0.739009,0.286891,0.113721,0.684843,0.0207388,0.0819906,0.000515445
309,0.739009,0.286891,0.113721,0.684843,0.0207388,0.0819906,0.000515445
310,0.739009,0.286891,0.113721,0.684843,0.0207388,0.0819906,0.000515445
311,0.739009,0.286891,0.113721,0.684843,0.0207388,0.0819906,0.000515445
312,0.739009,0.286891,0.113721,0.684843,0.0207388,0.0819906,0.000515445
313,0.739009,0.286891,0.113721,0.684843,0.0207388,0.0819906,0.000515445
314,0.739009,0.286891,0.113721,0.684843,0.0207388,0.0819906,0.000515445
315,0.739009,0.286891,0.113721,0.684843,0.0207388,0.0819906,0.000515445
316,0.739009,0.286891,0.113721,0.684843,0.0207388,0.0819906,0.000515445
317,0.739009,0.286891,0.113721,0.684843,0.0207388,0.0819906,0.000515445
318,0.739009,0.286891,0.113721,0.684843,0.0207388,0.0819906,0.000515445
319,0.739009,0.286891,0.113721,0.684843,0.0207388,0.0819906,0.000515445
320,0.739009,0.286891,0.113721,0.684843,0.0207388,0.0819906,0.000515445
321,0.739009,0.286891,0.113721,0.684843,0.0207388,0.0819906,0.000515445
322,0.739009,0.286891,0.113721,0.684843,0.0207388,0.0819906,0.000515445
323,0.739009,0.286891,0.113721,0.684843,0.0207388,0.0819906,0.000515445
324,0.739009,0.286891,0.113721,0.684843,0.0207388,0.0819906,0.000515445
325,0.739009,0.286891,0.113721,0.684843,0.0207388,0.0819906,0.000515445
326,0.739009,0.286891,0.113721,0.684843,0.0207388,0.0819906,0.000515445
327,0.739009,0.286891,0.113721,0.684843,0.0207388,0.0819906,0.000515445
328,0.739009,0.286891,0.113721,0.684843,0.0207388,0.0819906,0.000515445
329,0.739009,0.286891,0.113721,0.684843,0.0207388,0.0819906,0.000515445
330,0.739009,0.286891,0.113721,0.684843,0.0207388,0.0819906,0.000515445
331,0.739009,0.286891,0.113721,0.684843,0.0207388,0.0819906,0.000515445
332,0.739009,0.286891,0.113721,0.684843,0.0207388,0.0819906,0.000515445
333,0.739009,0.286891,0.113721,0.684843,0.0207388,0.0819906,0.000515445
334,0.739009,0.286891,0.113721,0.684843,0.0207388,0.0819906,0.000515445
335,0.739009,0.286891,0.113721,0.684843,0.0207388,0.0819906,0.000515445
336,0.739009,0.286891,0.113721,0.684843,0.0207388,0.0819906,0.000515445
337,0.739009,0.286891,0.113721,0.684843,0.0207388,0.0819906,0.000515445
338,0.739009,0.286891,0.113721,0.684843,0.0207388,0.0819906,0.000515445
339,0.739009,0.286891,0.113721,0.684843,0.0207388,0.0819906,0.000515445
340,0.739009,0.286891,0.113721,0.684843,0.0207388,0.0819906,0.000515445
341,0.714189,0.28688,0.113654,0.673455,0.019384,0.0818305,0.000507967
342,0.714189,0.28688,0.113654,0.673455,0.019384,0.0818305,0.000507967
343,0.714189,0.28688,0.113654,0.673455,0.019384,0.0818305,0.000507967
344,0.714189,0.28688,0.113654,0.673455,0.019384,0.0818305,0.000507967
345,0.714189,0.28688,0.113654,0.673455,0.019384,0.0818305,0.000507967
346,0.714189,0.28688,0.113654,0.673455,0.019384,0.0818305,0.000507967
347,0.714189,0.28688,0.113654,0.673455,0.019384,0.0818305,0.000507967
348,0.714189,0.28688,0.113654,0.673455,0.019384,0.0818305,0.000507967
349,0.714189,0.28688,0.113654,0.673455,0.019384,0.0818305,0.000507967
350,0.714189,0.28688,0.113654,0.673455,0.019384,0.0818305,0.000507967
351,0.714189,0.28688,0.113654,0.673455,0.019384,0.0818305,0.000507967
352,0.714189,0.28688,0.113654,0.673455,0.019384,0.0818305,0.000507967
353,0.714189,0.28688,0.113654,0.673455,0.019384,0.0818305,0.000507967
354,0.714189,0.28688,0.113654,0.673455,0.019384,0.0818305,0.000507967
355,0.714189,0.28688,0.113654,0.673455,0.019384,0.0818305,0.000507967
356,0.714189,0.28688,0.113654,0.673455,0.019384,0.0818305,0.000507967
357,0.714189,0.28688,0.113654,0.673455,0.019384,0.0818305,0.000507967
358,0.714189,0.28688,0.113654,0.673455,0.019384,0.0818305,0.000507967
359,0.714189,0.28688,0.113654,0.673455,0.019384,0.0818305,0.000507967
360,0.714189,0.28688,0.113654,0.673455,0.019384,0.0818305,0.000507967
361,0.714189,0.28688,0.113654,0.673455,0.019384,0.0818305,0.000507967
362,0.714189,0.28688,0.113654,0.673455,0.019384,0.0818305,0.000507967
363,0.714189,0.28688,0.113654,0.673455,0.019384,0.0818305,0.000507967
364,0.714189,0.28688,0.113654,0.673455,0.019384,0.0818305,0.000507967
365,0.714189,0.28688,0.113654,0.673455,0.019384,0.0818305,0.000507967
366,0.714189,0.28688,0.113654,0.673455,0.019384,0.0818305,0.000507967
367,0.714189,0.28688,0.113654,0.673455,0.019384,0.0818305,0.000507967
368,0.714189,0.28688,0.113654,0.673455,0.019384,0.0818305,0.000507967
369,0.714189,0.28688,0.113654,0.673455,0.019384,0.0818305,0.000507967
370,0.714189,0.28688,0.113654,0.673455,0.019384,0.0818305,0.000507967
371,0.714189,0.28688,0.113654,0.673455,0.019384,0.0818305,0.000507967
372,0.730924,0.288845,0.113432,0.678594,0.0202692,0.0819648,0.000507745
373,0.730924,0.288845,0.113432,0.678594,0.0202692,0.0819648,0.000507752
374,0.730924,0.288845,0.113432,0.678594,0.0202692,0.0819648,0.000507752
375,0.730924,0.288845,0.113432,0.678594,0.0202692,0.0819648,0.000507752
376,0.730924,0.288845,0.113432,0.678594,0.0202692,0.0819648,0.000507752
377,0.730924,0.288845,0.113432,0.678594,0.0202692,0.0819648,0.000507752
378,0.730924,0.288845,0.113432,0.678594,0.0202692,0.0819648,0.000507752
379,0.730924,0.288845,0.113432,0.678594,0.0202692,0.0819648,0.000507752
380,0.730924,0.288845,0.113432,0.678594,0.0202692,0.0819648,0.000507752
381,0.730924,0.288845,0.113432,0.678594,0.0202692,0.0819648,0.000507752
382,0.730924,0.288845,0.113432,0.678594,0.0202692,0.0819648,0.000507752
383,0.730924,0.288845,0.113432,0.678594,0.0202692,0.0819648,0.000507752
384,0.730066,0.288064,0.11319,0.677603,0.0202519,0.0817568,0.000507126
385,0.730066,0.288064,0.11319,0.677603,0.0202519,0.0817568,0.000507126
386,0.730066,0.288064,0.11319,0.677603,0.0202519,0.0817568,0.000507126
387,0.730066,0.288064,0.11319,0.677603,0.0202519,0.0817568,0.000507126
388,0.730066,0.288064,0.11319,0.677603,0.0202519,0.0817568,0.000507126
389,0.730066,0.288064,0.11319,0.677603,0.0202519,0.0817568,0.000507126
390,0.73008,0.302046,0.109391,0.679618,0.0236011,0.0780689,0.000500855
391,0.73008,0.302046,0.109391,0.679618,0.0236011,0.0780689,0.000500855
392,0.73008,0.302046,0.109391,0.679618,0.0236011,0.0780689,0.000500855
393,0.73008,0.302046,0.109391,0.679618,0.0236011,0.0780689,0.000500855
394,0.73008,0.302046,0.109391,0.679618,0.0236011,0.0780689,0.000500855
395,0.73008,0.302046,0.109391,0.679618,0.0236011,0.0780689,0.000500855
396,0.73008,0.302046,0.109391,0.679618,0.0236011,0.0780689,0.000500855
397,0.73008,0.302046,0.109391,0.679618,0.0236011,0.0780689,0.000500855
398,0.73008,0.302046,0.109391,0.679618,0.0236011,0.0780689,0.000500855
399,0.73008,0.302046,0.109391,0.679618,0.0236011,0.0780689,0.000500855
400,0.73008,0.302046,0.109391,0.679618,0.0236011,0.0780689,0.000500855
401,0.73008,0.302046,0.109391,0.679618,0.0236011,0.0780689,0.000500855
402,0.73008,0.302046,0.109391,0.679618,0.0236011,0.0780689,0.000500855
403,0.721355,0.298525,0.109773,0.679735,0.0233526,0.078559,0.000499819
404,0.721355,0.298525,0.109773,0.679735,0.0233526,0.078559,0.000499819
405,0.722377,0.298775,0.109573,0.678114,0.0232759,0.0782962,0.000499121
406,0.722377,0.298775,0.109573,0.678114,0.0232759,0.0782962,0.000499121
407,0.723392,0.296777,0.109391,0.677848,0.0232957,0.0781576,0.000498639
408,0.723392,0.296777,0.109391,0.677848,0.0232957,0.0781576,0.000498639
409,0.723392,0.296777,0.109391,0.677848,0.0232957,0.0781576,0.000498639
410,0.723392,0.296777,0.109391,0.677848,0.0232957,0.0781576,0.000498639
411,0.723392,0.296777,0.109391,0.677848,0.0232957,0.0781576,0.000498639
412,0.723392,0.296777,0.109391,0.677848,0.0232957,0.0781576,0.000498639
413,0.723392,0.296777,0.109391,0.677848,0.0232957,0.0781576,0.000498639
414,0.723392,0.296777,0.109391,0.677848,0.0232957,0.0781576,0.000498639
415,0.723392,0.296777,0.109391,0.677848,0.0232957,0.0781576,0.000498639
416,0.723392,0.296777,0.109391,0.677848,0.0232957,0.0781576,0.000498639
417,0.723392,0.296777,0.109391,0.677848,0.0232957,0.0781576,0.000498639
418,0.72213,0.297587,0.109582,0.678789,0.0233139,0.0783571,0.000498262
419,0.72213,0.297587,0.109582,0.678789,0.0233139,0.0783571,0.000498262
420,0.72213,0.297587,0.109582,0.678789,0.0233139,0.0783571,0.000498262
421,0.72213,0.297587,0.109582,0.678789,0.0233139,0.0783571,0.000498262
422,0.72213,0.297587,0.109582,0.678789,0.0233139,0.0783571,0.000498262
423,0.72213,0.297587,0.109582,0.678789,0.0233139,0.0783571,0.000498262
424,0.72213,0.297587,0.109582,0.678789,0.0233139,0.0783571,0.00049809
425,0.72213,0.297587,0.109582,0.678789,0.0233139,0.0783571,0.00049809
426,0.72213,0.297587,0.109582,0.678789,0.0233139,0.0783571,0.00049809
427,0.72213,0.297587,0.109582,0.678789,0.0233139,0.0783571,0.00049809
428,0.72213,0.297587,0.109582,0.678789,0.0233139,0.0783571,0.00049809
429,0.72213,0.297587,0.109582,0.678789,0.0233139,0.0783571,0.00049809
430,0.72213,0.297587,0.109582,0.678789,0.0233139,0.0783571,0.00049809
431,0.72213,0.297587,0.109582,0.678789,0.0233139,0.0783571,0.00049809
432,0.72213,0.297587,0.109582,0.678789,0.0233139,0.0783571,0.00049809
433,0.72213,0.297587,0.109582,0.678789,0.0233139,0.0783571,0.00049809
434,0.72213,0.297587,0.109582,0.678789,0.0233139,0.0783571,0.00049809
435,0.72213,0.297587,0.109582,0.678789,0.0233139,0.0783571,0.00049809
436,0.72213,0.297587,0.109582,0.678789,0.0233139,0.0783571,0.00049809
437,0.72213,0.297587,0.109582,0.678789,0.0233139,0.0783571,0.00049809
438,0.72213,0.297587,0.109582,0.678789,0.0233139,0.0783571,0.00049809
439,0.72213,0.297587,0.109582,0.678789,0.0233139,0.0783571,0.00049809
440,0.72213,0.297587,0.109582,0.678789,0.0233139,0.0783571,0.00049809
441,0.72213,0.297587,0.109582,0.678789,0.0233139,0.0783571,0.00049809
442,0.72213,0.297587,0.109582,0.678789,0.0233139,0.0783571,0.00049809
443,0.72213,0.297587,0.109582,0.678789,0.0233139,0.0783571,0.00049809
444,0.72213,0.297587,0.109582,0.678789,0.0233139,0.0783571,0.00049809
445,0.72213,0.297587,0.109582,0.678789,0.0233139,0.0783571,0.00049809
446,0.72213,0.297587,0.109582,0.678789,0.0233139,0.0783571,0.00049809
447,0.72213,0.297587,0.109582,0.678789,0.0233139,0.0783571,0.00049809
448,0.72213,0.297587,0.109582,0.678789,0.0233139,0.0783571,0.00049809
449,0.72213,0.297587,0.109582,0.678789,0.0233139,0.0783571,0.00049809
450,0.72213,0.297587,0.109582,0.678789,0.0233139,0.0783571,0.00049809
451,0.72213,0.297587,0.109582,0.678789,0.0233139,0.0783571,0.00049809
452,0.72213,0.297587,0.109582,0.678789,0.0233139,0.0783571,0.00049809
453,0.72213,0.297587,0.109582,0.678789,0.0233139,0.0783571,0.00049809
454,0.72213,0.297587,0.109582,0.678789,0.0233139,0.0783571,0.00049809
455,0.72213,0.297587,0.109582,0.678789,0.0233139,0.0783571,0.00049809
456,0.72213,0.297587,0.109582,0.678789,0.0233139,0.0783571,0.00049809
457,0.72213,0.297587,0.109582,0.678789,0.0233139,0.0783571,0.00049809
458,0.72213,0.297587,0.109582,0.678789,0.0233139,0.0783571,0.00049809
459,0.72213,0.297587,0.109582,0.678789,0.0233139,0.0783571,0.00049809
460,0.72213,0.297587,0.109582,0.678789,0.0233139,0.0783571,0.00049809
461,0.72213,0.297587,0.109582,0.678789,0.0233139,0.0783571,0.00049809
462,0.72213,0.297587,0.109582,0.678789,0.0233139,0.0783571,0.00049809
463,0.72213,0.297587,0.109582,0.678789,0.0233139,0.0783571,0.00049809
464,0.72213,0.297587,0.109582,0.678789,0.0233139,0.0783571,0.00049809
465,0.72213,0.297587,0.109582,0.678789,0.0233139,0.0783571,0.00049809
466,0.73132,0.297403,0.109429,0.678734,0.0232838,0.0782777,0.000497052
467,0.73132,0.297403,0.109429,0.678734,0.0232838,0.0782777,0.000497052
468,0.73132,0.297403,0.109429,0.678734,0.0232838,0.0782777,0.000497052
469,0.73132,0.297403,0.109429,0.678734,0.0232838,0.0782777,0.000497052
470,0.73132,0.297403,0.109429,0.678734,0.0232838,0.0782777,0.000497052
471,0.73132,0.297403,0.109429,0.678734,0.0232838,0.0782777,0.000497052
472,0.73132,0.297403,0.109429,0.678734,0.0232838,0.0782777,0.000497052
473,0.73132,0.297403,0.109429,0.678734,0.0232838,0.0782777,0.000497052
474,0.73132,0.297403,0.109429,0.678734,0.0232838,0.0782777,0.000497052
475,0.73132,0.297403,0.109429,0.678734,0.0232838,0.0782777,0.00049701
476,0.73132,0.297403,0.109429,0.678734,0.0232838,0.0782777,0.00049701
477,0.73132,0.297403,0.109429,0.678734,0.0232838,0.0782777,0.00049701
478,0.73132,0.297403,0.109429,0.678734,0.0232838,0.0782777,0.00049701
479,0.73132,0.297403,0.109429,0.678734,0.0232838,0.0782777,0.00049701
480,0.73132,0.297403,0.109429,0.678734,0.0232838,0.0782777,0.00049701
481,0.73132,0.297403,0.109429,0.678734,0.0232838,0.0782777,0.00049701
482,0.73132,0.297403,0.109429,0.678734,0.0232838,0.0782777,0.00049701
483,0.73132,0.297403,0.109429,0.678734,0.0232838,0.0782777,0.00049701
484,0.73132,0.297403,0.109429,0.678734,0.0232838,0.0782777,0.00049701
485,0.73132,0.297403,0.109429,0.678734,0.0232838,0.0782777,0.00049701
486,0.73132,0.297403,0.109429,0.678734,0.0232838,0.0782777,0.00049701
487,0.73132,0.297403,0.109429,0.678734,0.0232838,0.0782777,0.00049701
488,0.73132,0.297403,0.109429,0.678734,0.0232838,0.0782777,0.00049701
489,0.73132,0.297403,0.109429,0.678734,0.0232838,0.0782777,0.00049701
490,0.73132,0.297403,0.109429,0.678734,0.0232838,0.0782777,0.00049701
491,0.73132,0.297403,0.109429,0.678734,0.0232838,0.0782777,0.00049701
492,0.73132,0.297403,0.109429,0.678734,0.0232838,0.0782777,0.00049701
493,0.73132,0.297403,0.109429,0.678734,0.0232838,0.0782777,0.00049701
494,0.73132,0.297403,0.109429,0.678734,0.0232838,0.0782777,0.00049701
495,0.73132,0.297403,0.109429,0.678734,0.0232838,0.0782777,0.00049701
496,0.73132,0.297403,0.109429,0.678734,0.0232838,0.0782777,0.00049701
497,0.73132,0.297403,0.109429,0.678734,0.0232838,0.0782777,0.00049701
498,0.73132,0.297403,0.109429,0.678734,0.0232838,0.0782777,0.00049701
499,0.73132,0.297403,0.109429,0.678734,0.0232838,0.0782777,0.00049701
500,0.73132,0.297403,0.109429,0.678734,0.0232838,0.0782777,0.00049701
501,0.73132,0.297403,0.109429,0.678734,0.0232838,0.0782777,0.00049701
502,0.73132,0.297403,0.109429,0.678734,0.0232838,0.0782777,0.00049701
503,0.73132,0.297403,0.109429,0.678734,0.0232838,0.0782777,0.00049701
504,0.73132,0.297403,0.109429,0.678734,0.0232838,0.0782777,0.00049701
505,0.73132,0.297403,0.109429,0.678734,0.0232838,0.0782777,0.00049701
506,0.73132,0.297403,0.109429,0.678734,0.0232838,0.0782777,0.00049701
507,0.73132,0.297403,0.109429,0.678734,0.0232838,0.0782777,0.00049701
508,0.73132,0.297403,0.109429,0.678734,0.0232838,0.0782777,0.00049701
509,0.731273,0.297544,0.109355,0.678729,0.0233268,0.0782279,0.000496831
510,0.731273,0.297544,0.109355,0.678729,0.0233268,0.0782279,0.000496831
511,0.731273,0.297544,0.109355,0.678729,0.0233268,0.0782279,0.000496831
512,0.731273,0.297544,0.109355,0.678729,0.0233268,0.0782279,0.000496831
513,0.731272,0.297538,0.109358,0.678692,0.0233272,0.0782252,0.00049678
514,0.731272,0.297538,0.109358,0.678692,0.0233272,0.0782252,0.00049678
515,0.731272,0.297538,0.109358,0.678692,0.0233272,0.0782252,0.00049678
516,0.731272,0.297538,0.109358,0.678692,0.0233272,0.0782252,0.00049678
517,0.731272,0.297538,0.109358,0.678692,0.0233272,0.0782252,0.00049678
518,0.731272,0.297538,0.109358,0.678692,0.0233272,0.0782252,0.00049678
519,0.731272,0.297538,0.109358,0.678692,0.0233272,0.0782252,0.00049678
520,0.731272,0.297538,0.109358,0.678692,0.0233272,0.0782252,0.00049678
521,0.731272,0.297538,0.109358,0.678692,0.0233272,0.0782252,0.00049678
522,0.731272,0.297538,0.109358,0.678692,0.0233272,0.0782252,0.00049678
523,0.731272,0.297538,0.109358,0.678692,0.0233272,0.0782252,0.00049678
524,0.731272,0.297538,0.109358,0.678692,0.0233272,0.0782252,0.00049678
525,0.731272,0.297538,0.109358,0.678692,0.0233272,0.0782252,0.00049678
